conversation_id_str,created_at,favorite_count,full_text,id_str,image_url,in_reply_to_screen_name,lang,location,quote_count,reply_count,retweet_count,tweet_url,user_id_str,username
2006271894891421999,2025-12-31 23:03:14+00:00,0,@TikTocShop Mending ikut aku kita tuku kopi tuku,2006501429897572576,,TikTocShop,in,,0,0,0,https://x.com/ultramilk200ml/status/2006501429897572576,1557547036224126977,ultramilk200ml
2006439718020612428,2025-12-31 18:58:01+00:00,0,"menegak 4 gelas kst tuku, ada gila-gilanya gweh sbagai org yg (aslinya) g terlalu bisa minum kopi",2006439718020612428,,,in,,0,1,0,https://x.com/jwoomilton/status/2006439718020612428,1689168519093698560,jwoomilton
2006354947403812870,2025-12-31 18:00:42+00:00,104,"@txtdarionlshop Kopi: tuku, calf, jago, kopken, point coffee
Matcha: fore, sama point coffee

Udah jarang ngematcha, seringnya ngopi😭",2006425295604330595,,txtdarionlshop,in,,0,1,2,https://x.com/1woofm4tcha/status/2006425295604330595,1969956167238696960,1woofm4tcha
2006354947403812870,2025-12-31 17:35:18+00:00,1,"@txtdarionlshop Kopi : Tuku / Kopken
Matcha : Tomoro / Fore / Titik Koma",2006418901459153038,,txtdarionlshop,in,,0,0,0,https://x.com/zorayafzzzz/status/2006418901459153038,72212103,zorayafzzzz
2006405208985973023,2025-12-31 16:48:32+00:00,0,@shonenxnaifu Hoo. Mayan selisihe iso nggo tuku kopi wkwkw,2006407132015436022,,shonenxnaifu,in,,0,0,0,https://x.com/xttxqx/status/2006407132015436022,59734637,xttxqx
2006376481233236467,2025-12-31 14:46:44+00:00,0,Caffeine... caff...eine.. ☕️ *craving for sum tuku at this hour* ((bliau minat menghabiskan kopi dalam waktu setahun lamanya)) https://t.co/WngYz25LtP,2006376481233236467,https://pbs.twimg.com/media/G9gUxrbaAAARAbP.jpg,,in,,1,0,0,https://x.com/vsoyager/status/2006376481233236467,2362382426,vsoyager
2005841627558912078,2025-12-31 13:04:42+00:00,0,@segahalal Adanya kopi tuku :(,2006350802122850519,,segahalal,in,,0,0,0,https://x.com/rforroberts/status/2006350802122850519,974145962003152896,rforroberts
2006344124392472662,2025-12-31 12:38:09+00:00,0,"Dari kapanan ye gue kepengen bgt minum kopi tuku, ampe mau akhir tahun ga kesampean. 😭
Tiap mau beli ngantrii mulu. Kalo beli online tkt gue, pernah diomelin gegara alamat. Pdhl alamat sesuai.. trauma.. 🥲",2006344124392472662,,,in,,0,0,0,https://x.com/Nurseptya_H/status/2006344124392472662,998514882893905921,Nurseptya_H
2006338356243009669,2025-12-31 12:34:54+00:00,0,@secangkircafein luv secangkir kopi tuku&lt;3,2006343302812180807,,secangkircafein,in,,0,1,0,https://x.com/ddablve/status/2006343302812180807,1939623298134110208,ddablve
2006339339110981773,2025-12-31 12:19:09+00:00,0,"list makanan yg aku makan
1. nasi rames (ayam, kering tempe, bakmie) enak ayamnya meresap
2. gembus goreng sama tahu goreng (isi toge ama mie bihun) terus dicocol ama petis enak si petisnya
3. pilus
4. kopi tuku
5. rawon setan (yg katanya legend, potongan dagingnya gede gede",2006339339110981773,,,in,,0,1,0,https://x.com/littlekyute/status/2006339339110981773,1663716821781082112,littlekyute
2006339125117685823,2025-12-31 12:18:18+00:00,0,"MO BELI KOPI DIMANA MANA PENUH YA ALLAH 😭 fore,,,, tuku,,,,,, ya ALLAH",2006339125117685823,,,in,,0,0,0,https://x.com/urboilix/status/2006339125117685823,1144935132358275072,urboilix
2006336785874649310,2025-12-31 12:09:00+00:00,0,"gimana ceritanya kita orang ga jatuh cinta sama kopi, kemaren beli kopi warnanya item tapi rasanya anggur, terus selanjutnya kopi warnanya item rasanya buah lain lagi, lalu ini lagi jajal drip Sore nya Tuku nyeruput kopi item tapi berasa bolu pisang.",2006336785874649310,,,in,,0,0,0,https://x.com/aragorndrong/status/2006336785874649310,1303575550179434496,aragorndrong
2006314295827779985,2025-12-31 10:39:38+00:00,0,"Most memorable 2025 
- Ngerayain ultah  + kadoin diri sendiri
- Resign di kerjaan pertama
- Ngerasain kopi tuku dan senagih ituu
- Lunasin Cicilan
- ketemu orang orang baru yg seruuu",2006314295827779985,,,in,,0,0,0,https://x.com/Caturicoo/status/2006314295827779985,724935870,Caturicoo
2006308358736036129,2025-12-31 10:16:02+00:00,0,Males banget lek tuku kopi wes ngomong  less sugar tapi barista ne lali🙂‍↕️🙂‍↕️,2006308358736036129,,,in,,0,0,0,https://x.com/twistoxxo/status/2006308358736036129,2166167010,twistoxxo
2006292546776129732,2025-12-31 09:13:12+00:00,0,open po kopi tuku buat area smg,2006292546776129732,,,in,,0,0,0,https://x.com/ayyrafle/status/2006292546776129732,1908785002407776256,ayyrafle
2006275440479178892,2025-12-31 08:05:19+00:00,0,"kopi tuku
https://t.co/jCDhrAxOSM

shihlin
https://t.co/7zI8guksbS https://t.co/BINXMAYS9H",2006275461689794700,https://pbs.twimg.com/media/G9e4l6MbYAAtEha.jpg,divetodeepest,in,,0,1,0,https://x.com/divetodeepest/status/2006275461689794700,1943274929912451072,divetodeepest
2006268513380687886,2025-12-31 07:37:42+00:00,0,kopi tuku jogja bisa di ojol ga sih?,2006268513380687886,,,in,,0,0,0,https://x.com/secpomegrarchi/status/2006268513380687886,1702220902103142401,secpomegrarchi
2006263009916903822,2025-12-31 07:15:50+00:00,0,"Diskon kopi shopeefood rabu akhir tahun

Kopi Calf
https://t.co/9JZ29zIs09

Kopi Tuku
https://t.co/vkZDvhSw1K

Kopi Philosophy
https://t.co/Q7X7vX5fiP

Kopi Kenangan
https://t.co/W98Ul1yEow

Janji Jiwa
https://t.co/4Ruwz0dceq",2006263009916903822,,,in,,0,0,0,https://x.com/ike_tjn/status/2006263009916903822,513346093,ike_tjn
2006261457131036951,2025-12-31 07:09:40+00:00,0,"Sedang difase tuku kopi 20ewu punjul wani mbayar dewe, tuku kopi 5ewu nggawe duwek e arek"" sek",2006261457131036951,,,in,,0,0,0,https://x.com/pandhuduk/status/2006261457131036951,1257603335739158528,pandhuduk
2006258309666652622,2025-12-31 07:07:13+00:00,0,"@kkittyru udahh gittt, menurut ku kalo kopi lebih strong calf nah dia tuh teksturnya creamy, kalo tuku lebih ke gula aren gitu, cuman misal mau lebih berasa kopinya bisa double shot 👍🏻👍🏻",2006260839507243165,,kkittyru,in,,0,1,0,https://x.com/wooriebear/status/2006260839507243165,1509538957679157249,wooriebear
2006255534203400438,2025-12-31 06:46:08+00:00,0,"Promo shopee silakan klaim sekarang

Kopi Calf
https://t.co/9JZ29zIs09

Kopi Tuku
https://t.co/vkZDvhSw1K

Kopi Philosophy
https://t.co/Q7X7vX5fiP

Kopi Kenangan
https://t.co/W98Ul1yEow

Janji Jiwa
https://t.co/4Ruwz0dceq",2006255534203400438,,,in,,0,0,0,https://x.com/ike_tjn/status/2006255534203400438,513346093,ike_tjn
2006253809417478657,2025-12-31 06:39:17+00:00,0,"Tetap bertahan di【そら】/ Sora–nya @heykama_ setelah kacamata hilang 4 bulan lalu🙏🏻

Menyempatkan ke offline store, dapet bonus kopi tuku! 
Thanks min, luv heykama🙏🏻 https://t.co/sMROtn1M2P",2006253809417478657,https://pbs.twimg.com/media/G9elNBiWcAAFOey.jpg,,in,,0,0,0,https://x.com/AsteraceaeCS/status/2006253809417478657,1248935624624574464,AsteraceaeCS
2006248768140959979,2025-12-31 06:19:15+00:00,1,"Makan siang udah, nanti jam 3an keluar sebentar ke kopi Tuku terdekat, abis itu pulang leyeh-leyeh dikamar sampe ketiduran, syukur-syukur ujan lebat kayak semalem wkwk",2006248768140959979,,,in,,0,0,0,https://x.com/abang_gembull/status/2006248768140959979,887944139970457604,abang_gembull
2006003601915728217,2025-12-31 05:16:36+00:00,0,"@baseconvo demi keluarga
demi semangkuk bakso
demi segelas kopi tuku
demi ubi cilembu
demi ayam geprek sambal ijo
demi traveling

apapun yg bikin aku bahagia,",2006233004025471392,,baseconvo,in,,0,0,0,https://x.com/ayuagassi/status/2006233004025471392,899573357909204994,ayuagassi
2005571850857062904,2025-12-31 04:54:40+00:00,0,@twistie_donut Gak ada lg bub. Selain kopi tuku 🫩 standar bgt soalnya makanannya,2006227482417192983,,twistie_donut,in,,0,1,0,https://x.com/skadinthoughts/status/2006227482417192983,1909545521905291264,skadinthoughts
2006188380275777651,2025-12-31 02:19:17+00:00,0,"POINT COFFEE

PROMO TAHUN BARU! Buruan cek super deals Duo Frappe buat kopi seenak ini! Rugi kalo ga dimanfaatin!🫶🏻😭🧋

✨VOUCHER DISKON RAME2 sd 100RB

Klaim voucher 100%
👉 https://t.co/2ukygQ64h9 

gofood gacoan desember shopeepay kopken janji jiwa tomoro fore tahun baru tuku https://t.co/SWQuGEc0Mh",2006188380275777651,https://pbs.twimg.com/media/G9dpsjbaUAAPoLp.jpg,,in,,0,0,0,https://x.com/bestbuybestie/status/2006188380275777651,1735456245304426496,bestbuybestie
2006169045192651222,2025-12-31 01:02:27+00:00,0,"🧕🏻: km lebih suka kopi apa non kopi
me : sebenernya suka kopi bu, cm lg ngurangin ksrna aslam suka kambuh akhir” ini
👱🏼‍♂️: kopi tuku atau mana? 
me : point pak

and ga ekspek percakapan kecil yg aku anggap sepele malah diinget sama mereka, hari ini lgsg dibeliin coklat point😭",2006169045192651222,,,in,,1,0,0,https://x.com/feelinluckygurl/status/2006169045192651222,1720828016732094464,feelinluckygurl
2006155673457877074,2025-12-31 00:09:19+00:00,0,"Promo Shopeefood

Mie Gacoan
https://t.co/YmslaMcWhD

Kopi Tuku
https://t.co/MoPzQK8lX5

HokBen
https://t.co/zur8MYV8GB

SeIndonesia
https://t.co/LoZcUFxZNF

Mang Katsu
https://t.co/P7OEJP1ALo

Ayam Keprabon
https://t.co/nkOqduZYp0

Ayam Bang Dava
https://t.co/M1yn2tG8Mr https://t.co/rLPEjgiMfG",2006155673457877074,https://pbs.twimg.com/media/G9dL8nKaYAEfYnl.jpg,,in,,0,0,0,https://x.com/3esihma/status/2006155673457877074,1847151278776111104,3esihma
2006059929443131729,2025-12-30 17:48:52+00:00,0,"Wailah sebelum ada itu yang namanya tuku nenek gua yang udah mati juga udah buat kopi susu gula aren

Bulan lalu tumbler tuku, sekarang founder tuku.",2006059929443131729,,,in,,0,1,1,https://x.com/malfydh/status/2006059929443131729,1645865515582357506,malfydh
2006052077529911326,2025-12-30 17:17:40+00:00,0,"Tetiba bgt bm kopi tuku jam segini? 
Gila ape lu ya ra?",2006052077529911326,,,in,,0,0,0,https://x.com/raratamtama/status/2006052077529911326,1447951392514084866,raratamtama
2006046514552909987,2025-12-30 16:55:34+00:00,0,Kopi Tuku bisa dipesan via https://t.co/dgOMYRvUGw telp 085 100 5 999 85 sms/WA/telegram 082325797999 LINE ID pesansaja #kopituku https://t.co/JU8mCBNh3a,2006046514552909987,https://pbs.twimg.com/media/G9boq3hbwAA3Phc.jpg,,in,,0,0,0,https://x.com/PesanSaja/status/2006046514552909987,394565449,PesanSaja
2006043699403465114,2025-12-30 16:44:23+00:00,0,"Rekomendasi kopi dari orang yang ga begitu suka ngopi tapi sesekali pengen nyobain kopi yang ga zonk dan pahitnya masih bisa ditolerir utk pemula plus yg gabegitu suka manis:

1. Kopi tuku
2. Salted latte ovamaltine point coffee (less sugar ajaah)",2006043699403465114,,,in,,0,1,0,https://x.com/180km_pjs/status/2006043699403465114,1220124781195886592,180km_pjs
2006042485890437411,2025-12-30 16:39:33+00:00,0,Aslinya gabisa ngebedain rasa rasa kopi bedanya merk a b c kek samaa semua. Emang lidah noob ini:”) tapiiii kopi tuku tuh surprisingly bisa bedaa gt di lidah jadinya one of my favorit. Terusss nih baru nemuin kopi lagii yg ku sukak: salted latte ovamaltine nya point🥹🥹👍🏻 lovyu,2006042485890437411,,,in,,1,0,0,https://x.com/180km_pjs/status/2006042485890437411,1220124781195886592,180km_pjs
2006037894532649330,2025-12-30 16:21:19+00:00,0,Kemarin tumbler tuku sekarang kopi makjay.. The nuruls emang pantesnya minum janji jiwa aja supaya tetep waras,2006037894532649330,,,in,,0,0,0,https://x.com/fookinfuego/status/2006037894532649330,202653477,fookinfuego
2005981983953055911,2025-12-30 12:39:08+00:00,1,dipikir2 tuku sedekah banget dah 23k dpt a cup of coffee yg ngopi bgt dan uda include ppn,2005981983953055911,,,in,,0,2,0,https://x.com/auprico0t/status/2005981983953055911,1289367674867204097,auprico0t
2005976556095820102,2025-12-30 12:32:36+00:00,0,@zerobakwan enaaaak dia kopi to go gw selain Tuku karena tipikal yg kopinya kental &amp; strong,2005980338326290653,,zerobakwan,in,,0,1,0,https://x.com/yumafisipol/status/2005980338326290653,1874739689124700160,yumafisipol
2005975722561790364,2025-12-30 12:14:16+00:00,0,"Turut prihatin..

Iku tondo e kon dikon leren mabuk. Opo maneh mabuk e ambe arek lananh, wes ngerti lanang akeh taek e. Karuan tumbas kopi tuku sek enak, murah, malah alco.",2005975722561790364,,,in,,0,0,0,https://x.com/volstaiggen13/status/2005975722561790364,1631174664491012097,volstaiggen13
2005970058166796405,2025-12-30 11:51:45+00:00,2,Kopi Fore sm Tuku itu pencahar terbaik sih.,2005970058166796405,,,in,,0,0,1,https://x.com/MakahindaP/status/2005970058166796405,1844229900120801280,MakahindaP
2005967218115547185,2025-12-30 11:40:28+00:00,0,Pengen kopi tuku,2005967218115547185,,,in,,0,0,1,https://x.com/DaffaFuture/status/2005967218115547185,1644286464,DaffaFuture
2005943325707137518,2025-12-30 10:29:46+00:00,0,"Abis makan kita mengopi nyobain kopi Makmur Jaya (Makjay) kopi viral mirip TUKUUU kalo di jeketi, since gua suka tuku ratenya 9,5/10 kopinya enak tapi tempatnya kecil tapi lebih kecil tuku cipete tempatnya wkwk https://t.co/lx0CfsDFYu",2005949424103465427,https://pbs.twimg.com/media/G9aQWl_agAAdXEM.jpg,maninscrub,in,,0,1,0,https://x.com/maninscrub/status/2005949424103465427,1856891626263908353,maninscrub
2005615281574670547,2025-12-29 12:22:00+00:00,0,"gw plenger, sepaneng, puyeng baca novel + nyari data....gw mau nyalahin kopi tuku yg ak minum 😞",2005615281574670547,,,in,,0,2,0,https://x.com/trustfundbaabyy/status/2005615281574670547,1760488381400985600,trustfundbaabyy
2005612823918047579,2025-12-29 12:12:14+00:00,0,"Kemarin pas di Bandung nyobain kopi adat sana apalagi kalo buka Makjay...

Turns out rasanya too sweet and too creamy wkwkwkwk selera sih yaaaa tapi bagi gue tetep KST Tuku pemenangnyaaa 😌😌",2005612823918047579,,,in,,0,0,0,https://x.com/HeygurlLeo/status/2005612823918047579,1469506684393381897,HeygurlLeo
2005606891381232109,2025-12-29 11:48:39+00:00,5,di manapun tetap harus mampir kopi tuku https://t.co/vCi8vOjCNB,2005606891381232109,https://pbs.twimg.com/media/G9VY1JWa0AEiiAK.jpg,,in,,0,1,1,https://x.com/ifanahlaziraf/status/2005606891381232109,114877015,ifanahlaziraf
2005594339045749006,2025-12-29 11:01:35+00:00,1,@capekafein kudu banget ta tuku es kopi 9k di foto?,2005595044913479911,,capekafein,in,,0,0,0,https://x.com/escoksu/status/2005595044913479911,1650613920787496966,escoksu
2005536792846758256,2025-12-29 07:35:02+00:00,0,@priveabil Ayo ke kopi tuku,2005543066808283393,,priveabil,in,,0,0,0,https://x.com/Anthony505_/status/2005543066808283393,1409464176859238403,Anthony505_
2005540300597715313,2025-12-29 07:24:03+00:00,2,Nanti ke kopi tuku enak kali ya?,2005540300597715313,,,in,,0,2,0,https://x.com/Anthony505_/status/2005540300597715313,1409464176859238403,Anthony505_
2005534499183223156,2025-12-29 07:01:00+00:00,0,"jujurrr tuku emg enak cok (dibandingkan dgn kopi"" di smg yg cenderung manis doang). ishh dmn lah ya kopi di smg ini yg kopsu nya berasa KOPI gt..",2005534499183223156,,,in,,0,1,0,https://x.com/lilseleno/status/2005534499183223156,1227076297962057728,lilseleno
2005533080728289465,2025-12-29 06:55:22+00:00,0,"POINT COFFEE

INFO NGOPI MURAH! Jgn lupa ada PROMO Double Signature buat kopi seenak ini! Rugi bgt kalo ga dimanfaatin! 🫶🏻😭

✨VOUCHER DISKON RAME2 sd 100RB

Klaim voucher 100%
👉https://t.co/P6rK9m34Co 

gofood gacoan desember shopeepay kopken janji jiwa tomoro fore hidden tuku https://t.co/ckVCSfdyGq",2005533080728289465,https://pbs.twimg.com/media/G9UVtGgbIAAY4iy.jpg,,in,,0,0,0,https://x.com/bestbuybestie/status/2005533080728289465,1735456245304426496,bestbuybestie
2005517662802346240,2025-12-29 05:54:06+00:00,0,"dah lama bgt ga ngopi semenjak aslam ku kambuh2 trs keknya terakhir 2 bulanan yg lalu minum tuku lgsg kambuh sekambuh2nya dan sampe skrg blm berani beli kopi lagi😭

mgkn bikin sendiri aja kali yaa wkwk",2005517662802346240,,,in,,1,0,0,https://x.com/bubleteah/status/2005517662802346240,2430515054,bubleteah
2005460388469510605,2025-12-29 05:29:09+00:00,0,"@Diclofenact @muncorner Tau kopi susu nya ""Jago"" or pernah nyoba? Rasa kopinya sih menurut aku mirip mirip cuma agak lebih strong aja.. Tapi ga sampe sepait atau se strong ""Tuku"" kok... Nah kalo misal masih suka kopi di range segitu, keknya bakal oke untuk di coba.. tp kalo.....",2005511384218689868,,Diclofenact,in,,0,1,0,https://x.com/acid_lambung/status/2005511384218689868,1990424345852997632,acid_lambung
2005503033548091497,2025-12-29 04:55:58+00:00,0,kangen kopi calf dah gua wkwkwkwk kmren di bandung juga gak sempet ke tuku wkwkwk,2005503033548091497,,,in,,0,1,0,https://x.com/haiakuolaaff/status/2005503033548091497,1313893890601041920,haiakuolaaff
2005496207314207020,2025-12-29 04:28:50+00:00,0,"TOMORO COFFEE😭

Promo Desember gaada lawan guys! Ya kali only 15RIBU? Cek buruan deals up to 30% buruan! Mantep bgt hari ini🙀

✨DISKON 20RIBU

Klaim Voucher 55%
👉 https://t.co/rIxQzUnrAk

fore shopeefood info kode richeese gacoan spay tuku tumbler kopken point janji jiwa https://t.co/0Sn7xRABfi",2005496207314207020,https://pbs.twimg.com/media/G9T0KwkagAAwtPr.jpg,,in,,0,0,0,https://x.com/bestbuybestie/status/2005496207314207020,1735456245304426496,bestbuybestie
2005496071943037356,2025-12-29 04:28:18+00:00,0,"TOMORO COFFEE😭

Promo Desember gaada lawan guys! Ya kali only 15RIBU? Cek buruan deals up to 30% buruan! Mantep bgt hari ini🙀

✨DISKON 20RIBU

Klaim Voucher 55%
👉 https://t.co/rIxQzUnrAk

fore shopeefood info kode richeese gacoan spay tuku tumbler kopken point janji jiwa https://t.co/v1KhgwZ8RH",2005496071943037356,https://pbs.twimg.com/media/G9TzythbgAAzS_G.jpg,,in,,0,0,0,https://x.com/bestbuybestie/status/2005496071943037356,1735456245304426496,bestbuybestie
2005484912179294278,2025-12-29 03:43:57+00:00,0,"Akan ku hadapi akhir tahun yang gedebag gedebug ini, tapi bentar beli kopi tuku dulu",2005484912179294278,,,in,,0,9,0,https://x.com/tickleyum/status/2005484912179294278,1272758090958430208,tickleyum
2005483737396760727,2025-12-29 03:39:31+00:00,0,"kopi tuku
https://t.co/djy1NsBart

shihlin
https://t.co/O5I9moEB7H https://t.co/fWPmsvbanL",2005483793491378601,https://pbs.twimg.com/media/G9TosZWa0AATZM7.jpg,dyexpl0rer,in,,0,1,0,https://x.com/dyexpl0rer/status/2005483793491378601,1911673721661571072,dyexpl0rer
2005471475953008694,2025-12-29 02:50:34+00:00,0,"Pagi hari dipenghujung tahun..
Udah ""dirampok"" aja ama dokgi and kopi tuku~

Wk wk

(persiapan mudik padahal cuma 4hari doang di kampung)",2005471475953008694,,,in,,0,0,0,https://x.com/minamiiiw/status/2005471475953008694,77942362,minamiiiw
2005461242157416938,2025-12-29 02:09:54+00:00,23,"- belajar hal baru tiap hari
- jalan kaki minimal 10 ribu langkah, atau
- lari biasanya 5k doang
- beli kopi enak sesekali (tuku, fore, calf)
kalau di bandung makjay hehe",2005461242157416938,,,in,,0,0,8,https://x.com/karirfess/status/2005461242157416938,1314840619378896896,karirfess
2005460431721402824,2025-12-29 02:06:41+00:00,0,"List Promo Shopeefood ⏬ 

Momoyo
https://t.co/6vO4XNRcWW

Tomoro Coffee
https://t.co/LFXz94KHea

Mie Gacoan
https://t.co/rvb4yMwZj0

Kopi Tuku
https://t.co/t4nzXTzo85

HokBen
https://t.co/5PF0raKbmY

Belikopi
https://t.co/gMVDAAKKdx

Richeese Factory
https://t.co/k7YQ32J7Gv https://t.co/wT1uhLYQx4",2005460431721402824,https://pbs.twimg.com/media/G9TToTsbYAE9Cwj.jpg,,in,,0,0,0,https://x.com/m_mola9591/status/2005460431721402824,1882643851107848192,m_mola9591
2005449359220187640,2025-12-29 01:22:41+00:00,4,First time antri beli kopi tuku di store langsung. Mantap 👍👍👍,2005449359220187640,,,in,,1,0,0,https://x.com/sweetdreams9514/status/2005449359220187640,1833761148430327808,sweetdreams9514
2005443794557411380,2025-12-29 01:00:34+00:00,0,"@kurirazri Adek, ayo kita jajan kopi tuku traktir aku ya",2005443794557411380,,Azriijah,in,,0,1,0,https://x.com/KULTUSKAN_/status/2005443794557411380,1892573911826714624,KULTUSKAN_
2005251156780699652,2025-12-29 00:19:39+00:00,0,@6_arung Toko Kopi TUKU.,2005433497083937038,,6_arung,in,,0,1,0,https://x.com/26Ceicei/status/2005433497083937038,124639815,26Ceicei
2005285624207839608,2025-12-28 23:20:49+00:00,0,"@wijayasasnaaa Kalo famima kopi seliternya bisa dadakannn
Ku baru tau juga tuku gabisa dadakan",2005418690335084977,,wijayasasnaaa,in,,0,1,0,https://x.com/happyaiss/status/2005418690335084977,223795812,happyaiss
2005362438762594462,2025-12-28 19:37:17+00:00,0,Kopi Tuku bisa dipesan via https://t.co/dgOMYRwsw4 telp 085 100 5 999 85 sms/WA/telegram 082325797999 LINE ID pesansaja #kopituku https://t.co/AB37JGHOga,2005362438762594462,https://pbs.twimg.com/media/G9R6gffasAA9Jif.jpg,,in,,0,0,0,https://x.com/PesanSaja/status/2005362438762594462,394565449,PesanSaja
2005325588656263291,2025-12-28 17:10:52+00:00,0,kopi susu tuku kenapaa kamuuu enakkk bgtttt siiiiiiiiiiii 😭,2005325588656263291,,,in,,0,0,0,https://x.com/dabaiksir/status/2005325588656263291,1721827477,dabaiksir
2005295677501493705,2025-12-28 16:49:55+00:00,0,@Gardenie13 @tiiwwwww @66lhcs Jajanin gue kopi tuku dong 🤣🤣,2005320319528288386,,Gardenie13,in,,0,1,0,https://x.com/khotimaajah/status/2005320319528288386,1706804383760207872,khotimaajah
2005314923929403626,2025-12-28 16:28:29+00:00,0,"Gimana caranya buat cepet tidur,?? Kebiasahaan lembur pas liburan ini 😭

Gimana ya??? 😭😭😭 

Besok pingin makan chikuro atau kopi tuku deh 🥲🥲 tp knpa jauh jauh bngt yaaa. Bisa ga sih setiap mall ada  chikuro dan kopi tuku??",2005314923929403626,,,in,,0,0,0,https://x.com/teazzitea/status/2005314923929403626,1237087754619473920,teazzitea
2005314584220156333,2025-12-28 16:27:08+00:00,1,"td gue belanja bulanan trs mau mampir ke tuku buat beli kopi mingguan, eh lupa tuku tutupnya jam 9😔💔",2005314584220156333,,,in,,0,0,0,https://x.com/nasiypadank/status/2005314584220156333,149459291,nasiypadank
2005285741400871319,2025-12-28 15:35:16+00:00,0,"@Realmadrpid BENER!! tuku sih another level ya rasa kopinya, kalau kopi lainnya yang kamu sebutin sih aku belum pernah coba

kalau americano aku sukanya beli di kopken, kalau kopsu aku di point atau family mart hehe",2005301533064507555,,ztownitboy,in,,0,1,0,https://x.com/kalsukabobo/status/2005301533064507555,1987910849378521088,kalsukabobo
2005295335011394042,2025-12-28 15:10:39+00:00,0,seenak apasih tuku.. di lidah gua smua kopi terasa sama aja,2005295335011394042,,,in,,0,1,0,https://x.com/krhaia/status/2005295335011394042,1682621487717683202,krhaia
2005283885182234887,2025-12-28 14:25:09+00:00,0,"Open PO TUKUCUR Kopi Tuku 1 Liter all varian ; Jakarta - Medan ( Hand Cary )

Close besok pagi (karena pesawat siang)
Ready ETA : 29 Desember - 18.00 pm 
Medan Kota : ( Pick up sendiri / di kirim lewat gojek )

Yg minat boleh dm atau WA ke 085814556676
#zonauang #KopiTuku #medan",2005283885182234887,,,in,,0,0,0,https://x.com/meyssinaga/status/2005283885182234887,75968934,meyssinaga
2005279590013665282,2025-12-28 14:08:05+00:00,31,"pokonya mau bilang makasih banyak sama manusia ini yang awalnya ke tuku dadakan sampe akhirnya jadi partner gass kalo lagi gabut,sampe menuhin salah satu keinginan aing buat camp dan di ayoin sama manusia ini, mari kita lanjutkan misi penjelajahan tempat kopi yang lainnya https://t.co/CBL6L4DKHL",2005279590013665282,https://pbs.twimg.com/media/G9QvJi-aQAAAz3y.jpg,,in,,0,4,0,https://x.com/dikadikayoo/status/2005279590013665282,1115210896622534656,dikadikayoo
2005279085069815886,2025-12-28 14:06:04+00:00,0,Kangen Tuku bgtt. Dari sakit sampai sekarang udh ga minum kopi atau pun matcha. Kangen iihh.,2005279085069815886,,,in,,0,1,0,https://x.com/VioletPils/status/2005279085069815886,70899559,VioletPils
2005233562308497534,2025-12-28 12:17:46+00:00,0,"@mercusuarbiru @sbyfess jujur ak ga terlalu suka kopinya tuku kak dan ini jg menurutku kureng hehe krn ak lebih suka kopi yg strong, tp dua2nya oke kok kalo emg basicnya suka yg creamy",2005251830704697815,,mercusuarbiru,in,,0,0,0,https://x.com/dumpsashy/status/2005251830704697815,1239543997967683584,dumpsashy
2005236270193389980,2025-12-28 11:15:56+00:00,0,"Masuk tuku antri tiba tiba keceplosan kopi susu keluarganya satu kak 😭, niat gw Mao ngomong kopi susu tetangga jing ngapa jadi keluarga 😭😭😭😭😭😭 https://t.co/M2tNiLc5IY",2005236270193389980,https://pbs.twimg.com/media/G9QHwjNaMAA7vxT.jpg,,in,,0,0,0,https://x.com/warmindo24hour/status/2005236270193389980,1619770286790045697,warmindo24hour
2005195988664012985,2025-12-28 09:40:49+00:00,0,"@I_deenn Makjay rasanya konsisten, tuku beda cabang bisa beda profil rasa, ada yg lebih kopi ada yg lebih creamy",2005212333086478824,,I_deenn,in,,0,0,0,https://x.com/putraiqbal94/status/2005212333086478824,840975624239964160,putraiqbal94
2005206988427497941,2025-12-28 09:19:35+00:00,0,"Tuku kopi nang warung kopine kancaku dewe, raono parkire blas, eeh driver njaluk rongewu ngakune parkir, padahal yo reguler udu hemat 🤣",2005206988427497941,,,in,,0,1,0,https://x.com/kattipoasmaji/status/2005206988427497941,358696822,kattipoasmaji
2005205071177654657,2025-12-28 09:16:24+00:00,0,"gapapa hidup sebercanda itu yang penting di rumah ada stock kopi tuku

btw dengkul gue langsung biru bajingan https://t.co/0lBONxEXln",2005206187344793991,https://pbs.twimg.com/media/G9PsZUaaQAAak4S.jpg,youshinou,in,,0,1,0,https://x.com/youshinou/status/2005206187344793991,715512468269707265,youshinou
2005189866783719829,2025-12-28 08:13:57+00:00,1,"@namikay_v Kalau liat kopi susu gula aren inget tuku. 

Ka Namii pernah cobaa gaa? 

Aku lagi kena virus ketagihan Tuku tapi earl grey nya sihh",2005190470394331241,,namikay_v,in,,0,1,0,https://x.com/kanae_risa/status/2005190470394331241,1984947955523293184,kanae_risa
2005181678072087027,2025-12-28 07:39:01+00:00,2,"Open PO TUKUCUR Kopi Tuku 1 Liter all variab ; Jakarta - Medan ( Hand Cary )

Close besok pagi (karena pesawat siang)
Ready ETA : 29 Desember - 18.00 pm 
Medan Kota : ( Pick up sendiri / di kirim lewat gojek )

Yg minat boleh dm atau WA ke 085814556676
#zonauang #KopiTuku #medan",2005181678072087027,,,in,,0,0,2,https://x.com/meyssinaga/status/2005181678072087027,75968934,meyssinaga
2004966141681348774,2025-12-28 07:30:55+00:00,0,"@pffitri bukan master kopi jd gak tau mana yg enak dan gak, jadi tuku aja.",2005179640407892073,,pffitri,in,,0,0,0,https://x.com/rusarajainal/status/2005179640407892073,1905026916266176512,rusarajainal
2004586696386777592,2025-12-26 16:14:46+00:00,1,📍Kopi Tuku jl. Bondowoso https://t.co/trCpOLPbHX,2004586696386777592,https://pbs.twimg.com/media/G9G4-MEawAAKMRy.jpg,,in,,0,0,0,https://x.com/Lrst11_/status/2004586696386777592,3147426456,Lrst11_
2004585096951795951,2025-12-26 16:08:25+00:00,1,📍 Kopi Tuku Vida Bekasi https://t.co/DAeYWdJS28,2004585096951795951,https://pbs.twimg.com/media/G9G3b_maUAEQe_s.jpg,,in,,0,0,0,https://x.com/serendespity/status/2004585096951795951,1237913705821564928,serendespity
2004584939933839608,2025-12-26 16:07:47+00:00,0,Akhirnya orang kabupaten ini merasakan kopi tuku wkwkwk https://t.co/T6mCBPK5pA,2004584939933839608,https://pbs.twimg.com/media/G9G3Xx5bwAAC3XI.jpg,,in,,0,0,0,https://x.com/gomiesan/status/2004584939933839608,1793592902914052096,gomiesan
2004565490648408188,2025-12-26 14:50:30+00:00,0,"sumpah td tuh gue bloon bgt, gue kan minum kopi tp belum makan sama sekali ya dari pagi, TRUS LANGSUNG ASAM LAMBUNG ANJG AWOKWOKWOK BENER BENER LANGSUNG DEG DEG AN, GEMETER, KERINGETAN, SAKIT PERUT GILAAAAA, bayangin klo itu kopi tuku, mati ditempat gue keknya",2004565490648408188,,,in,,0,0,0,https://x.com/laviouslie/status/2004565490648408188,1963104525121908736,laviouslie
2004563588908982396,2025-12-26 14:42:57+00:00,0,"berhasil bikin kopi mirip rasanya kayak kopi tuku, bangga euy",2004563588908982396,,,in,,0,1,0,https://x.com/roellensea/status/2004563588908982396,1904440446404980736,roellensea
2004542167705092507,2025-12-26 14:11:39+00:00,0,"@thaitarik__ @queensadhuyyyyy Loh hehh, aku meh tuku kopi rung ngopi soale wkwk",2004555712308113882,,thaitarik__,in,,0,0,0,https://x.com/bonjrotttt/status/2004555712308113882,856836721408966657,bonjrotttt
2004552489975325101,2025-12-26 14:07:40+00:00,0,"@satorhu Dateng ya, nanti prasmanannya ada ayam renald dan kopi tuku.",2004554711731765459,,satorhu,in,,0,0,0,https://x.com/kitticized/status/2004554711731765459,1253224650215059462,kitticized
2004452189234749862,2025-12-26 13:11:16+00:00,0,@yappingfess Kopi Tuku,2004540518076953019,,yappingfess,in,,0,0,0,https://x.com/quietandcup/status/2004540518076953019,1926180126284218368,quietandcup
2004540313109696735,2025-12-26 13:10:27+00:00,0,hal wajib kalo ke gbk itu beli kopi tuku 🥤🤤👌🏻,2004540313109696735,,,in,,0,1,0,https://x.com/neith3n/status/2004540313109696735,1533739007955595267,neith3n
2004533639678419324,2025-12-26 12:43:56+00:00,0,KOPI TUKU ENAK BANGETTTTTTTTT BUSET,2004533639678419324,,,in,,0,1,0,https://x.com/syafaespa/status/2004533639678419324,848291419705843713,syafaespa
2004530629632040960,2025-12-26 12:31:59+00:00,2,"Mumpung sdg di Jakarta ya kan, let us try Kopi Tuku, apakah seenak itu 🤔",2004530629632040960,,,in,,0,2,0,https://x.com/trial_imbalance/status/2004530629632040960,55484249,trial_imbalance
2004526263642509763,2025-12-26 12:14:38+00:00,6,"guyss barter kuesioner mau gaa?? masih butuh 50 responden nih. kirim dm di comment kalo mau barter. kriterianya cuma tau kopi tuku, walaupun dom diluar bali gapapa isi dom bali. bisa dm/reply link kuesioner kalian yaa 🎀🤍

👉🏻 𝐋𝐢𝐧𝐤 𝐤𝐮𝐞𝐬𝐢𝐨𝐧𝐞𝐫:
https://t.co/iNrnkm3WYI",2004526263642509763,,,in,,0,18,0,https://x.com/cookiestoffees/status/2004526263642509763,1115885731216547845,cookiestoffees
2004522697062285696,2025-12-26 12:00:27+00:00,1,Iri dah kenapa kopi tuku mlg gede bgt di sby kecil” mn jauh lgi dr aku,2004522697062285696,,,in,,0,3,0,https://x.com/starrrgarden/status/2004522697062285696,1381320213166125057,starrrgarden
2004519763498942930,2025-12-26 11:48:48+00:00,3,"guyss barter kuesioner mau gaa?? masih butuh 50 responden nih. kirim dm di comment kalo mau barter. kriterianya cuma tau kopi tuku, walaupun dom diluar bali gapapa isi dom bali 🥹🙏🏻

👉🏻 𝐋𝐢𝐧𝐤 𝐤𝐮𝐞𝐬𝐢𝐨𝐧𝐞𝐫: https://t.co/iNrnkm3WYI",2004519763498942930,,,in,,0,8,0,https://x.com/cookiestoffees/status/2004519763498942930,1115885731216547845,cookiestoffees
2004509641074700421,2025-12-26 11:08:35+00:00,0,IMAGINE makan risol mayo + kopi tuku di sore yang merdu ini,2004509641074700421,,,in,,0,0,0,https://x.com/solietto/status/2004509641074700421,1896174551907942400,solietto
2004480215918244049,2025-12-26 09:11:39+00:00,0,gajadi nonton. aku mau kopi Tuku aja. udah paling nikmat,2004480215918244049,,,in,,0,0,0,https://x.com/uglysinner123/status/2004480215918244049,1008668492747296769,uglysinner123
2004472405906104618,2025-12-26 08:40:37+00:00,0,"POINT COFFEE

INFO NGOPI MURAH! Jgn lupa ada PROMO Duo Frappe buat kopi seenak ini! Rugi bgt kalo ga dimanfaatin!🫶🏻😭🧋

✨VOUCHER DISKON RAME2 sd 100RB

Klaim voucher 100%
👉 https://t.co/kR09AEHTaB 

gofood gacoan desember shopeepay kopken janji jiwa tomoro fore tahun baru tuku https://t.co/I3PCa94d3r",2004472405906104618,https://pbs.twimg.com/media/G9FRBrVbsAA3vwf.jpg,,in,,0,0,0,https://x.com/bestbuybestie/status/2004472405906104618,1735456245304426496,bestbuybestie
2004436359709372593,2025-12-26 08:13:45+00:00,2,"@keonversee nescafe 6 bks (klo mau lebih pait ky tuku 8 bks) 
gula aren alus 8 sdm
larutin make aer panas 100ml

evaporasi carnation yg kaleng 405g
greenfields fullcream 500g
(campur, abis tu tuang larutan kopi nya)

ini dia😋🫰🏻",2004465643563962606,,keonversee,in,,0,1,0,https://x.com/aegikeonh0/status/2004465643563962606,1715652879217041408,aegikeonh0
2004436359709372593,2025-12-26 08:12:54+00:00,0,"@rockw nescafe 6 bks (klo mau lebih pait ky tuku 8 bks) 
gula aren alus 8 sdm
larutin make aer panas 100ml

evaporasi carnation yg kaleng 405g
greenfields fullcream 500g
(campur, abis tu tuang larutan kopi nya)

ini bub",2004465430581346655,,rockw,in,,0,0,0,https://x.com/aegikeonh0/status/2004465430581346655,1715652879217041408,aegikeonh0
2004460635858641372,2025-12-26 07:53:59+00:00,0,"kopi tuku
https://t.co/nzlR44X5FJ

shihlin
https://t.co/dV52osIeKw https://t.co/cz0DcHEUUf",2004460672047108349,https://pbs.twimg.com/media/G9FGJyAbwAAdGpJ.jpg,dyysyeee,in,,0,1,0,https://x.com/dyysyeee/status/2004460672047108349,1937115249125306368,dyysyeee
2004456365943840871,2025-12-26 07:50:55+00:00,0,"Kopi Tuku Shell Graha Raya
Cobain deh Kopi susu tetangga less sugar dan added caramel sauce. Whoaaaaaaa
Thank me later 
https://t.co/WatzY9Wao3",2004459897723973972,,marchinwords,in,,0,0,0,https://x.com/marchinwords/status/2004459897723973972,187797182,marchinwords
2004436359709372593,2025-12-26 06:17:23+00:00,0,"udah tau racikan kopi, jadi bikin sendiri seliter.. di jamin g boncos dan ini mirip ma Tuku😋🫰🏻 https://t.co/sNY7TFMEYi",2004436359709372593,https://pbs.twimg.com/media/G9EwPuhbMAA1gAS.jpg,,in,,0,3,0,https://x.com/aegikeonh0/status/2004436359709372593,1715652879217041408,aegikeonh0
2004425092512845986,2025-12-26 05:32:37+00:00,0,siapapun itu yang bikin tiktok resep kopi tuku I LOVE U SUMPAH ENAK BGTTTTTTTT meskipun ga mirip sm tuku tapi lebih cocok di gweh kayak omg mau salim 😔🙏🏻,2004425092512845986,,,in,,0,0,0,https://x.com/hanpeijida/status/2004425092512845986,1154167644326518784,hanpeijida
2004424661275496536,2025-12-26 05:30:54+00:00,0,"Nunggu berapa minggu yah ni sampe bisa kena kopi lg

Ak dah kangen tuku ;(",2004424661275496536,,,in,,0,0,0,https://x.com/flarsst/status/2004424661275496536,341283832,flarsst
2004390985296478463,2025-12-26 04:55:54+00:00,1,"@rissonn @txtdarionlshop 20rban sekelas kopken, tuku dll, cafe specialty coffee atau yg tempatnya bagus bisa 40-45",2004415852536647984,,rissonn,in,,0,0,0,https://x.com/sepawatumu/status/2004415852536647984,1250352175,sepawatumu
2004389938201350606,2025-12-26 03:53:56+00:00,1,@solaceternity Silahkan naik LRT jurusan Dukuh Atas BNI turun di Dukuh Atas BNI lalu naik MRT jurusan Lebak Bulus BSI turun di Cipete Raya Kopi Tuku,2004400260454797556,,solaceternity,in,,0,0,0,https://x.com/RafifFadhlurra4/status/2004400260454797556,1364050922775605250,RafifFadhlurra4
2004371434341376347,2025-12-26 03:44:33+00:00,0,@cvyuuuk Kopi tuku 🤤,2004397897706885546,,cvyuuuk,in,,0,0,0,https://x.com/fauztitis11/status/2004397897706885546,277433134,fauztitis11
2004391519676256399,2025-12-26 03:19:12+00:00,0,"buat warga dom jabodetabek, tuku sama flash coffee enak mana?",2004391519676256399,,,in,,0,3,0,https://x.com/ato_122/status/2004391519676256399,1777810085370331137,ato_122
2004357095957864460,2025-12-26 01:02:25+00:00,0,"One stop Kopi Tuku Kotabaru after run🏃🏻‍♀️‍➡️

Pesen earl grey milk tea for safety asam lambung hehe😅

📍 https://t.co/S9YEWZ5iT2 https://t.co/Y6CEyg4HYe",2004357095957864460,https://pbs.twimg.com/media/G9Dn5R9b0AAGA99.jpg,,in,,0,1,0,https://x.com/craftedwithblue/status/2004357095957864460,1799485190844399616,craftedwithblue
2004344974859743495,2025-12-26 00:14:15+00:00,0,"Promo Shopeefood

Kopi Tuku
https://t.co/KZXPbeTJwB

Kopi Kenangan
https://t.co/T2sC3VgMi9

Republic Kebab
https://t.co/yte2qYwMoP

Ayam Crisbar
https://t.co/k2L9kutj8d

HokBen
https://t.co/GRDfLzrwxP

Fore Coffee
https://t.co/4SBTmpHrVE

Kopi Janji Jiwa
https://t.co/nbHN9Qd5jc https://t.co/ZA2RGZNFTO",2004344974859743495,https://pbs.twimg.com/media/G9DdH9ibkAAsSOu.jpg,,in,,0,0,0,https://x.com/MomoBolat/status/2004344974859743495,1901941124534808576,MomoBolat
2004031180916904164,2025-12-26 00:00:11+00:00,0,"@rumpaang Tuku yang hype tuu dah nyoba dee?? Kalau yang rame"" lainnya ada imadji coffee",2004341435953557857,,rumpaang,in,,0,1,0,https://x.com/Zelindaelin/status/2004341435953557857,2382057146,Zelindaelin
2004246936204001443,2025-12-25 19:41:13+00:00,0,Sebelum ngedit harus memulai hari dengan ayam penyet cabe ijo mama labibah sama kopi tuku dengan beans sore satu liter sih ini😂,2004276264241451270,,ANSFTHN,in,,0,0,0,https://x.com/ANSFTHN/status/2004276264241451270,97120927,ANSFTHN
2004210045962297820,2025-12-25 15:18:06+00:00,0,"📍Kopi Tuku Jogja
  8/10 kopi nya ngopi bgt wkwk https://t.co/YEnQya5XC8",2004210045962297820,https://pbs.twimg.com/media/G9BiaWFb0AIJPR7.jpg,,in,,0,0,0,https://x.com/itsmeechae/status/2004210045962297820,1146697838,itsmeechae
2004162328254992620,2025-12-25 13:51:43+00:00,0,@Nordeheim Kalau bisa sih aku udah minum tuku tiap hari.. andai aja tokonya deket rumahku. PASTINYA KOPI SUSU TETANGGA SIH! The OG kopi susu gula aren itu. Aku ga begitu suka manis jadi aku rekomen yang less sugar!,2004188307820106058,,Nordeheim,in,,0,0,0,https://x.com/tertuku/status/2004188307820106058,3289126342,tertuku
2004162616009412989,2025-12-25 12:09:37+00:00,0,"kemarin gue ga mood ke perpus, tapi gue sekarang mood karena gue pengen selesaiin buku yg lagi gue baca sambil menikmati kopi tuku yang akan gue masukin ke tumbler GEUHHH NYAMNYOII BINGGUTSSS",2004162616009412989,,,in,,0,0,0,https://x.com/njhufthuft/status/2004162616009412989,1787117528436912128,njhufthuft
2004034158050660491,2025-12-25 11:55:55+00:00,1,@andreanburg @mukidioon3 @AraituLaki @ohoxnya2 @_jacobson91 @AntarticaSnowWW @bagindo_kopi @BJakara171CGK @CakD3pp @choymarkochoy_ @JHPrabowo_on_X @MariaAlkaff_ @MasBRO_back @P3gEl @is_pelssy @__PASMANTAP olaopo nyeluk² iku lho...tak tuku kondom sik  iki...keburu entek,2004159165393248625,,andreanburg,in,,0,2,1,https://x.com/Lupaingatan75/status/2004159165393248625,1172971958616481797,Lupaingatan75
2004142613918810529,2025-12-25 11:10:39+00:00,0,"@jblueming teteh mau jadi orang, ulet, tupai, atau kopi tuku seliter (mw banget) pasti tetep jadi jodohnya adeyine 😔🥺💍 https://t.co/RH7vxu2eKZ",2004147773822980461,https://pbs.twimg.com/media/G9Apxw1aAAEWXa-.jpg,jblueming,in,,0,0,0,https://x.com/pearblanc/status/2004147773822980461,990274684393418752,pearblanc
2004073381482975735,2025-12-25 10:23:56+00:00,0,"@beeyourbestie geh, nanti bar isya sekalian tuku kopi ireng",2004136019873223100,,beeyourbestie,in,,0,0,0,https://x.com/venomday_/status/2004136019873223100,1314760782723178497,venomday_
2004097067149644055,2025-12-25 07:49:09+00:00,0,Gender reveal pake kopi tuku…..real modern terms setup.,2004097067149644055,,,in,,0,0,0,https://x.com/enaanerr/status/2004097067149644055,1637858627666186240,enaanerr
2004094214339183083,2025-12-25 07:37:49+00:00,5,first time nyobain kopi Tuku di blok M wkwkw https://t.co/pR7Qt0IORe,2004094214339183083,https://pbs.twimg.com/media/G8_5Dv9bcAANH4m.jpg,,in,,0,0,0,https://x.com/lastseenseptmbr/status/2004094214339183083,1473857091353800704,lastseenseptmbr
2003792547513278911,2025-12-24 11:39:06+00:00,0,"btw kemarin aku mencoba hack tiktok buat kopi tuku dirumah, awalnya ragu banget karna pake santen kan di resep nya, tapi ternyata enakk anjay, ga mirip tuku banget sih, tapi itu enakkk",2003792547513278911,,,in,,0,0,0,https://x.com/95taelatte/status/2003792547513278911,1220609701479477248,95taelatte
2003769851312283988,2025-12-24 10:08:55+00:00,0,ngidam kopi tuku tp lg di kabupaten 😔🙏,2003769851312283988,,,in,,0,0,0,https://x.com/adoreabluee/status/2003769851312283988,794708817082662913,adoreabluee
2003519314297782482,2025-12-24 09:51:43+00:00,0,"𓏲② ☕︎

Tuku, KST—
dengan rasa creamy yang tetap memiliki hint pahit after taste nya, anything coffee aku selalu less sugar. https://t.co/ChyVsV80xy",2003765521020551247,https://pbs.twimg.com/media/G87OHgqbEAES75S.jpg,ofcnism,in,,0,1,0,https://x.com/ofcnism/status/2003765521020551247,391352108,ofcnism
2003763409591116030,2025-12-24 09:43:19+00:00,0,tuku kopi nya pedes bgt aargrhehehhdbdbebbssb,2003763409591116030,,,in,,0,0,0,https://x.com/cattleveist/status/2003763409591116030,1079924166453714944,cattleveist
2003744209719951640,2025-12-24 08:28:10+00:00,0,"ngene ngeneki le marai yk ketok e romantis, tuku kopi larang mbendino kuat padahal sentik sentik",2003744497851859022,,Dentaptr,in,,0,0,0,https://x.com/Dentaptr/status/2003744497851859022,1128662725578518528,Dentaptr
2003656634384646599,2025-12-24 08:21:30+00:00,0,@lilyskyrain Nitip kopi tuku kak,2003742821292081454,,lilyskyrain,in,,0,1,0,https://x.com/98_Aceee/status/2003742821292081454,1542092344564264960,98_Aceee
2003738474348970206,2025-12-24 08:04:14+00:00,0,"Masalah kelebihan bayar di tuku tadi udah clear, akhirnya sisa duit nya buat gue beli kopi sama bolu2 nya.. lumayan buat di bagi2 ke temen2 kosan juga ☺️🙏🏼",2003738474348970206,,,in,,0,0,0,https://x.com/sultaniw01/status/2003738474348970206,1289370541,sultaniw01
2003694218037100817,2025-12-24 07:41:10+00:00,0,"@Hinnlisch aku nabung dulu tau, demi satu truk kopi tuku km itu 😞",2003732668366868919,,Hinnlisch,in,,0,1,0,https://x.com/reevearies/status/2003732668366868919,1708540357213028352,reevearies
2003694218037100817,2025-12-24 07:19:07+00:00,0,@Hinnlisch ketik 1 nanti muncul satu truk kopi tuku untuk km,2003727121957695900,,Hinnlisch,in,,0,1,0,https://x.com/reevearies/status/2003727121957695900,1708540357213028352,reevearies
2003725695953092867,2025-12-24 07:13:27+00:00,0,"Aku sebenernya engeh kalo minum kopi tuh udahannya tetep ngantuk, ku pikir emang karena kopi yang aku beli kopi yang kafeinnya jelek atau salah cara bikinnya

....minum Tuku pun ternyata aku masih ngantuk....",2003725695953092867,,,in,,0,0,0,https://x.com/lvumine/status/2003725695953092867,2452770816,lvumine
2003721635791274478,2025-12-24 06:57:19+00:00,0,"kemarin tennis, ada tuku di deket courtnya, beli lah kst mikir mau ah yang manis2 tp pesen less sugar, dan yapp cuma minum 3 sedot, berujung gak abis, karena kebiasan americano kali y, pas coba kopi yang pake susu kok aneh ya wkekw, eneg gitu😆 akhirnya gue kasih bokap deh wkwk",2003721635791274478,,,in,,0,0,0,https://x.com/aleamutia/status/2003721635791274478,1158061712190218240,aleamutia
2003688351304491383,2025-12-24 06:44:52+00:00,0,@sbyfess Ambek aku ae ta. Paling tuku kopi famina tok,2003718502130343978,,sbyfess,in,,0,0,0,https://x.com/pukiwankenobi/status/2003718502130343978,1946651145851764736,pukiwankenobi
2003707641613418960,2025-12-24 06:01:43+00:00,0,"TOMORO COFFEE😭

Promo Desember gaada lawan guys! Ya kali only 15RIBU? Cek buruan deals up to 30% buruan! Mantep bgt hari ini🙀

✨DISKON 20RIBU

Klaim Voucher 55%
👉 https://t.co/rIxQzUnrAk

fore shopeefood info kode richeese gacoan spay tuku tumbler kopken point janji jiwa https://t.co/ZfTY23swuj",2003707641613418960,https://pbs.twimg.com/media/G86ZenGawAA5snu.jpg,,in,,0,0,0,https://x.com/bestbuybestie/status/2003707641613418960,1735456245304426496,bestbuybestie
2003704304100860082,2025-12-24 05:48:27+00:00,0,"POINT COFFEE

INFO NGOPI MURAH! Jgn lupa ada COMEBACK PROMO buat kopi seenak ini! Rugi bgt kalo ga dimanfaatin! 🫶🏻😭

✨VOUCHER DISKON RAME2 sd 100RB

Klaim voucher 100%
👉https://t.co/P6rK9m34Co 

gofood gacoan desember shopeepay kopken janji jiwa tomoro fore hidden tuku https://t.co/gIlmLJvvQt",2003704304100860082,https://pbs.twimg.com/media/G86WcWzbYAAIhJk.jpg,,in,,0,0,0,https://x.com/bestbuybestie/status/2003704304100860082,1735456245304426496,bestbuybestie
2003677953394360715,2025-12-24 04:48:34+00:00,0,"@_doumaily Kopi tengah namanya kakk, sebrang tuku yaa. Yg aku beli harganya 20k, setau aku paling mahal ini wkwkw kecuali yg kopi literan https://t.co/agJ2hQND9O",2003689233257779679,https://pbs.twimg.com/media/G86IunJagAMFD7Y.jpg,kieyukuu,in,,0,1,0,https://x.com/sibueairur/status/2003689233257779679,1221816337,sibueairur
2003677953394360715,2025-12-24 04:47:50+00:00,0,"@octoberdates btw ini balik ke selera masing2 ya wkwk aku nyobain butterscotch sea salt nya ini jujurly kayak fore wkwkwk mana murah cuma 20rb kakk

Namanya kopi tengah, dia persis sebrangnya tuku kakk wkwk nyempil gitu tempatnya https://t.co/tzChBdPqJV",2003689046707761513,https://pbs.twimg.com/media/G86Ij7MagAAOVzL.jpg,octoberdates,in,,0,1,0,https://x.com/sibueairur/status/2003689046707761513,1221816337,sibueairur
2003677302941770062,2025-12-24 04:01:10+00:00,3,"Day 2 kemarin berhasil juga. Gak Tuku bahkan gak ngopi ✅wkwkwk.

Lama-lama ini gue kaya dipaksa utk Cafeine Detox 😭😭 jujur pengen seruput kopi item 🫩",2003677302941770062,,,in,,0,0,0,https://x.com/uglysinner123/status/2003677302941770062,1008668492747296769,uglysinner123
2003659317963292928,2025-12-24 02:54:33+00:00,0,"kopi tuku
https://t.co/djy1NsBart

shihlin
https://t.co/O5I9moEB7H https://t.co/0GPnm6wzxe",2003660538304430092,https://pbs.twimg.com/media/G85uoqyakAASJQ0.jpg,dyexpl0rer,in,,0,1,0,https://x.com/dyexpl0rer/status/2003660538304430092,1911673721661571072,dyexpl0rer
2003658685344833987,2025-12-24 02:47:11+00:00,0,"Promo Shopeefood

Jatinangor House
https://t.co/Ejv5VBpvKy

HokBen
https://t.co/8WnWXYBFwc

Sushi Yay
https://t.co/LIA5AEKFng

Kopi Tuku
https://t.co/Qkc975YaOD

Pisang Goreng Madu Pasti
https://t.co/4QxR4sibNC

Tomoro Coffee
https://t.co/gXk75B9IdU https://t.co/NDxldsFArw",2003658685344833987,https://pbs.twimg.com/media/G85s8vragAEySUk.jpg,,in,,0,0,0,https://x.com/3esihma/status/2003658685344833987,1847151278776111104,3esihma
2003651066135724482,2025-12-24 02:16:54+00:00,0,"List Promo Shopeefood ⏬ 

Mie Gacoan
https://t.co/Y1n4bjy8fu

Kopi Tuku
https://t.co/IfFNmKsZSq

Belikopi
https://t.co/6PTLvV6bBP

Kopi Calf
https://t.co/6GfVz5GANh

Kopi Kenangan
https://t.co/s8qOmYRS3Q

Fore Coffee
https://t.co/pYyM67FNjG

Richeese
https://t.co/VVmokT8OY4 https://t.co/PJ8asqG9iB",2003651066135724482,https://pbs.twimg.com/media/G85mBS0agAMtU2S.jpg,,in,,0,0,0,https://x.com/m_mola9591/status/2003651066135724482,1882643851107848192,m_mola9591
2003619928692392423,2025-12-24 00:13:11+00:00,0,"Promo Shopeefood

Kopi Tuku
https://t.co/YX1IDBcABb

Mie Gacoan
https://t.co/NC4bZ6MHWH

HokBen
https://t.co/UFkDKxzxfi

SeIndonesia
https://t.co/n3GtJpzYk8

Mang Katsu
https://t.co/dfy2F64DDy

Ayam Bang Dava
https://t.co/I3IRpc12oU

Ayam Keprabon
https://t.co/jCXPrQwDsJ https://t.co/WYMDjU0boN",2003619928692392423,https://pbs.twimg.com/media/G85Js0VbMAApg7Y.jpg,,in,,0,0,0,https://x.com/3esihma/status/2003619928692392423,1847151278776111104,3esihma
2003506642244231399,2025-12-23 18:25:45+00:00,0,"@fawne Oh, sayangku, kalau aku tiba-tiba bertingkah seperti y/n yang pengin minum kopi Tuku, kamu siap nggak ambil peran CEO dan beliin seluruh cabang Tuku di dunia ini?",2003532496496193655,,fawne,in,,0,1,0,https://x.com/Maevetals/status/2003532496496193655,1725170413477433344,Maevetals
2003400310371549221,2025-12-23 16:44:05+00:00,0,@seanmyshine after office ke gbk running trus minum kopi tuku,2003506911778676762,,seanmyshine,in,,0,1,0,https://x.com/eomseanzip/status/2003506911778676762,1443088845101101057,eomseanzip
2003461649228087737,2025-12-23 15:56:46+00:00,0,"@culmtural buat dd ajaaa, kakak mau tuku ajaaa!! :3 dd beli kopi varian apaaa!! :o",2003495004812259512,,culmtural,in,,0,1,0,https://x.com/222reason/status/2003495004812259512,1888594308875620352,222reason
2003484522734616967,2025-12-23 15:15:07+00:00,0,"Ndes! Nikmati long weekend dgn Kopi TUKU sbg pelengkap ☕
Open jastip Kopi TUKU
Ready di Semarang tgl 25 Desember
Harga include jasa

Cek reply buat pilihan menunya👇🏼👇🏼",2003484522734616967,,,in,,0,1,0,https://x.com/SmgMenfess/status/2003484522734616967,966083473,SmgMenfess
2003483460405723464,2025-12-23 15:10:54+00:00,0,Dikasi dimsum mentai yg enak &amp; es kopi tuku. Harus tuku ya!,2003483460405723464,,,in,,0,0,0,https://x.com/calonistrikmya/status/2003483460405723464,1054779966745792512,calonistrikmya
2003478035597787507,2025-12-23 14:49:21+00:00,0,"Selain tuku, kopi yg menurutku enak lg tu golden black.
Matchanya gb juga enak, meski tetep lebih suka matchanya fore.
Blm pernah deh nyoba matcha matcha yg suka muncul2 di story ig. Pengen sih tp ke Blok M tu ya mager + liat harganya kaya yg curiga apakah se enak itu? 🤔",2003478035597787507,,,in,,0,1,0,https://x.com/chisusetya/status/2003478035597787507,1345939908771282946,chisusetya
2003463860398002592,2025-12-23 13:53:01+00:00,0,ini ga ada yang buka jastip kopi tuku apa yaa?☹️,2003463860398002592,,,in,,0,1,0,https://x.com/malsz22/status/2003463860398002592,1172706973273313280,malsz22
2003457401773769026,2025-12-23 13:27:21+00:00,6,Tempat wajib yg pasti didatengin pas ke jkt bsok adalah Kopi Tuku 🫡,2003457401773769026,,,in,,1,1,0,https://x.com/duwarkaget/status/2003457401773769026,1769007185265311744,duwarkaget
2003383100878008508,2025-12-23 13:09:43+00:00,0,"@txtfromjogja Jujur, sok pengen nyoba mampir Kopi Klotok/Mbak Pesta ning nek kelingan antrine angkat tangan aku 😂 *ujunge gek tuku soto 😂",2003452965450023216,,txtfromjogja,in,,0,0,0,https://x.com/MMinami30/status/2003452965450023216,1010202179355807744,MMinami30
2003448653307084846,2025-12-23 12:52:35+00:00,0,Nyoba kopi tuku,2003448653307084846,,,in,,0,0,0,https://x.com/peoniesblossom/status/2003448653307084846,1665970683615252480,peoniesblossom
2003441362872816014,2025-12-23 12:23:37+00:00,0,"Masih open buat kopi tuku daerah semarang dan solo ya besss
Yg mau gas dm!",2003441362872816014,,,in,,0,0,0,https://x.com/anggitad4/status/2003441362872816014,3091939820,anggitad4
2003426895527071803,2025-12-23 12:12:39+00:00,0,@MEGURULVR_ Kok isa gak ada kopi tuku,2003438601829515701,,MEGURULVR_,in,,0,1,0,https://x.com/SiomayTelor/status/2003438601829515701,1150400191750533126,SiomayTelor
2003338382131519957,2025-12-23 11:53:24+00:00,0,@asbunbersama Bli kopi tuku mksdny min,2003433758922559790,,nasgordikaretin,in,,0,0,0,https://x.com/anderelafrizal/status/2003433758922559790,1541629655832154112,anderelafrizal
2003077793647894576,2025-12-23 11:47:29+00:00,0,"Di Tuku tuh aku udah pernah coba Kopi Susu Tetangga (KST), Earl Grey Milk Tea (EGMT) &amp; Coklat🙂‍↔️

Sebagai yang gak bisa ngopi, jujur KST bikin aku deg deg an banget. KYK ADUH PLEASE??? Beneran se-deg-degan itu wkwk. Kalau EGMT ternyata bikin aku kembung &amp; gak bisa tidur nyenyak https://t.co/l8aeVAA2lc",2003432269458092160,https://pbs.twimg.com/media/G82fBwzagAUACqz.jpg,nisynwafer,in,,0,1,0,https://x.com/nisynwafer/status/2003432269458092160,1059346373491884032,nisynwafer
1997242142193066187,2025-12-23 11:25:15+00:00,0,"☕️Kopi Tuku
💰25K
Alhamdulillah akhirnya bisa nyoba kopi ini. Rasanya ngingetin aku sama KSK famima tapi bedanya si rasa kopinya lebih strong ini. Kalau dikasih pilihan antara beli KSK famima atau ini aku tetep milih KSK🤭

#phudrink https://t.co/26k9sHb6Ob",2003426675535806761,https://pbs.twimg.com/media/G82Z8YebIAEL1KZ.jpg,sansafzh,in,,0,0,0,https://x.com/sansafzh/status/2003426675535806761,1990098464609632256,sansafzh
2002931824142815333,2025-12-23 09:54:26+00:00,0,"@jiungsgirlie @ATEEZofficial Elu lah kopi tuku gwa
Elu lah blonkrik gwa
Elu lah actifed gwa
Elu lah degirol gwa
Elu lah omeprazol gwa
Elu lah kol goreng gwa
Elu lah mie ayam gwa",2003403820769124769,,jiungsgirlie,in,,0,0,0,https://x.com/HONGGIVERSE/status/2003403820769124769,3255534853,HONGGIVERSE
2003396010366894290,2025-12-23 09:23:24+00:00,0,"jujur pusing banget, udah 2 hari ga makan nasi dan tadi gue minum kopi tuku. jangan huek dulu pls masih ada setengah jam lagi sebelum pulang. dan mood makan nasi gue lagi jelek banget gue udah pesen subway, aman lah ya",2003396010366894290,,,in,,0,0,0,https://x.com/cinnamonky00ng/status/2003396010366894290,1708660381865168896,cinnamonky00ng
2003245831974203832,2025-12-23 08:58:13+00:00,0,@SoleneKika Mana kopi Tuku nya kak Kika?,2003389671796301985,,sparkedkika,in,,0,1,0,https://x.com/SolaceLindblad/status/2003389671796301985,1999717977558859776,SolaceLindblad
2002905389772513455,2025-12-23 08:45:32+00:00,0,@jirseok Kita liburan bertiga yaa. 😏 Kita mah liburan ke kopi tuku doang.,2003386479104647507,,jirseok,in,,0,0,0,https://x.com/HuedHearts/status/2003386479104647507,1991091881091149824,HuedHearts
2003356782920630655,2025-12-23 06:53:59+00:00,0,"@blueheytz skip , duit e gawe tuku kopi ae wkwk",2003358408892907914,,blueheytz,in,,0,1,0,https://x.com/kalongbooy/status/2003358408892907914,1083087533255217152,kalongbooy
2003348395273126057,2025-12-23 06:14:12+00:00,0,Pake scrub purbasari yang coffee milk trus sabunan cookies and cream-nya boots plus lotion naturally speaking yang happy cocoa = badan bau coffeeshop = jadi kabita kopi = kopi pas banget abis = pesen tuku lewat grabfood. Hah kzl hilang sudah niatan sehari 0 rupiahku. #alasan,2003348395273126057,,,in,,0,0,0,https://x.com/bekic0tsuper/status/2003348395273126057,1078554470181568512,bekic0tsuper
2003343499668934663,2025-12-23 05:54:45+00:00,0,Blok M spots: Bakmie Djokin + Tuku Coffee (takeaway) https://t.co/GsrksjfiBl,2003343499668934663,https://pbs.twimg.com/media/G81OSBIaEAAIuHu.jpg,,in,,0,0,0,https://x.com/altarchivee/status/2003343499668934663,1908208385457311744,altarchivee
2003328644752798197,2025-12-23 04:55:43+00:00,0,"Kopi tuku gamau buka di bpp apa yaa, pengen banget rasain kopi tuku",2003328644752798197,,,in,,0,0,0,https://x.com/crumblee8/status/2003328644752798197,1994293613380210688,crumblee8
2003322705437982830,2025-12-23 04:32:07+00:00,0,Mumpung neng jero atm enek duit nganggur 45ewu🤣. Bingung tuku es kopi opo es teler+mie jebe+ bakaran yo. Nek tuku es teler mesti tuku sak panunggalane 😆,2003322705437982830,,,in,,0,0,0,https://x.com/fikazahra13/status/2003322705437982830,1209990620279795712,fikazahra13
2002983727958245572,2025-12-23 02:46:26+00:00,2,"@Sarawakyesss @tanyakanrl Kopi Tuku kayak gitu, ada kalanya ga bisa terima cash mereka pasang papan pengumuman diluar. tapi kadang customer tetap ga baca, pernah nemu ada yg cuma bawa cash, stafnya pada bantuin jadinya. ga salah sih Tuku makin rame beli offline walaupun kedainya kecil krn hospitalitynya",2003296108634866168,,Sarawakyesss,in,,0,0,0,https://x.com/bubblepaket/status/2003296108634866168,1432567019728113665,bubblepaket
2003295095496540274,2025-12-23 02:42:24+00:00,0,"challenge gak Tuku kemarin berhasil. w gak jajan Tuku bahkan gak jajan kopi. ✅

gatau kalau hari ini mah 🤣🤣🤣🤣",2003295095496540274,,,in,,1,1,0,https://x.com/uglysinner123/status/2003295095496540274,1008668492747296769,uglysinner123
2003279843916657108,2025-12-23 01:41:48+00:00,4,awali pagi dengan kopi susu tetangga extra milk dan bolu wortel tuku :),2003279843916657108,,,in,,0,0,0,https://x.com/Flawrose96/status/2003279843916657108,1583790968,Flawrose96
2003277770932326594,2025-12-23 01:37:32+00:00,0,"@agennadia [ bersyukur krn msh bisa bernapas di dalam pelukkan my husbando gw, msh bisa beraktipitas wlopun bengek dan suara abis, msh bisa cari uang disela2 org cuti panjang, msh bisa beli kopi tuku walopun duit ngepas, dan msh bisa jadi orang yg insha allah baik buat yg membutuhkan ]",2003278769914806704,,agennadia,in,,1,0,0,https://x.com/darknecessitied/status/2003278769914806704,837968465327595520,darknecessitied
2003278704596910177,2025-12-23 01:37:24+00:00,0,"kopi tuku
https://t.co/nzlR44X5FJ

shihlin
https://t.co/dV52osIeKw https://t.co/qjAymVEH3V",2003278736297546147,https://pbs.twimg.com/media/G80SfdNbEAA6Yyw.jpg,dyysyeee,in,,0,1,0,https://x.com/dyysyeee/status/2003278736297546147,1937115249125306368,dyysyeee
2003271909887332499,2025-12-23 01:10:16+00:00,14,"Beli 2 kopi tuku senin, biar 1 nya diminum selasa. Jadi ku simpen di kulkas kantor
Hari ini (selasa) pagi, cek kulkas
Tidak ada ges

Sedih sedikit😭🙏",2003271909887332499,,,in,,0,7,0,https://x.com/blessicaa_id/status/2003271909887332499,1663094558547382272,blessicaa_id
2003271404641476694,2025-12-23 01:08:16+00:00,0,"Promo Shopeefood

Kopi Tuku
https://t.co/ibFKmf7aBE

HokBen
https://t.co/aVlgINEW8Y

Republic Kebab
https://t.co/ZNcn1B23B9

Circle K
https://t.co/32Zf9q0pVf

Fish Streat
https://t.co/xL2Wnbm2W2

Dapur Cokelat
https://t.co/ygUEeQO3Zz

Mie Gacoan
https://t.co/KcoI14WrS6 https://t.co/9pM8uQEjgX",2003271404641476694,https://pbs.twimg.com/media/G80MuDYbgAAXhtd.jpg,,in,,0,0,0,https://x.com/3esihma/status/2003271404641476694,1847151278776111104,3esihma
2003241994710319267,2025-12-22 23:11:24+00:00,0,"POINT COFFEE

INFO NGOPI MURAH! Jgn lupa ada COMEBACK PROMO buat kopi seenak ini! Rugi bgt kalo ga dimanfaatin! 🫶🏻😭

✨VOUCHER DISKON RAME2 sd 100RB

Klaim voucher 100%
👉https://t.co/P6rK9m34Co 

gofood gacoan desember shopeepay kopken janji jiwa tomoro fore hidden tuku https://t.co/kqPaJk5hc6",2003241994710319267,https://pbs.twimg.com/media/G8zx-XsbAAEvyrY.jpg,,in,,0,0,0,https://x.com/bestbuybestie/status/2003241994710319267,1735456245304426496,bestbuybestie
2003126421313704201,2025-12-22 15:32:09+00:00,15,ke kopi tuku bareng yuk hari minggu besok? 👉👈 serius ini,2003126421313704201,,,in,,0,1,0,https://x.com/yakinpolos/status/2003126421313704201,1232566978667147265,yakinpolos
2003119457766621382,2025-12-22 15:04:29+00:00,0,Abs mnum kopi tuku jdi ngantuk bgt jjur tp pas malemnya kok GK BS TIDUR,2003119457766621382,,,in,,0,1,0,https://x.com/jejedochi/status/2003119457766621382,1140059595278172162,jejedochi
2003100362019098698,2025-12-22 13:54:29+00:00,0,@nupyie Kamu maunya apaa? Kopi kenangan? Fore? Atau tuku?,2003101840465105166,,ruthinkss,in,,0,1,0,https://x.com/impinkiesh/status/2003101840465105166,1739901077598924800,impinkiesh
2003085947899130095,2025-12-22 13:44:10+00:00,0,"@sisifuss_ Mending neng omah, tuku kopi segalon mendem dewean",2003099247223484773,,sisifuss_,in,,0,1,0,https://x.com/zakahats/status/2003099247223484773,258788501,zakahats
2003087214633468193,2025-12-22 12:56:22+00:00,0,"Entah kenapa kopi golda efeknya strong banget. Baru minum 1 teguk dan 5 menit kemudian badan langsung fresh, bersemangat, pengen yapping dan banyak ngobrol.
Beda sama kopi lain kayak famima, tuku, kopi sachetan, efeknya gak sekuat ini.",2003087214633468193,,,in,,0,0,0,https://x.com/StesiaStore/status/2003087214633468193,1829879979087446025,StesiaStore
2003046418412662826,2025-12-22 12:49:44+00:00,0,"@baecorgi Seriously? 

Kok gua brasa sama aja kek kopi biasa
Ya mirippp “ tuku lah kwkw",2003085547716346354,,baecorgi,in,,0,2,0,https://x.com/Juann_lee/status/2003085547716346354,1166610839627075584,Juann_lee
2003083545909272769,2025-12-22 12:41:47+00:00,0,"TOMORO COFFEE😭

Promo Desember gaada lawan guys! Ya kali only 15RIBU? Cek buruan deals up to 30% buruan! Mantep bgt hari ini🙀

✨DISKON 20RIBU

Klaim Voucher 55%
👉 https://t.co/rIxQzUnrAk

fore shopeefood info kode richeese gacoan spay tuku hari ibu kopken point janji jiwa https://t.co/sdHWOUw5QX",2003083545909272769,https://pbs.twimg.com/media/G8xh3R5a0AA7YAD.jpg,,in,,0,0,0,https://x.com/bestbuybestie/status/2003083545909272769,1735456245304426496,bestbuybestie
2003083301146566737,2025-12-22 12:40:49+00:00,0,"POINT COFFEE

INFO NGOPI MURAH! Jgn lupa ada COMEBACK PROMO buat kopi seenak ini! Rugi bgt kalo ga dimanfaatin! 🫶🏻😭

✨VOUCHER DISKON RAME2 sd 100RB

Klaim voucher 100%
👉https://t.co/P6rK9m34Co 

gofood gacoan desember shopeepay kopken janji jiwa tomoro fore hidden tuku https://t.co/yxanDNh04h",2003083301146566737,https://pbs.twimg.com/media/G8xhpLpa8AA83bV.jpg,,in,,0,0,0,https://x.com/bestbuybestie/status/2003083301146566737,1735456245304426496,bestbuybestie
2003077793647894576,2025-12-22 12:36:54+00:00,0,@nisynwafer Kopi tuku my love🫶,2003082316126810375,,nisynwafer,in,,0,0,0,https://x.com/2026akukayaraya/status/2003082316126810375,4711251133,2026akukayaraya
2002746958881103894,2025-12-22 10:03:45+00:00,0,"@Kent_Chii2 Cuma minum kopi susu lagi. Top tier gua ini hehe
Tuku: Caramel macchiatonya; Kisah Manis Bandung: Kopi Kisah Manisnya; De.u Bandung: De.u coffee nya. Goffee Bandung: Sea Salt Creme Brown/Caramel.",2003043777213337839,,Kent_Chii2,in,,0,0,0,https://x.com/KenkoPerci95330/status/2003043777213337839,1875116992673595392,KenkoPerci95330
2000072290604888173,2025-12-22 09:54:31+00:00,0,@isaleie Beneran beli kopi tuku?! Lucu banget. Padahal di korea bukannya ada yah? 😂,2003041453392679370,,isaleie,in,,0,1,0,https://x.com/sanghybeon/status/2003041453392679370,2270008566,sanghybeon
2003028158069772426,2025-12-22 09:01:42+00:00,0,"Kopi Tuku, nikmatnya kopi lokal dengan cita rasa juara ☕✨
Bikin harimu lebih semangat dan hangat!

Pesan sekarang dan rasakan kopi terbaiknya!
https://t.co/0mViw41GQj https://t.co/TepXTpRXUJ",2003028158069772426,https://pbs.twimg.com/media/G8wvfXeb0AE97QU.jpg,,in,,0,0,0,https://x.com/witrisyahputri/status/2003028158069772426,71719121,witrisyahputri
2003005203554205737,2025-12-22 08:53:35+00:00,0,@marthreeolives KYKNY IYH… gw udh lama bgt gak beli tuku😭selalu kopken/fore🫩 btw lu suka kopi juga ya?,2003026117704450165,,marthreeolives,in,,0,1,0,https://x.com/seanmantep/status/2003026117704450165,1978784332572725248,seanmantep
2003021290039583049,2025-12-22 08:34:24+00:00,1,Berhasil nyobain kopi Tuku setelah sekian lama. Approved. Nanti coba lagi.,2003021290039583049,,,in,,0,0,0,https://x.com/kazuhaback/status/2003021290039583049,1429767814705926145,kazuhaback
2003012103637278724,2025-12-22 07:57:54+00:00,0,kopi tuku kalo jadi orang udah gua nikahin,2003012103637278724,,,in,,0,0,0,https://x.com/taesansenopati/status/2003012103637278724,1530509675593990145,taesansenopati
2002984713028255745,2025-12-22 06:09:03+00:00,12,"Ndes, STOP scroll !!! kalo kamu tim kopi ☕
Long weekend + Kopi TUKU = WAJIB
Open jastip Kopi TUKU
Ready 25 Desember (Semarang)
Kopi Susu Tetangga &amp; Earl Grey Milk Tea
Harga all in

For more info: DM / WA https://t.co/2DOivoc4Zh",2002984713028255745,https://pbs.twimg.com/media/G8wH-yWXsAAnQxg.jpg,,in,,2,3,2,https://x.com/SmgMenfess/status/2002984713028255745,966083473,SmgMenfess
2002968975190458418,2025-12-22 05:06:47+00:00,0,fotonya langsung dari akun kopi tuku ya ehe,2002969041301086410,,setiapharingopi,in,,0,0,0,https://x.com/setiapharingopi/status/2002969041301086410,1831330450796883968,setiapharingopi
2002968975190458418,2025-12-22 05:06:31+00:00,0,"COBAIN KOPI TUKU YANG BIKIN MELEK ☕️☕️☕️
Tuku ada dua varian cold drip, pagi dan sore (bukan warung padang tp)

Nah, kalo aku tim PAGI. Rasanya pait, clean, ada hint cokelat di akhir gitu. Buat kamu yang gak suka kopi item yang agak fruity atau asem gitu, ini cocok banget!!!! https://t.co/YgCniWko8H",2002968975190458418,https://pbs.twimg.com/media/G8v4jwDaQAASZpZ.png,,in,,0,1,0,https://x.com/setiapharingopi/status/2002968975190458418,1831330450796883968,setiapharingopi
2002944761951559863,2025-12-22 04:53:32+00:00,0,"@anonymaulinmous aku tau bar maghrib seko omah, tekan alfamart maguwo, tuku kopi, tenguk2, jam 10 mulih 😂",2002965705122259003,,anonymaulinmous,in,,0,1,0,https://x.com/yanadheem/status/2002965705122259003,294964571,yanadheem
2002961517889896463,2025-12-22 04:36:53+00:00,0,"POINT COFFEE

INFO NGOPI MURAH! Jgn lupa ada COMEBACK PROMO buat kopi seenak ini! Rugi bgt kalo ga dimanfaatin! 🫶🏻😭

✨VOUCHER DISKON RAME2 sd 100RB

Klaim voucher 100%
👉https://t.co/P6rK9m34Co 

gofood gacoan desember shopeepay kopken janji jiwa tomoro fore hidden tuku https://t.co/rQ70LIvRX3",2002961517889896463,https://pbs.twimg.com/media/G8vy4gwbUAAt8iY.jpg,,in,,0,0,0,https://x.com/bestbuybestie/status/2002961517889896463,1735456245304426496,bestbuybestie
2002955779914248301,2025-12-22 04:14:05+00:00,0,untung kopi tuku gada di dramaga kalo ga duit gue akan selalu invest kesitu,2002955779914248301,,,in,,0,0,0,https://x.com/rajarakyatbiasa/status/2002955779914248301,1806967139498418176,rajarakyatbiasa
2002910022188314644,2025-12-22 04:05:40+00:00,0,"ㅤ

𝐎𝐧𝐞 𝐆𝐨𝐭𝐭𝐚 𝐆𝐨:

Kopi kenangan / Tuku / Strabucks / Fore 

ㅤ",2002953660482105693,,crewWONY,in,,36,1,0,https://x.com/crewWONY/status/2002953660482105693,1463082342797352971,crewWONY
2002765592542269818,2025-12-22 04:00:50+00:00,0,@backnumver Kopi susu. Tapi lagi suka beli tuku. Kamu apaa?,2002952444905689554,,infobmkgay,in,,0,1,0,https://x.com/cajfetaria/status/2002952444905689554,3166730384,cajfetaria
2002939156004282613,2025-12-22 03:08:02+00:00,0,"Warga Semarang dan Solo yg mau jastip Kopi Tuku (dkk) dm aku yaa
Ready 25 Des! 

#zonauang️",2002939156004282613,,,in,,0,0,0,https://x.com/anggitad4/status/2002939156004282613,3091939820,anggitad4
2002938086192451805,2025-12-22 03:03:47+00:00,0,"Moots/non moots Semarang dan Solo yg liat post ini, Aku buka jastip dari Jkt yaa
Yuk yg mau natalan sambil nyeruput kopi tuku!!!

Ready 25 Des. 
Semarang ready pagi, Solo ready malem. https://t.co/jtG6YT5yTh",2002938086192451805,https://pbs.twimg.com/media/G8vdkw8aYAAElEQ.jpg,,in,,0,0,0,https://x.com/anggitad4/status/2002938086192451805,3091939820,anggitad4
2002927988263072194,2025-12-22 02:23:39+00:00,0,"Promo Shopeefood

Mie Gacoan
https://t.co/T4jM8h6LlE

Kopi Tuku
https://t.co/EySEhKinf4

HokBen
https://t.co/3I57b4vYy2

Circle K
https://t.co/Cove1oAbWS

Fore Coffee
https://t.co/gto2ORhBOW

Republic Kebab
https://t.co/u7OZIthdm7

Burger Bangor
https://t.co/a4sQuRixZ9 https://t.co/gCLuTIsuvf",2002927988263072194,https://pbs.twimg.com/media/G8vUYfAXIAANhI2.jpg,,in,,0,0,0,https://x.com/3esihma/status/2002927988263072194,1847151278776111104,3esihma
2002925451300450603,2025-12-22 02:13:34+00:00,0,kenapa ya kopi tuku ga ada di btm :(,2002925451300450603,,,in,,0,1,0,https://x.com/malsz22/status/2002925451300450603,1172706973273313280,malsz22
2002921634764931265,2025-12-22 01:58:24+00:00,1,Semarang kenapa gak ada kopi tuku sih,2002921634764931265,,,in,,0,1,0,https://x.com/mangutpedes/status/2002921634764931265,1311113536509104128,mangutpedes
2002908586901639494,2025-12-22 01:42:31+00:00,0,bahkan djuara atau kopi manapun yg org bilang enak menurutku beda sm kemenangan😞😞😞 (lebay) yg mirip cm tuku tapi tetep kemanangan &gt; tuku sih buat aku😭😭😭,2002917638117429477,,chikampok,in,,0,1,0,https://x.com/chikampok/status/2002917638117429477,393321925,chikampok
2002789645151809862,2025-12-21 17:13:56+00:00,0,kst by kopi tuku.,2002789645151809862,,,in,,0,0,0,https://x.com/_mnijihyo/status/2002789645151809862,3294591566,_mnijihyo
2002706487530205664,2025-12-21 15:10:31+00:00,0,@yourgemes bisa dibungkusin kopi tuku tiap hari,2002758587144437881,,yourgemes,in,,0,1,0,https://x.com/agatszzen/status/2002758587144437881,1644604007711928325,agatszzen
2002741103624438172,2025-12-21 14:02:47+00:00,0,"Pulang sore msh sempet nawarin bantuin urusan dapur. Tau2 abis maghrib ngajakin keluar beli kopi TUKU yg udah gak antre panjang.
Masya Allah Tabarakallah. Sehat2 suamik, besok rejeki nya Allah ganti berkali2 lipat ❤️",2002741542210150511,,Karina_Karin22,in,,0,0,0,https://x.com/Karina_Karin22/status/2002741542210150511,172581090,Karina_Karin22
2002723155362844984,2025-12-21 13:15:52+00:00,0,@marbofloxacin Dadi iling tuku kopi ng fore te bayar cash malah diomong “kakaknya belum pernah beli difore ya?” Fore malang ndisek oleh bayar cash 😭😭,2002729735672279405,,marbofloxacin,in,,0,2,0,https://x.com/Sukab63/status/2002729735672279405,1680880812122869760,Sukab63
2002725447856214132,2025-12-21 12:58:50+00:00,0,"Toko Kopi Tuku Malang sekarang ada di ShopeeFood! Pesan Sekarang, langsung diantar. https://t.co/t1PjbmwD8A https://t.co/KCbm00iUIc",2002725447856214132,https://pbs.twimg.com/media/G8scLZla4AEZHAu.jpg,,in,,0,0,0,https://x.com/blublubcookies/status/2002725447856214132,1941120942828396544,blublubcookies
2002721751021875442,2025-12-21 12:44:08+00:00,0,"FORE COFFEE☕

Lagi santai gini paling enak kalo minum kopi enak + murah gak si?😭 Nih cobain Fore Matcha! Jgn tunggu abis

✨DISKON 20RB
✨Voucher 25% sd 50RB

Klaim voucher
👉 https://t.co/7ANx5y3KeC

shopeefood promo janji jiwa gacoan point tomoro hidden tuku kode kopken https://t.co/mNQY4g1K6y",2002721751021875442,https://pbs.twimg.com/media/G8sY0MQagAAHcG5.jpg,,in,,0,0,0,https://x.com/bestbuybestie/status/2002721751021875442,1735456245304426496,bestbuybestie
2000482616559149359,2025-12-21 11:23:44+00:00,0,@Taesfn KELAZ. Cucunya Hj. Slamet kah? Luas amat itu sawah udah bisa bikin negara sendiri 🗿 kan seketika dd lupa kemarin siapa tuh yang bikinin Kopi Susu Tetangganya di Tuku :),2002701517317714202,,Taesat,in,,0,1,0,https://x.com/haecban/status/2002701517317714202,2348889504,haecban
2002692888988430424,2025-12-21 10:49:27+00:00,0,"Menamatkan kopi susu viral di 3 kota :

Tuku - Jakarta
Makmur Jaya - Bandung
Couve - Jogja ✅✅✅ https://t.co/T2o4r3AoM0",2002692888988430424,https://pbs.twimg.com/media/G8r-kMhaYAASP2u.jpg,,in,,0,1,0,https://x.com/Marcode991/status/2002692888988430424,1467151856560271363,Marcode991
2002680373826990302,2025-12-21 09:59:43+00:00,0,"Ada yg balas Kopi Tuku masih terima cash (sementara kopi2 lain udh nggak) Emang oke si toko kopi ini deh. Udah kopinya enak, masih menghargai orang.",2002680373826990302,,,in,,0,0,0,https://x.com/MeiranieMei/status/2002680373826990302,34503740,MeiranieMei
2002667540087214426,2025-12-21 09:08:43+00:00,0,Ya Allah kapan yaa jd juragan kos apaga jd ci i o dehh🥺 pls pgn pnya toko kopi tuku sndri😔😔,2002667540087214426,,,in,,0,0,0,https://x.com/watanabe_girl/status/2002667540087214426,1625896926045700096,watanabe_girl
2002635315258012014,2025-12-21 09:07:41+00:00,0,"@cysibeejj Sebagai orang jakarta akutu jarang ke blok M karena ga tahan rame nya, biasanya Aku ke Misoa Story, kopi tuku, beli love cheese, mie kangkung kite, atau randomly makan yg di pujasera blok M square, tapi bisa nyoba Artirasa, matchaman blok M, mack's creamery",2002667277163045000,,cysibeejj,in,,0,1,0,https://x.com/latte_eoni/status/2002667277163045000,1560612777080676352,latte_eoni
2002642025586536812,2025-12-21 07:27:20+00:00,0,knp y aletta itu gmw ak titipin kopi tuku…. 💔💔💔 mnrt kalian dia bnran shbtku atau hny seekor siluman kucing?????,2002642025586536812,,,in,,0,0,0,https://x.com/ikissummer/status/2002642025586536812,1813786531410374657,ikissummer
2002591150146740647,2025-12-21 07:25:07+00:00,0,@kdyprincess @mlbbfess 1 bintang 1 kopi tuku,2002641466473263371,,kdyprincess,in,,0,0,0,https://x.com/Dipsy24956207/status/2002641466473263371,1132968136485900290,Dipsy24956207
2002535281552207874,2025-12-21 05:54:08+00:00,0,@uglysinner123 BA tuku gak sih ini,2002618568517800173,,uglysinner123,in,,0,1,0,https://x.com/Hello_kopi/status/2002618568517800173,629788765,Hello_kopi
2002611435659288806,2025-12-21 05:25:47+00:00,0,kopi tuku kalo jd org mungkin udh gw kekepin mlu,2002611435659288806,,,in,,0,0,0,https://x.com/ursexiestex/status/2002611435659288806,1224611046234587137,ursexiestex
2002608831768224005,2025-12-21 05:20:30+00:00,1,"(4/6)

Kasus hilangnya tumbler Kopi Tuku milik penumpang KRI, menyoroti tanggung jawab hukum operator transportasi publik, PT KAI Commuter, dalam penanganan barang hilang yang berada di bawah pengawasannya. Dari Perspektif Perlindungan Konsumen (UU No. 8/1999) KAI Commuter",2002610104819200145,,Juristicid,in,,0,1,0,https://x.com/Juristicid/status/2002610104819200145,1517451923951321088,Juristicid
2002608831768224005,2025-12-21 05:18:10+00:00,1,"di Stasiun Rangkas Bitung, saat pengambilan keesokan harinya ia mendapati tumbler Kopi Tuku berwarna biru miliknya sudah hilang. Petugas keamanan di lokasi mengaku isi tas tidak diperiksa saat serah terima dari petugas pengawal kereta (Walka). Kasus ini memicu kegaduhan setelah",2002609517377519806,,Juristicid,in,,0,1,0,https://x.com/Juristicid/status/2002609517377519806,1517451923951321088,Juristicid
2002577077401538715,2025-12-21 05:09:13+00:00,0,"@musicores gabisa terlalu minum kopi, apalagi tuku kopinya lumayan strong",2002607264822407641,,musicores,in,,0,1,0,https://x.com/losveds/status/2002607264822407641,3291963906,losveds
2002598856794779839,2025-12-21 04:35:48+00:00,0,"TOMORO COFFEE😭

Promo Desember gaada lawan guys! Ya kali only 15RIBU? Cek buruan deals up to 30% buruan! Mantep bgt hari ini🙀

✨DISKON 20RIBU

Klaim Voucher 55%
👉 https://t.co/rIxQzUnrAk

fore shopeefood info kode richeese gacoan spay tuku tumbler kopken point janji jiwa https://t.co/KcIwfMj5U7",2002598856794779839,https://pbs.twimg.com/media/G8qpC4AbMAEMMKc.jpg,,in,,0,0,0,https://x.com/bestbuybestie/status/2002598856794779839,1735456245304426496,bestbuybestie
2002594386920775701,2025-12-21 04:23:05+00:00,0,"@wijayasasnaaa kopi tuku sih, taste nya pas aja, mungkin kalo ada yg lebih oke dr tuku mau ta coba juga 🤔",2002595657123836115,,wijayasasnaaa,in,,0,0,0,https://x.com/vvaterforest/status/2002595657123836115,1675269623741308928,vvaterforest
2002578245850706363,2025-12-21 03:13:54+00:00,0,"List Promo Shopeefood ⏬

Momoyo
https://t.co/Dw1heMX7Ng

Belikopi
https://t.co/XYnOuCZUwV

Hotways Chicken
https://t.co/PPQtp6KqZG

Tomoro Coffee
https://t.co/t4Q2oT0zMC

Mie Gacoan
https://t.co/aFmgam8zp2

Sushi Yay
https://t.co/uVJTKJoa8v

Kopi Tuku
https://t.co/awR0qvt1cA https://t.co/DYKt4r854V",2002578245850706363,https://pbs.twimg.com/media/G8qWS_XbMAMLoTl.jpg,,in,,0,0,0,https://x.com/m_mola9591/status/2002578245850706363,1882643851107848192,m_mola9591
2002565420428243442,2025-12-21 02:31:52+00:00,0,@apaajagino req kopi tuku,2002567665416876372,,apaajagino,in,,0,0,0,https://x.com/gaudenxaverius/status/2002567665416876372,1683397257230680069,gaudenxaverius
2002548909101727967,2025-12-21 01:18:46+00:00,0,"kopi tuku
https://t.co/djy1NsBart

shihlin
https://t.co/O5I9moEB7H https://t.co/PWGehahOHM",2002549270969520263,https://pbs.twimg.com/media/G8p779QboAE65QK.jpg,dyexpl0rer,in,,0,1,0,https://x.com/dyexpl0rer/status/2002549270969520263,1911673721661571072,dyexpl0rer
2002543677701566622,2025-12-21 00:56:32+00:00,0,"POINT COFFEE

INFO NGOPI MURAH! Jgn lupa ada PROMO Double Signature buat kopi seenak ini! Rugi bgt kalo ga dimanfaatin! 🫶🏻😭

✨VOUCHER DISKON RAME2 sd 100RB

Klaim voucher 100%
👉https://t.co/P6rK9m34Co 

gofood gacoan desember shopeepay kopken janji jiwa tomoro fore hidden tuku https://t.co/7BmCOZSVtt",2002543677701566622,https://pbs.twimg.com/media/G8p225LbMAASmeo.jpg,,in,,0,0,0,https://x.com/bestbuybestie/status/2002543677701566622,1735456245304426496,bestbuybestie
2002543378584776860,2025-12-21 00:55:21+00:00,0,"FORE COFFEE☕

Lagi santai gini paling enak kalo minum kopi enak + murah gak si?😭 Nih cobain Fore Matcha! Jgn tunggu abis

✨DISKON 20RB
✨Voucher 25% sd 50RB

Klaim voucher
👉 https://t.co/7ANx5y3KeC

shopeefood promo janji jiwa gacoan point tomoro hidden tuku kode kopken https://t.co/ePlkrUozZI",2002543378584776860,https://pbs.twimg.com/media/G8p2ld1bMAAyXgz.jpg,,in,,0,0,0,https://x.com/bestbuybestie/status/2002543378584776860,1735456245304426496,bestbuybestie
2002542761728487452,2025-12-21 00:52:54+00:00,0,"Promo Shopeefood

Mie Gacoan
https://t.co/LZE0k1SfBz

Kopi Tuku
https://t.co/zm9oo7tQ3m

HokBen
https://t.co/dJEL6ZgFUF

Familymart
https://t.co/UkfqO5kfDQ

Burger Bangor
https://t.co/KFxMwtPvCL

Fore Coffee
https://t.co/O2xeeywKRZ

Tomoro Coffee
https://t.co/SfbIQ0G9mR https://t.co/NrYHSV1Grn",2002542761728487452,https://pbs.twimg.com/media/G8p2BiKbQAAyNk3.jpg,,in,,0,0,0,https://x.com/MomoBolat/status/2002542761728487452,1901941124534808576,MomoBolat
2002539269638983732,2025-12-21 00:39:01+00:00,0,"after tuku segelas kopi sek seharga 2 liter pertamax  , gwendeng lek wkwk https://t.co/lhsTCIgjDD",2002539269638983732,https://pbs.twimg.com/media/G8py2lWbMAEyA_k.jpg,,in,,0,0,0,https://x.com/belonnggg_/status/2002539269638983732,1237721381522927616,belonnggg_
2002223720023138444,2025-12-20 19:38:16+00:00,1,@FOOD_FESS Kopken kopi terenak setelah tuku (versi gua),2002463580223111514,,FOOD_FESS,in,,0,0,0,https://x.com/rusdi_afrsyh/status/2002463580223111514,1226836584126799873,rusdi_afrsyh
1877506777602052466,2025-12-20 19:09:26+00:00,0,@Strategi_Bisnis Syarat kerjasama dengan kopi tuku apa yak?,2002456326329467207,,Strategi_Bisnis,in,,0,0,0,https://x.com/chndrhsr/status/2002456326329467207,1850453742174502912,chndrhsr
2002260216159547393,2025-12-20 17:17:51+00:00,0,@tanyakanrl deket kopi tuku gbk nah disitu,2002428243161591837,,tanyakanrl,in,,0,0,0,https://x.com/fauzanpaham/status/2002428243161591837,2385373710,fauzanpaham
2002367527939420599,2025-12-20 16:21:01+00:00,73,@cupang_fish @bangherwin Banyak bgt. Di mall2 biasanya gerai makanan udh gak nerima cash. Sejauh ini kalau coffee shop yg masih nerima cash tuh tuku..,2002413940824027554,,cupang_fish,in,,1,4,0,https://x.com/ravenxxxxk/status/2002413940824027554,755847800,ravenxxxxk
2002391686065148156,2025-12-20 15:38:04+00:00,0,"@justbrownnn no? kamu lah, kopi tuku bisa, memajukan warkop pak yanto ga bisa🙄🙄",2002403135189303545,,dipahardja,in,,0,1,0,https://x.com/dharajuann/status/2002403135189303545,1907847779692720178,dharajuann
2002401714503090215,2025-12-20 15:32:26+00:00,0,nk es kopi Tuku😔,2002401714503090215,,,in,,0,0,0,https://x.com/iamthecaptai_n/status/2002401714503090215,3273041268,iamthecaptai_n
2002397211536339202,2025-12-20 15:14:43+00:00,0,i ❤️ kopi tuku cintaku,2002397255182266441,,Mewnolia,in,,0,0,0,https://x.com/Mewnolia/status/2002397255182266441,931648781421916160,Mewnolia
2002381379871649955,2025-12-20 14:19:46+00:00,0,@gideondra LAH KOPI YANG AKU MINUM SEKARANG YA TUKU...,2002383429992960445,,gideondra,in,,1,0,0,https://x.com/vlthassa/status/2002383429992960445,1931736040206999552,vlthassa
2002381936610689534,2025-12-20 14:13:50+00:00,47,tuku kopi TUKU! https://t.co/xBX4bF9mRY,2002381936610689534,https://pbs.twimg.com/media/G8njv_hbMAAz2jJ.jpg,,in,,0,3,0,https://x.com/lowkeybehaviour/status/2002381936610689534,1408678235513135107,lowkeybehaviour
2002379276990198225,2025-12-20 14:03:16+00:00,0,kepengen kopi tuku dari jaman dall ga keturutan,2002379276990198225,,,in,,0,1,0,https://x.com/ichikiwirrrr/status/2002379276990198225,1145200409859915778,ichikiwirrrr
2002374875789603210,2025-12-20 13:45:47+00:00,0,"Ke tuku beli kopi ❎ 
Ke tuku beli carrot cake + onigiri nya 🤤✅ https://t.co/21KBeVWhtV",2002374875789603210,https://pbs.twimg.com/media/G8ndVoGbMAM_h6F.jpg,,in,,0,0,0,https://x.com/reinesday/status/2002374875789603210,1469328701317730307,reinesday
2002169274689872035,2025-12-20 13:32:53+00:00,0,"@jogja_base Bayangno gaji rak nganti 2,5 arep tuku kopi regane 25k wkwk",2002371628953678227,,jogja_base,in,,0,0,0,https://x.com/prtmaptra_/status/2002371628953678227,1159106513895510016,prtmaptra_
2002358582663090545,2025-12-20 12:41:02+00:00,0,"tetiba liat org post minum kopi. ya Allah pgn bgt beli tuku, tp blm ada income tambahan, itungan gue buat bulan dpn masih minus 1jt (500k utang rl, 500k buat pegangan sebulan)😭",2002358582663090545,,,in,,0,0,0,https://x.com/dubidamdudu_/status/2002358582663090545,1077128240571940864,dubidamdudu_
2002346977577623666,2025-12-20 11:54:55+00:00,0,kangen makan seirock ya sama minum kopi tuku,2002346977577623666,,,in,,0,1,0,https://x.com/itsmejenox/status/2002346977577623666,1474028444656685061,itsmejenox
2002343620809302209,2025-12-20 11:41:35+00:00,0,"Kondisi sales karo marketing ngadepi akhir tahun, wis bener durung kiye Lurr? 😅  

Tahun anyar motor anyar, tuku Yamaha mung kaya tuku kopi, mung 29 ewu sedina, langsung bae merapat neng dealer Yamaha cedek omahmu, Lurr! 🛵🔥  

#yamaha #yamahaindonesia #ckpp25 https://t.co/ZnoCttbS2E",2002343620809302209,https://pbs.twimg.com/amplify_video_thumb/2002343498595598336/img/WOz43NTo8KjPmmua.jpg,,in,,0,0,0,https://x.com/CilacapKekinian/status/2002343620809302209,1261951270383808512,CilacapKekinian
2002338275084914807,2025-12-20 11:20:21+00:00,1,"Btw hari itu kenapa kopinya enak banget ya? Ini pertama kalinya beli kopi susu tetangga di Tuku Cipete, biasanya di Salihara &amp; Kantin kantor. Sebelumnya kalo abis minum suka mules n agak eneg perut, hari itu kopinya berasa enak banget. Kopi &amp; susunya pas, manisnya juga pas.",2002338275084914807,,,in,,0,0,0,https://x.com/abang_gembull/status/2002338275084914807,887944139970457604,abang_gembull
2001599229412937826,2025-12-20 11:02:50+00:00,9,@halcyoneva @yogsyg Ibu2 kopi tuku again...,2002333867404132403,,halcyoneva,in,,0,0,0,https://x.com/Popipu162022/status/2002333867404132403,1697630718669836288,Popipu162022
2002327292346053123,2025-12-20 10:36:42+00:00,5,nek gaenek info meh budal tuku kopi dewe,2002327292346053123,,,in,,0,0,0,https://x.com/sukaseladaaa/status/2002327292346053123,1541784733771698176,sukaseladaaa
2002305614819832171,2025-12-20 09:10:34+00:00,0,"Promo kopi sore sabtu dapatkan di shopeefood

Kopi Calf
https://t.co/9JZ29zIs09

Kopi Tuku
https://t.co/vkZDvhSw1K

Kopi Philosophy
https://t.co/Q7X7vX5fiP

Kopi Kenangan
https://t.co/W98Ul1yEow

Janji Jiwa
https://t.co/4Ruwz0dceq",2002305614819832171,,,in,,0,0,0,https://x.com/ike_tjn/status/2002305614819832171,513346093,ike_tjn
2002299064483016798,2025-12-20 08:44:32+00:00,0,Kopi Tuku Pondok Pinang udah berubah jadi Indomaret 😭,2002299064483016798,,,in,,0,0,0,https://x.com/ichwxn/status/2002299064483016798,41993467,ichwxn
2001599229412937826,2025-12-20 07:51:54+00:00,0,"@yogsyg Gaji dosen PNS bisa tiap hari beli kopi Tuku. Wow. Apalah saya yg cuma dosen daerah, swasta lagi, bisa UMR juga alhamdulillah :)",2002285817608204289,,yogsyg,in,,0,0,0,https://x.com/spillprils/status/2002285817608204289,1726143700236173312,spillprils
2002259946759745649,2025-12-20 06:09:06+00:00,0,"soal uasnya analisis kopi tuku, kan jadi pengen..",2002259946759745649,,,in,,0,1,0,https://x.com/retrouvaillesvn/status/2002259946759745649,1474611222083301376,retrouvaillesvn
2002256916429557819,2025-12-20 05:57:03+00:00,0,"TOMORO COFFEE😭

Promo Desember gaada lawan guys! Ya kali only 15RIBU? Cek buruan deals up to 30% buruan! Mantep bgt hari ini🙀

✨DISKON 20RIBU

Klaim Voucher 55%
👉 https://t.co/rIxQzUnrAk

fore shopeefood info kode richeese gacoan spay tuku tumbler kopken point janji jiwa https://t.co/YAeHb6KF3n",2002256916429557819,https://pbs.twimg.com/media/G8lyDUIaMAA3-RW.jpg,,in,,0,0,0,https://x.com/bestbuybestie/status/2002256916429557819,1735456245304426496,bestbuybestie
2002256609326801151,2025-12-20 05:55:50+00:00,0,"POINT COFFEE

INFO NGOPI MURAH! Jgn lupa ada PROMO Double Signature buat kopi seenak ini! Rugi bgt kalo ga dimanfaatin! 🫶🏻😭

✨VOUCHER DISKON RAME2 sd 100RB

Klaim voucher 100%
👉https://t.co/P6rK9m34Co 

gofood gacoan desember shopeepay kopken janji jiwa tomoro fore hidden tuku https://t.co/E8QwrQNJ6a",2002256609326801151,https://pbs.twimg.com/media/G8lxxchbQAAW49v.jpg,,in,,0,0,0,https://x.com/bestbuybestie/status/2002256609326801151,1735456245304426496,bestbuybestie
2002247190560027062,2025-12-20 05:18:24+00:00,0,"Dapatkan voucher promo Shopeefood spesial kopi pilihan

Kopi Calf
https://t.co/4Ruwz0dceq

Diskon Kopi Tuku
https://t.co/vkZDvhSw1K

Kopi Philosophy
https://t.co/Q7X7vX5fiP

Kopi Kenangan
https://t.co/W98Ul1yEow

Janji Jiwa
https://t.co/4Ruwz0dceq",2002247190560027062,,,in,,0,0,0,https://x.com/ike_tjn/status/2002247190560027062,513346093,ike_tjn
2002232504817004745,2025-12-20 04:20:03+00:00,1,"Kopi tuku,calf,fore tahan diri dulu 🙂",2002232504817004745,,,in,,0,0,0,https://x.com/popsiclegrape99/status/2002232504817004745,1996294474876755968,popsiclegrape99
2002228670430355474,2025-12-20 04:04:49+00:00,0,"Promo Shopeefood

Hotways Chicken
https://t.co/1jyhTO9cqL

Mie Gacoan
https://t.co/qS70MrP95q

Sushi Yay
https://t.co/n6uXNOadzg

Kopi Tuku
https://t.co/LoqCsOX2lY

HokBen
https://t.co/Umb2kivuNt

Wizzmie
https://t.co/HKlc1FAcod

Solaria
https://t.co/25YC3BwuRn https://t.co/ppoH5MLYXc",2002228670430355474,https://pbs.twimg.com/media/G8lYXEGbQAEUB07.jpg,,in,,0,0,0,https://x.com/MomoBolat/status/2002228670430355474,1901941124534808576,MomoBolat
2002226645982457874,2025-12-20 03:56:46+00:00,0,Ok kopi tuku tetangga less sugar,2002226645982457874,,,in,,0,0,0,https://x.com/taminaminaee_/status/2002226645982457874,1957156496300814336,taminaminaee_
2001810330423599264,2025-12-20 03:15:15+00:00,0,@direktoridosen Tapi ada dosen pns yg order gofood tiap hari trus minum kopi tuku 🤣,2002216197006442768,,direktoridosen,in,,0,1,0,https://x.com/wiraaaaa27/status/2002216197006442768,768305447870738432,wiraaaaa27
2002202725610922292,2025-12-20 02:54:44+00:00,0,@dituduh_pki Mending tuku kopi,2002211032564183364,,dituduh_pki,in,,0,1,0,https://x.com/jagungpletok/status/2002211032564183364,1086795724329635840,jagungpletok
2002209382151643473,2025-12-20 02:48:10+00:00,0,"kopi tengah enak juga yah, mirip tuku lagi 😭👍",2002209382151643473,,,in,,0,0,0,https://x.com/kaazuhaaa/status/2002209382151643473,1029700248342474758,kaazuhaaa
2002192099769528763,2025-12-20 01:39:30+00:00,0,"Not Fine Gunungkuning Pagii berburu 100k diskon Cocoa ikuti update bnpb 

https://t.co/P9slRjnVky
Fore Coffee 
https://t.co/WlUWSmy0oz
Tuku 
https://t.co/aa27KHjSED
Point Coffee 
https://t.co/NdDg4oLJwd
Kopi Kenangan https://t.co/zw3bOqu4iI",2002192099769528763,https://pbs.twimg.com/media/G8k3GY1akAA4Bl3.jpg,,in,,0,0,0,https://x.com/goodservice_id/status/2002192099769528763,1918132089402298368,goodservice_id
2002076438628086036,2025-12-20 00:16:00+00:00,1,@coklatalm0nd Yuk kopi tuku??,2002171087287898348,,coklatalm0nd,in,,0,0,0,https://x.com/yogitamablu/status/2002171087287898348,1028167479506264065,yogitamablu
2001884409377755449,2025-12-19 16:56:58+00:00,0,"@FLCKR_ID @dick76083 btw gue jd barista 2010 jd gatau skrg krn ga beli sbux lg since ada tuku dkk. 

pada masanya di sbux lu kalau reguler customer gausah ngmg apa2 barista2nya dah hapal pesenan lu. blm ada sesi kopi testing buat ngenalin kopi2 dunia. 

gengsi? ada pasti, tp konteks sama pesawat?",2002060601951203622,,FLCKR_ID,in,,0,1,0,https://x.com/ozziozzi/status/2002060601951203622,23259417,ozziozzi
2002059031528210544,2025-12-19 16:50:44+00:00,0,otak isinya kopi tuku mulu https://t.co/hFWUV0L1B8,2002059031528210544,https://pbs.twimg.com/media/G8i-ExIa4AA_NPr.jpg,,in,,0,0,0,https://x.com/trilingualll/status/2002059031528210544,1641569216670347264,trilingualll
2002050296495976919,2025-12-19 16:16:52+00:00,0,ngeluh tp yo ra nyambung soale dee yo flexing pas di jkt sugeeh boros tuku kopi lalala yeyeye?? gak jelas blas,2002050508362776922,,huftT_T,in,,0,0,0,https://x.com/huftT_T/status/2002050508362776922,1284342851921305600,huftT_T
2001153082835796479,2025-12-19 15:52:25+00:00,0,@indah_budianti kurang kopi tuku nih kak,2002044356581343247,,indah_budianti,in,,0,0,0,https://x.com/karirfess/status/2002044356581343247,1314840619378896896,karirfess
2001844705303367923,2025-12-19 15:32:25+00:00,0,"@Prachi_2050 tuku njir, mencoba menjadi barista dibali. agar bisa meracik kopi sendiri di aussie yg similar with tuku",2002039321923338570,,Prachi_2050,in,,0,0,0,https://x.com/macalessuger03/status/2002039321923338570,98799955,macalessuger03
2000072290604888173,2025-12-19 13:14:09+00:00,0,@sanghybeon Duh aslinya mah oengen banget -.- tapi first thing first yang aku lakukan di jkt adalah membeli kopi tuku :9,2002004528292630589,,sanghybeon,in,,0,1,0,https://x.com/isaleie/status/2002004528292630589,839551536648740864,isaleie
2001997915007643683,2025-12-19 12:47:52+00:00,6,I love you kopi tuku kemang https://t.co/wiRWjaxQ4j,2001997915007643683,https://pbs.twimg.com/media/G8iGdr4bMAAUSsB.jpg,,in,,0,0,0,https://x.com/aku_zuzu/status/2001997915007643683,1286273566149767168,aku_zuzu
2001972544703004973,2025-12-19 11:07:04+00:00,0,OG coffee shop take away circa 2015 sebelom Tuku dkk merambah luar jakarta,2001972544703004973,,,in,,0,0,0,https://x.com/mrngiwut/status/2001972544703004973,73305203,mrngiwut
2001960070951973335,2025-12-19 10:17:30+00:00,0,gue udah di fase takikardi minum kopi tuku setengah gelas,2001960070951973335,,,in,,0,1,0,https://x.com/13050P/status/2001960070951973335,1511319925214019586,13050P
2001952641803530585,2025-12-19 09:47:58+00:00,0,tuku kopi enak tida gusy jujur blm pernah cuba,2001952641803530585,,,in,,0,0,0,https://x.com/leehansight/status/2001952641803530585,1889285745149612034,leehansight
2001942570977710482,2025-12-19 09:07:57+00:00,0,"Diskon kopi shopeefood jumat ceria 

Kopi Calf
https://t.co/9JZ29zIs09

Kopi Tuku
https://t.co/vkZDvhSw1K

Kopi Philosophy
https://t.co/Q7X7vX5fiP

Kopi Kenangan
https://t.co/W98Ul1yEow

Janji Jiwa
https://t.co/4Ruwz0dceq",2001942570977710482,,,in,,0,0,0,https://x.com/ike_tjn/status/2001942570977710482,513346093,ike_tjn
2001937938163372354,2025-12-19 08:49:33+00:00,0,anjay deket tuku bukit duri tebet ada flash coffee,2001937938163372354,,,in,,0,0,0,https://x.com/athenzdite/status/2001937938163372354,1804828084224565248,athenzdite
2001914166471196997,2025-12-19 08:00:04+00:00,0,"@sbyfess podo ae ng warkop,tuku kopi ireng 3000,6 jam muter slot,utang maneng wkkwkwkw",2001925486637879519,,sbyfess,in,,0,0,0,https://x.com/keseIeknenen/status/2001925486637879519,1917943363246153728,keseIeknenen
2001924241676292374,2025-12-19 07:55:07+00:00,1,"Deket bgt padahal sama kantor, tapi pertama kali beli kopi tuku 🫩👍 https://t.co/XswNtjQ7GN",2001924241676292374,https://pbs.twimg.com/media/G8hDe-QakAQTj8B.jpg,,in,,0,0,0,https://x.com/sotoayamkalkun/status/2001924241676292374,1100798254269091840,sotoayamkalkun
2001923007774888083,2025-12-19 07:50:13+00:00,0,baru tau ternyata di bundaran HI ada pop up store kopi tuku https://t.co/JAJxsycUDk,2001923007774888083,https://pbs.twimg.com/media/G8hCXIXboAAaiHg.jpg,,in,,0,0,0,https://x.com/jake_bahng/status/2001923007774888083,1952020214159495168,jake_bahng
2001914166471196997,2025-12-19 07:15:05+00:00,51,"-rek emang jaman tambah maju tp etika malah mundur, kon tuku satu minuman terus lungguh nang coffee shop 5 jam lebih tanpa beli opo2 maneh, sumpah jembek pol aku rasane, tlg etikane po'o.",2001914166471196997,,,in,,7,39,1,https://x.com/sbyfess/status/2001914166471196997,1152437175587241985,sbyfess
2001889684096716813,2025-12-19 06:55:50+00:00,0,@RifandikaNA Sek jelas cukup nggo tuku kopi kina mas kwkww,2001909322650128706,,RifandikaNA,in,,0,0,0,https://x.com/dimasjermy/status/2001909322650128706,890566827566170112,dimasjermy
2001900658673520959,2025-12-19 06:21:25+00:00,0,Kopi susu terpercaya emang cuma Tuku,2001900658673520959,,,in,,0,0,0,https://x.com/riaafiani/status/2001900658673520959,94484613,riaafiani
2001889523199021082,2025-12-19 05:56:44+00:00,1,@ahmadhizbun mit n grit sm ak bayarnya pake kopi tuku aj kok😻,2001894447630745876,,ahmadhizbun,in,,0,1,0,https://x.com/erlieyz/status/2001894447630745876,1243379346120667139,erlieyz
2001892172518564159,2025-12-19 05:47:41+00:00,0,"Spill promo kopi shopeefood desember

Kopi Calf
https://t.co/9JZ29zIs09

Kopi Tuku
https://t.co/vkZDvhSw1K

Kopi Philosophy
https://t.co/Q7X7vX5fiP

Kopi Kenangan
https://t.co/W98Ul1yEow

Janji Jiwa
https://t.co/4Ruwz0dceq",2001892172518564159,,,in,,0,0,0,https://x.com/ike_tjn/status/2001892172518564159,513346093,ike_tjn
2001862020455632987,2025-12-19 05:46:23+00:00,0,"@vichazkwkdjd @jaenoitsme Tuku ada di stasiun bni city, block m, dll. Sumpah kalo suka kopi wajib di cobaiin. Kalo suka yg pit less sugar. Klo ga suka yg normal aja. Wajibb. Sama kopi bandung namanya apa mi? Gue lupaa",2001891844855337209,,vichazkwkdjd,in,,0,2,0,https://x.com/teazzitea/status/2001891844855337209,1237087754619473920,teazzitea
2001862020455632987,2025-12-19 05:41:05+00:00,0,@jaenoitsme @vichazkwkdjd Ajak main vichaaaaaaa 😭😭😭 KOPI TUKU TER DEBESSSSS 🫵🏻✨,2001890510534045895,,jaenoitsme,in,,0,1,0,https://x.com/teazzitea/status/2001890510534045895,1237087754619473920,teazzitea
2001858808172220468,2025-12-19 04:41:38+00:00,1,"@tanyarlfes Lumayan nder, bisa buat beli kopi tuku 8 kali.",2001875546880512377,,tanyarlfes,in,,0,0,0,https://x.com/DipoNiarto/status/2001875546880512377,153432675,DipoNiarto
2001862020455632987,2025-12-19 04:29:02+00:00,0,@vichazkwkdjd @jaenoitsme @LJENO00_ @meuongiejeno Wkwkwkwk ini si vicha sama yami wajib beliin gue kopi tuku.,2001872379014980080,,vichazkwkdjd,in,,0,1,0,https://x.com/teazzitea/status/2001872379014980080,1237087754619473920,teazzitea
2001867407422558547,2025-12-19 04:09:17+00:00,0,gmn si caranya ngurangin kopi terutama tuku😩,2001867407422558547,,,in,,0,0,0,https://x.com/conbek614_/status/2001867407422558547,1211886646251016192,conbek614_
2001847642557681832,2025-12-19 02:50:45+00:00,0,"Promo Shopeefood

Kopi Tuku
https://t.co/7JYGyPtG73

Sushi Yay
https://t.co/cF2aQzPLMu

HokBen
https://t.co/l4weD6ntr6

Jatinangor House
https://t.co/X816Xa8utP

Burger Bangor
https://t.co/3Q6wdMpuL1

Dapur Cokelat
https://t.co/XEXKDAhCRj

Richeese Factory
https://t.co/xqCF0n8034 https://t.co/x9kZ1cuQMY",2001847642557681832,https://pbs.twimg.com/media/G8f90O9bYAArSCy.jpg,,in,,0,0,0,https://x.com/3esihma/status/2001847642557681832,1847151278776111104,3esihma
2001844969640718338,2025-12-19 02:40:07+00:00,2,"halo -rek, bantu isi kuesioner akuuu dong. buat yang pernah beli kopi tuku BPBU Gubeng. tolonggg, masih butuh byk responden nihh. boleh rep aja ya guyss nanti sender d m (d m nya dibuka yaa)🫰🫰 https://t.co/0HWjnUGMa0",2001844969640718338,https://pbs.twimg.com/media/G8f7ZB0WUAATBtJ.jpg,,in,,0,5,0,https://x.com/sbyfess/status/2001844969640718338,1152437175587241985,sbyfess
2001573015566586108,2025-12-19 02:26:57+00:00,0,"@diltopagelhaii @papibebek sambil komat kamit mulut mbah dukun baca manga
dengan segelas kopi tuku lalu pasien dibanjur",2001841655805325540,,diltopagelhaii,in,,0,0,0,https://x.com/UJANGgrimis/status/2001841655805325540,139176964,UJANGgrimis
2001719437632983287,2025-12-18 18:21:18+00:00,0,"kalo mikirin ampasnya hidup, ampas kopi tuku bakal kalah sm ampasnya hidup gue",2001719437632983287,,,in,,0,0,0,https://x.com/fufufafajaya/status/2001719437632983287,1692121498167971840,fufufafajaya
2001631601407529106,2025-12-18 17:56:17+00:00,1,@yubifess tuku….tpi kopjay enak….tpi kopken ga kalah enak nder….kopi famima juga okeyy heheheh,2001713142469193943,,yubifess,in,,0,0,0,https://x.com/basotebu/status/2001713142469193943,1369692158899277828,basotebu
2001342045361967233,2025-12-18 17:56:00+00:00,0,"@FOOD_FESS 1. Fore (triple peach americano) 
2. Tomoro (peach americano) 
3. Point (Butterscotch latte) 
4. Tuku (kopi susu tetangga) 
5. Nescafe (americano) 

Ada yang lebih enak lagi coffeeshop di grand wisata namanya Nikrom coffe, semua kopinya enak apalagi yang lemon skies",2001713067743400279,,FOOD_FESS,in,,0,0,0,https://x.com/watiselalubenar/status/2001713067743400279,1308723159990808576,watiselalubenar
2001701798646804550,2025-12-18 17:11:13+00:00,0,"Taun ini nanas jd anak kopi jadi banyak kopi terbaiknya. Top 3 tuku, calf, sama makjay 🤤🤤 td nyobain little contrast enak juga cuma keknya mau coba yg double shot espresso(?) nya deh",2001701798646804550,,,in,,0,0,0,https://x.com/krejifangurl/status/2001701798646804550,2335315734,krejifangurl
2001697984602607855,2025-12-18 16:56:03+00:00,0,"Brand kopi kekinian pertama yang bkin aku makin jadi coffee addict
Tp lama2 ga konsisten rasanya trus beralih ke janji jiwa
Janji jiwa jg udh kureng, beralih ke kopken. Kopken dah kureng skrg udh deh minum Tuku ae",2001697984602607855,,,in,,0,0,0,https://x.com/ddohaelova/status/2001697984602607855,1496462106887360514,ddohaelova
2001342045361967233,2025-12-18 16:44:43+00:00,0,@FOOD_FESS Best aku thn ini ada batavia dari djournal sama kopi susu tetangga dari tuku sii fix ini no debat😩 https://t.co/JSjdmprtBk,2001695132152934870,https://pbs.twimg.com/media/G8dzHAjacAAkR67.jpg,FOOD_FESS,in,,0,0,0,https://x.com/matchamatchoo/status/2001695132152934870,1496535315431161856,matchamatchoo
2001620708720525314,2025-12-18 16:14:12+00:00,0,"@sunmerstrikes 3 galon kayaknya cukup, sisanya kopi tuku ya",2001687449257545987,,sunmerstrikes,in,,0,0,0,https://x.com/cynefiln/status/2001687449257545987,1937476083101892610,cynefiln
2001631601407529106,2025-12-18 16:01:59+00:00,7,"@yubifess tergantung preferensi sih nder, kalau suka kopi yg strong bakal lebih enak tuku. kalau lebih suka yg light bakal lebih enak kopjay....imo",2001684375344460195,,yubifess,in,,0,0,0,https://x.com/sarashineyy/status/2001684375344460195,1086597296840568834,sarashineyy
2001342045361967233,2025-12-18 15:50:11+00:00,0,"@FOOD_FESS kopi tuku, bahkan mau less sugar, non sugar, tetep enak bangett, creamynya masih berasa, apalagi awal bulan, tpi kalo menjelang akhir bulan si family mart ksk less sugar, kopken, and calf paling itu si yang bener² fav banget, but tuku is my favorite",2001681408746754104,,FOOD_FESS,in,,0,0,0,https://x.com/imrooh_/status/2001681408746754104,1454756585100611585,imrooh_
2001675590823481436,2025-12-18 15:27:04+00:00,0,"makasih sender udah nanya ini, sebagai tuku dan kopjay enjoyer menurut gua dua2nya enak. satu yang menjadi pembeda adalah... mantap jaya seger baru jadi memang tidak ada kalahnya, tp tuku tuh walau esnya udh mencair tetep kerasa bgt kopi susunya, rasanya gak terlalu berubah",2001675590823481436,,,in,,0,1,0,https://x.com/xdinarye/status/2001675590823481436,1277873162877669376,xdinarye
2001342045361967233,2025-12-18 15:25:09+00:00,0,"@FOOD_FESS makjay tiger milk &amp; tuku susu aren
they are not coffee, TAPI AKU CINTA https://t.co/KGMUfqY70F",2001675106192654693,https://pbs.twimg.com/media/G8dg4xcb0AEXyjl.jpg,FOOD_FESS,in,,0,0,0,https://x.com/tweetyyypieee/status/2001675106192654693,1721765466165952512,tweetyyypieee
2001659560319422549,2025-12-18 15:18:30+00:00,0,"@yourmelodyp jangan😭 dia wlpn creamy bgt tp kopinya masih kerasa strong, klo mau coba tuku atau fore yg bumi latte atau gaa kopi ksk nya famima itu aman bgttt (murah juga)",2001673434661867600,,yourmelodyp,in,,0,1,0,https://x.com/jjaeyunnu/status/2001673434661867600,1389250203513802753,jjaeyunnu
2001665421712429129,2025-12-18 14:46:40+00:00,0,"hari ini sit and talk di tuku sampai tutup, and now my hair smells like coffee :&gt;",2001665421712429129,,,in,,0,0,0,https://x.com/703antara/status/2001665421712429129,1608499838555148291,703antara
2001664182438199607,2025-12-18 14:41:44+00:00,0,"Kopi Susu (sesuai urutan):
1. TUKU
2. FORE
3. SEPERDUA

Manual Brew:
1. No 8
Itu doang buat manual brew 😭 belum nemu lg yg enak. Udah cobain manual brew di tempat viral pun mah kureng.",2001664182438199607,,,in,,0,1,0,https://x.com/hiuuterdampar/status/2001664182438199607,1297423100,hiuuterdampar
2001651136835785029,2025-12-18 13:49:54+00:00,1,"Kuncine ojo tuku kopi kenangan sing tokoe ruame
Rasane aneh 😭",2001651136835785029,,,in,,0,1,0,https://x.com/karrepmmu/status/2001651136835785029,1187643036068483072,karrepmmu
2001631601407529106,2025-12-18 12:32:16+00:00,14,braw! enakan kopi tuku apa kopjay?,2001631601407529106,,,in,,13,44,1,https://x.com/yubifess/status/2001631601407529106,809094068294664192,yubifess
2001586024418529507,2025-12-18 11:14:29+00:00,0,@ThanZhiDor yahhh aku member kopi tuku,2001612023516545236,,ThanZhiDor,in,,0,1,0,https://x.com/yarrafebryann/status/2001612023516545236,1068344178382274562,yarrafebryann
2001610280745521185,2025-12-18 11:07:33+00:00,2,"❓ IBUUUKKK! spill coffee favorite kamu!! aku mau cobain 💋
https://t.co/M8pMhbZ6uK
💬 boleh boleeehh!
ini list karena kopinya ada di malang ya 🤣👍🏻

1. TUKU! (ga akan pernah tergeser ka... #tellonine https://t.co/HSOxzlq49R",2001610280745521185,,,in,,0,1,0,https://x.com/ninemoirai/status/2001610280745521185,1645403965461508097,ninemoirai
2001479011986514171,2025-12-18 11:04:01+00:00,4,"@txtdrkuliner Dulu perasaan banyak cabangnya. Sekarang udah pada tutup dan kalah saing sama toko kopi lainnya.

Also gw sempat ngira ini anak perusahaannya Tuku",2001609388818309541,,txtdrkuliner,in,,0,0,0,https://x.com/PetrolWeeb/status/2001609388818309541,1303855886884986880,PetrolWeeb
2001078090982904169,2025-12-18 08:16:48+00:00,0,"@maxize BENEEEERRRR! kopken menurutku kopi nya enaaaaak banget dibanding yang lain, aku udah coba tuku sama janjia balik ke kopken lagi 😮‍💨",2001567308058423612,,maxize,in,,0,0,0,https://x.com/culmtural/status/2001567308058423612,4717537692,culmtural
2001558140043898984,2025-12-18 07:47:23+00:00,0,@sodaqueee Ta temenin di coffee Tuku Kemang,2001559905619357862,,sodaqueee,in,,0,0,0,https://x.com/strokegassday/status/2001559905619357862,1747281061774757888,strokegassday
2001342045361967233,2025-12-18 05:57:06+00:00,0,"@FOOD_FESS MORO COFFEE daerah Jangli, Semarang! Rekomendasi dari temenku kalau rasanya mau mirip TUKU",2001532154107564433,,FOOD_FESS,in,,0,0,0,https://x.com/meveis/status/2001532154107564433,1036130887132360704,meveis
2001342045361967233,2025-12-18 05:51:06+00:00,0,@FOOD_FESS tuku animo sama sebelas coffee sih,2001530644330054049,,FOOD_FESS,in,,0,0,0,https://x.com/mellionsun/status/2001530644330054049,1082566636014456832,mellionsun
2001527541736378549,2025-12-18 05:38:47+00:00,0,"POINT COFFEE

INFO NGOPI MURAH! Jgn lupa ada PROMO Double Signature buat kopi seenak ini! Rugi bgt kalo ga dimanfaatin! 🫶🏻😭

✨VOUCHER DISKON RAME2 sd 100RB

Klaim voucher 100%
👉https://t.co/P6rK9m34Co 

gofood gacoan desember shopeepay kopken janji jiwa tomoro fore hidden tuku https://t.co/lLX9ijVEWR",2001527541736378549,https://pbs.twimg.com/media/G8basFzakAIuxu-.jpg,,in,,0,0,0,https://x.com/bestbuybestie/status/2001527541736378549,1735456245304426496,bestbuybestie
2001518019936436252,2025-12-18 05:02:15+00:00,2,"akhirnya pilihan lidah dan perut yang cocok jatuh di Kopi Kenangan. 
Tuku sebenernya enak, tapi terlalu creamy. 

sekian intermezzo siang ini.",2001518348144898108,,gustypratama17,in,,0,0,0,https://x.com/gustypratama17/status/2001518348144898108,36386543,gustypratama17
2001518019936436252,2025-12-18 05:00:57+00:00,3,"semenjak tahun ini mood booster gue kopi. gak nyangka dulu gak suka kopi, tapi karena sekali cobain Bacha bareng creamernya jadi suka.. 

mulailah explore pilihan kopi yang lebih affordable untuk daily kan, dari Tuku, Kopken, Janji Jiwa dll.",2001518019936436252,,,in,,0,1,0,https://x.com/gustypratama17/status/2001518019936436252,36386543,gustypratama17
2000820732327043412,2025-12-18 04:53:04+00:00,0,"@sbyfess aku biasae tuku butterscoth sea salt latee amb pandan latte trus less sugar nder, kopi tani series enak cm sayang ga iso turu aku mari ngombe iku",2001516038534713525,,sbyfess,in,,0,0,0,https://x.com/haludinasi/status/2001516038534713525,273233364,haludinasi
2001514022647296045,2025-12-18 04:45:03+00:00,0,kopi tuku emang seenak itu kah? penasaran,2001514022647296045,,,in,,0,0,0,https://x.com/nexmpel/status/2001514022647296045,1726122409735110656,nexmpel
2001342045361967233,2025-12-18 04:11:46+00:00,1,"@FOOD_FESS The famous one!
1. Tuku : Kopi Susu Tetangga
2. The OG Fore: Butterscotch sea salt Latte
3. Alfamart Beans Coffee: Cheese Presso

Dannn hidden gem di Jogja, dari Dummin Coffee yang brown sugar latte🥹🤎 https://t.co/PctcAtJEcp",2001505646353797187,https://pbs.twimg.com/media/G8bGxlSaMAA8LUV.jpg,FOOD_FESS,in,,0,1,0,https://x.com/panganpeople/status/2001505646353797187,1410496166920278020,panganpeople
2001342045361967233,2025-12-18 03:26:14+00:00,0,"@FOOD_FESS 1. Calf
2. Kopi jaya
3. Tuku",2001494185330020694,,FOOD_FESS,in,,0,0,0,https://x.com/barbajaa/status/2001494185330020694,1679763391,barbajaa
2000814483724280213,2025-12-17 03:24:57+00:00,0,@SoloMenfess 530 ewu tuku kopi terus tipes ora yo,2001131473265680443,,SoloMenfess,in,,0,0,0,https://x.com/alief_pn/status/2001131473265680443,1283738721578217473,alief_pn
2001120446440419478,2025-12-17 02:41:08+00:00,0,"ROTI O🔥

ROTI CUMA 1 RUPIAH AJA!!! Harus banget dimanfaatin guys. Cek juga Paket Desember Roti’O cuma 10ribuan😭🫶🏻

✨DISKON 20RB
✨Voucher 60% sd 20RB

Klaim cepet
👉 https://t.co/EH8ZiCgKcG

shopeefood tuku coffee point shopeepay sfood mcd kopi richeese pizza gacoan hidden https://t.co/WGbWXOa8hf",2001120446440419478,https://pbs.twimg.com/media/G8Vob9ma4AE-B1Z.jpg,,in,,0,0,0,https://x.com/bestbuybestie/status/2001120446440419478,1735456245304426496,bestbuybestie
2001119623157309706,2025-12-17 02:37:51+00:00,0,"TOMORO COFFEE😭

Promo Desember gaada lawan guys! Ya kali diskon 15RIBU? Cek buruan deals up to 30% buruan! Mantep bgt weekend ini🙀

✨DISKON 20RIBU

Klaim Voucher 55%
👉 https://t.co/rIxQzUnrAk

fore shopeefood info kode richeese gacoan spay tuku tumbler kopken point janji jiwa https://t.co/wtT16ZlG4J",2001119623157309706,https://pbs.twimg.com/media/G8VnsG8aoAAj5QH.jpg,,in,,0,0,0,https://x.com/bestbuybestie/status/2001119623157309706,1735456245304426496,bestbuybestie
2001114240497938472,2025-12-17 02:16:28+00:00,0,Pan tuku kopi laka duite,2001114240497938472,,,in,,0,0,0,https://x.com/jeksijek/status/2001114240497938472,2606396532,jeksijek
2001111810989330809,2025-12-17 02:14:42+00:00,0,"@ifanahlaziraf Eh, liat ini deh. Toko Kopi Tuku, Malang di GoFood.
https://t.co/J1BqkjWQXR",2001113796866428956,,hyuung_nim,in,,0,0,0,https://x.com/hyuung_nim/status/2001113796866428956,1191636918,hyuung_nim
2001111810989330809,2025-12-17 02:06:49+00:00,2,kopi tuku ni ga jualan di gofood ya 😕,2001111810989330809,,,in,,0,3,0,https://x.com/ifanahlaziraf/status/2001111810989330809,114877015,ifanahlaziraf
2001105571848839353,2025-12-17 01:42:01+00:00,0,jauh banget dari sawojajar ke bondowoso cuman buat kopi tuku 😖 https://t.co/NZdDIFsNmi,2001105571848839353,https://pbs.twimg.com/media/G8Va6LCa4AEMKHC.jpg,,in,,0,0,0,https://x.com/llouuiiii/status/2001105571848839353,1252005033048109056,llouuiiii
2001096387665256476,2025-12-17 01:05:32+00:00,0,"Promo Shopeefood

Kopi Tuku
https://t.co/CBBVVCkVbf

Fish Streat
https://t.co/sHgE0ZHmm1

Republic Kebab
https://t.co/TexePUkhHm

Fore Coffee
https://t.co/fZCKIToaTQ

Tomoro Coffee
https://t.co/s1LKRAVnFP

The Harvest
https://t.co/2q43bU62xX

Dapur Cokelat
https://t.co/JhygHKSxjO https://t.co/pZcdu3Hczf",2001096387665256476,https://pbs.twimg.com/media/G8VSjfubIAA4Ni7.jpg,,in,,0,0,0,https://x.com/3esihma/status/2001096387665256476,1847151278776111104,3esihma
2001091799008583937,2025-12-17 00:47:18+00:00,0,"Kita semua menjadi saksi drama Tumbler Kopi Tuku yang viral, sebuah insiden yang melampaui sekadar penjualan produk, dan menjadi cerminan nyata dari perilaku pasar, etika bisnis, dan tentunya, sindrom FOMO (Fear of Missing Out) kolektif kita.",2001091802338877953,,podcast_tyler,in,,0,1,0,https://x.com/podcast_tyler/status/2001091802338877953,1446295404287455238,podcast_tyler
2001090283317215329,2025-12-17 00:41:16+00:00,0,"""Cimina napa kamu ga racik kopi sendiri ae..timbangane tuku mbendino. Tinggal beli bubuk kopi dewe, beli susu, beli whisk ngono2. Lek enak iso mbok dol nang kantor.""

Bener juga sihh..in this economy sepertinya kudu kreatif. Memang lah shift malam ni boros duit jajan kopi 😭🫠",2001090283317215329,,,in,,0,1,0,https://x.com/nabilasilmina/status/2001090283317215329,60604781,nabilasilmina
2001085822754590945,2025-12-17 00:23:33+00:00,0,"Hebat ya kopi Tuku, usahanya jadi merambah ke apparel. https://t.co/FIubYmACnV",2001085822754590945,https://pbs.twimg.com/media/G8VIwTBaAAALji3.jpg,,in,,0,0,0,https://x.com/Dedy44169434/status/2001085822754590945,1006840774502146049,Dedy44169434
2001085582202884423,2025-12-17 00:22:35+00:00,0,"Promo Diskon Toko Kopi Tuku sekarang ada di ShopeeFood 🎉☕✨ 

Ngopi dulu biar semangat kerja 💪 
Yuk pesan di sini 👇
✨  https://t.co/nHh8SKzb4p

Promo Shopeefood voucher diskon kopi pagi https://t.co/qn6WeZ6EwX",2001085582202884423,https://pbs.twimg.com/media/G8VIukrbEAAfWs-.jpg,,in,,0,0,0,https://x.com/3esihma/status/2001085582202884423,1847151278776111104,3esihma
2001085456293753102,2025-12-17 00:22:05+00:00,0,"Sarapan pagi ini: nasi, sambel tempe, ayam bakar + kopi tuku.",2001085456293753102,,,in,,0,1,0,https://x.com/_debriz/status/2001085456293753102,1890214362083913734,_debriz
2001004911153307975,2025-12-16 19:02:02+00:00,0,"makasih kopi tuku, walaupun kemarin baru tidur 2 jam, tp gw tetep bisa seger kayak abis tidur 18 jam",2001004911153307975,,,in,,0,0,0,https://x.com/notsoeasygoing/status/2001004911153307975,1295581607923871744,notsoeasygoing
2000966479295209708,2025-12-16 16:29:19+00:00,1,"sbnrny tuh td ak mw mampir ke tuku dl beli kopi, tp kelupaan anjay ak mw melek semaleman enihhh wml dah",2000966479295209708,,,in,,0,1,0,https://x.com/snaccidentz/status/2000966479295209708,1941053118692683776,snaccidentz
2000953112786559369,2025-12-16 15:36:12+00:00,0,"ini sakit tapi enggak berdarah (tapi cukup bikin mual muntah), aku udah enggak bisa minum kopi tuku, bahkan earl greynya juga nggak bisa. 💔",2000953112786559369,,,in,,0,0,0,https://x.com/thebfcult/status/2000953112786559369,1474123955392950284,thebfcult
2000906478824390809,2025-12-16 12:30:54+00:00,0,"wes tuku rokok.. wes ngawe kopi...
garapan jelas... kog yo jek ga mood ngarap iki... https://t.co/9QtQTdWCrH",2000906478824390809,https://pbs.twimg.com/media/G8Sl1aKb0AAZCgX.jpg,,in,,0,0,0,https://x.com/liradianta/status/2000906478824390809,187235531,liradianta
2000895416288821705,2025-12-16 11:46:56+00:00,0,"TOMORO COFFEE😭

Promo Desember gaada lawan guys! Ya kali diskon 15RIBU? Cek buruan deals up to 30% buruan! Mantep bgt weekend ini🙀

✨DISKON 20RIBU

Klaim Voucher 55%
👉 https://t.co/rIxQzUnrAk

fore shopeefood info kode richeese gacoan spay tuku tumbler kopken point janji jiwa https://t.co/prlaCjTnYo",2000895416288821705,https://pbs.twimg.com/media/G8SbxhnaUAANTd6.jpg,,in,,0,0,0,https://x.com/bestbuybestie/status/2000895416288821705,1735456245304426496,bestbuybestie
2000886979207291011,2025-12-16 11:13:25+00:00,0,"POINT COFFEE

INFO NGOPI MURAH! Jgn lupa ada PROMO Double Signature buat kopi seenak ini! Rugi bgt kalo ga dimanfaatin! 🫶🏻😭

✨DISKON 18RB
✨Voucher 10RB

Klaim voucher 100%
👉https://t.co/P6rK9m34Co 

gofood gacoan desember shopeepay kopken janji jiwa tomoro fore hidden tuku https://t.co/fW1AgiA1bW",2000886979207291011,https://pbs.twimg.com/media/G8SUGS7a4AUksJd.jpg,,in,,0,0,0,https://x.com/bestbuybestie/status/2000886979207291011,1735456245304426496,bestbuybestie
2000873695410344056,2025-12-16 11:00:36+00:00,0,@skyllib Halo semua. Perkenalkan nama aku billy. Aku suka banget sama kopi tuku 🙄🙄🙄 https://t.co/Fg3mhey8Xg,2000883753745535221,https://pbs.twimg.com/tweet_video_thumb/G8SRKc8a4AkgTXq.jpg,skyllib,in,,0,1,0,https://x.com/buckleybliss/status/2000883753745535221,250644338,buckleybliss
2000881760805249121,2025-12-16 10:52:41+00:00,0,pls Kopi Tuku buka cabang di Suhat Malang,2000881760805249121,,,in,,0,0,0,https://x.com/inishintiaaa/status/2000881760805249121,1293120366152302592,inishintiaaa
2000874805298593969,2025-12-16 10:25:02+00:00,0,"Selama ini beli tuku kopi susu tetangga aja, iseng nyobain teh remon enak jugaa. Next mau nyoba go es😆 https://t.co/RdIFSHLzNq",2000874805298593969,https://pbs.twimg.com/media/G8SJBoFa4Acaaws.jpg,,in,,0,0,0,https://x.com/gyulpeach/status/2000874805298593969,749958248954892288,gyulpeach
2000873527751401946,2025-12-16 10:19:58+00:00,0,Ada yg rumahnya Jogja? Pliss ada yg open jasa beli tuku kopi trs cod di Malioboro? #zonauang️,2000873527751401946,,,in,,0,2,0,https://x.com/hi_kimgi/status/2000873527751401946,2311102814,hi_kimgi
2000868212616110274,2025-12-16 09:58:50+00:00,0,kopi tuku buka di solo is riil?? 😵,2000868212616110274,,,in,,0,1,0,https://x.com/litereliaweirdo/status/2000868212616110274,1262624712103870464,litereliaweirdo
2000853608477372821,2025-12-16 09:19:24+00:00,0,@YogurtSinbiotik kopi tuku yang di margorejo itu modelnya kayak di kopken merr gitu kah mas? yang bisa buat wfc?,2000858286250467557,,YogurtSinbiotik,in,,0,1,0,https://x.com/ashawnnty/status/2000858286250467557,1947315022054432768,ashawnnty
2000853608477372821,2025-12-16 09:00:48+00:00,0,"Ga sabar Kopi Tuku buka di Margorejo, bakal lebih gede dari yang di Malang 🥳",2000853608477372821,,,in,,0,1,0,https://x.com/YogurtSinbiotik/status/2000853608477372821,289127749,YogurtSinbiotik
2000820732327043412,2025-12-16 08:46:16+00:00,0,"@sbyfess Koyoke lek nonkopi aku rekom chocolate ice blended less sugar se nder, soale lumayan suwi aku tuku jam 6 maghrib pas aku ngancani mamaku kemo nde siloam. Disrut-srut malah entek e jam 9. Lek sing kopi ki drung nyoba, tapi koyoke pas sesi kemo ibukku sing berikute bakal nyoba",2000849949286916284,,sbyfess,in,,0,0,0,https://x.com/ALienisazi/status/2000849949286916284,1146411704441434112,ALienisazi
2000823397547434240,2025-12-16 07:00:46+00:00,0,"Hari ini berat bgt, gue putuh selfreward beli kopi tuku",2000823397547434240,,,in,,0,0,0,https://x.com/avatarrangg/status/2000823397547434240,1657666500,avatarrangg
2000818614623199392,2025-12-16 06:41:45+00:00,0,"Spill promo kopi enak rekomendasi shopeefood

Kopi Calf
https://t.co/9JZ29zIs09

Kopi Tuku
https://t.co/vkZDvhSw1K

Kopi Philosophy
https://t.co/Q7X7vX5fiP

Kopi Kenangan
https://t.co/W98Ul1yEow

Janji Jiwa
https://t.co/4Ruwz0dceq",2000818614623199392,,,in,,0,0,0,https://x.com/ike_tjn/status/2000818614623199392,513346093,ike_tjn
2000800534882869353,2025-12-16 05:43:37+00:00,0,"@panggilakunorma sebagai yang ga bisa bedain kopi enak ato ngga yg penting rasanya ga terlalu creamy dan ga fruity, tuku sih",2000803984706298363,,panggilakunorma,in,,0,0,0,https://x.com/wigglytiddy_/status/2000803984706298363,1589171970171875329,wigglytiddy_
2000803497311338909,2025-12-16 05:41:41+00:00,0,"Promo Shopeefood

Kopi Tuku
https://t.co/NM5e9dHtM3

Mie Gacoan
https://t.co/P0sxNK5Fse

Dadar Beredar
https://t.co/LG9JRQ200n

HokBen
https://t.co/wyvFfjecMa

Sushi Yay
https://t.co/FcMl5yMJGH

Richeese Factory
https://t.co/WYDaBSrzKY

Yoshinoya
https://t.co/ZXj1vWcXMZ https://t.co/P6jqeQBgNw",2000803497311338909,https://pbs.twimg.com/media/G8RIK68agAAqGyI.jpg,,in,,0,0,0,https://x.com/pinkforestxoxo/status/2000803497311338909,1858457623684878336,pinkforestxoxo
2000749050027761697,2025-12-16 04:29:20+00:00,0,"12. 𝐎𝐧𝐞 𝐆𝐨𝐭𝐭𝐚 𝐆𝐨:

Kopi Kenangan / Fore / Tuku / Starbucks / Arabica",2000785289514729668,,oceancalista,in,,35,1,0,https://x.com/oceancalista/status/2000785289514729668,1451005673525760003,oceancalista
2000781724247318924,2025-12-16 04:15:10+00:00,0,Cek Tuku Biji Kopi: Tetangga Blend (250 gram) dengan harga Rp102.000. Dapatkan di Shopee sekarang! https://t.co/UguS5kzYCs https://t.co/ZTHr0IcYrl,2000781724247318924,https://pbs.twimg.com/media/G8Q0YBXa4Ac4Lv1.jpg,,in,,0,0,0,https://x.com/yolehyola/status/2000781724247318924,973077666,yolehyola
2000756865165337022,2025-12-16 02:50:39+00:00,0,"@goddamnni Jakarta ny dmn san ?
klo di malang starbuck ada kan ya ?
Cobain kopi fore atau tuku klo di sana ga ada..",2000760453165900071,,goddamnni,in,,0,0,0,https://x.com/van_ilafingers/status/2000760453165900071,1632457767373127680,van_ilafingers
2000744337987211414,2025-12-16 01:46:43+00:00,3,"kopi tuku
https://t.co/nzlR44X5FJ

shihlin
https://t.co/dV52osIeKw https://t.co/NCm27BxT3f",2000744366462394471,https://pbs.twimg.com/media/G8QSS8cawAAWPua.jpg,dyysyeee,in,,3,1,1,https://x.com/dyysyeee/status/2000744366462394471,1937115249125306368,dyysyeee
2000743201880068447,2025-12-16 01:42:05+00:00,0,Enak banget sarapankuuu indomie goreng telor dadar + kopi tuku di tumblr wkwk. Sebulan sekali gpp yah😌 https://t.co/c2Xo77n9JJ,2000743201880068447,https://pbs.twimg.com/media/G8QRVWca4AIKK_B.jpg,,in,,0,0,0,https://x.com/_lucelence_/status/2000743201880068447,46562180,_lucelence_
2000743027246338112,2025-12-16 01:41:24+00:00,0,"POINT COFFEE

INFO NGOPI MURAH! Jgn lupa ada PROMO Double Signature buat kopi seenak ini! Rugi bgt kalo ga dimanfaatin! 🫶🏻😭

✨DISKON 18RB
✨Voucher 10RB

Klaim voucher 100%
👉https://t.co/P6rK9m34Co 

gofood gacoan desember shopeepay kopken janji jiwa tomoro fore hidden tuku https://t.co/DPcybYaBGC",2000743027246338112,https://pbs.twimg.com/media/G8QRLQ6b0AAmFWn.jpg,,in,,0,0,0,https://x.com/bestbuybestie/status/2000743027246338112,1735456245304426496,bestbuybestie
2000635397488148967,2025-12-16 01:29:22+00:00,0,@WildaAznaAwalin lhaa pamer ora digowo yo mending tuku kopi sak stel barkui ukur ukur,2000740001282490552,,WildaAznaAwalin,in,,0,2,0,https://x.com/thoofailii/status/2000740001282490552,1032408153638354944,thoofailii
2000725746667675928,2025-12-16 00:32:44+00:00,0,"Promo Kopi di Shopeefood

Kopi Tuku
https://t.co/Dvv1WVmoOj

Point Coffee
https://t.co/97OikWKRf6

Kopi Domu
https://t.co/2S6HKpHrwe

Familymart
https://t.co/xfb1H1KiLX

Fore Coffee
https://t.co/ttdvkrlwyn

Tomoro Coffee
https://t.co/1GEErram5X

Kopi Calf
https://t.co/d40MP1zcaH https://t.co/gjh3I4Zgtj",2000725746667675928,https://pbs.twimg.com/media/G8QBdIJa4AARPui.jpg,,in,,0,0,0,https://x.com/3esihma/status/2000725746667675928,1847151278776111104,3esihma
2000722004660629927,2025-12-16 00:17:52+00:00,0,"Pagi2 habis sarapan emang enaknya ngopi dulu biar mata melek dan semangat kerja 💪
Yuk pesan dan klaim voucher diskonnya di sini 👇 
https://t.co/hFDvOKvdME

Kopi Tuku es kopi susu tetangga Shopeefood https://t.co/YY5nyoXc4W",2000722004660629927,https://pbs.twimg.com/media/G8P-Dlza4AMK-o7.jpg,,in,,0,0,0,https://x.com/pinkforestxoxo/status/2000722004660629927,1858457623684878336,pinkforestxoxo
2000623541545492755,2025-12-15 17:46:36+00:00,0,Lucu juga itu seserahan kopi tuku seliter. Kalo boleh lucu-lucuan gitu apa aku minta seserahan vinyl ya 🤔,2000623541545492755,,,in,,0,0,0,https://x.com/ptrcflp/status/2000623541545492755,71460484,ptrcflp
2000621080042693058,2025-12-15 17:36:49+00:00,0,Jan guetinggg tenan tuku kopi diombe kyo banyu gulo,2000621080042693058,,,in,,0,0,0,https://x.com/abcdefghiknw/status/2000621080042693058,1692561455785426944,abcdefghiknw
2000606692594372808,2025-12-15 16:39:39+00:00,0,Pehh jancuk beli kopi point di Indomaret plus mj9 sekarang udah ada parkirnya katanya persiapan Nataru banyak maling bangsatt ya elu malah ngrusuhin cokkk tuku kopi 30ewu 15menit ndadak parkir 2ewu,2000606692594372808,,,in,,0,0,0,https://x.com/Deua_Soemunar/status/2000606692594372808,2330000768,Deua_Soemunar
2000591439575880024,2025-12-15 15:39:03+00:00,0,amit² tuku kopi cup small gur ngumbe setengah ws gemeter🤤,2000591439575880024,,,in,,0,1,0,https://x.com/nanagitaslavina/status/2000591439575880024,1181109272421126145,nanagitaslavina
1997690648250749248,2025-12-15 14:26:25+00:00,0,"@sanatokiz Wkwkwk amiin, makasih ya.

Yaiya seumuran dong, kita kan nongkrongnya bareng di kedai kopi tuku. Tapi saya se manly ini masa dapetnya hello siti?",2000573163508518932,,sanatokiz,in,,0,0,0,https://x.com/GRAYGROUND86/status/2000573163508518932,758505788537122816,GRAYGROUND86
2000561850203947280,2025-12-15 13:41:28+00:00,0,"Sama-sama, Dan. Titip kopi susu tetangga Tuku ya satu. 😁😁",2000561850203947280,,,in,,0,1,0,https://x.com/marshagouw/status/2000561850203947280,891090669078315008,marshagouw
2000538605740241388,2025-12-15 12:09:06+00:00,9,tambah dewasa semakin sadar kalau duit 100 maksimal kui mung nggo 2 dino dan nek wis dipecah biasane cepet entek opo maneh gawe tuku kopi https://t.co/xs0ItzRX49,2000538605740241388,https://pbs.twimg.com/media/G8NXPaSbAAInwwH.jpg,,in,,0,4,0,https://x.com/StyleZacka/status/2000538605740241388,1245259300957589504,StyleZacka
2000531432557760518,2025-12-15 11:40:36+00:00,0,"top 2 kopi terenak menurut guaa

1. kopi susu tetangga Tuku , ENAK MAMPUS!!  legit bgt kopinya , after tastenya ada asemnyaaa. 

2. Berry manuka americano Fore coffee , INI JUGA JUARA SII ENAK BANGETT!!!!",2000531432557760518,,,in,,0,0,0,https://x.com/everykatrin/status/2000531432557760518,1627693578259681281,everykatrin
2000529934373306688,2025-12-15 11:34:39+00:00,1,"[CM] haaii, yg perna minum kopi tuku, tolong bantu isi kuesioner sender dongg guys, yg mau barter jg bolee. rep ya ntar sender dm",2000529934373306688,,,in,,0,13,2,https://x.com/collegemfs/status/2000529934373306688,1204013052468875265,collegemfs
2000510953943912667,2025-12-15 11:03:36+00:00,0,@coffebit Tuku point coffee sampek asam lambung,2000522123157082396,,coffebit,in,,0,0,0,https://x.com/operaoblivia_/status/2000522123157082396,502599290,operaoblivia_
2000032086082920930,2025-12-15 10:26:34+00:00,0,"@Renei Kangen banget deh ngobrol ngalor ngidul sama kakak airin, kabarnya baik dong aku abis dr indo^^ kakak pernah cobain kopi tuku belum pas ke indo?",2000512800549191752,,Renei,in,,0,1,0,https://x.com/isaleie/status/2000512800549191752,839551536648740864,isaleie
2000500932975710442,2025-12-15 09:41:16+00:00,0,"tapi apa ya, pembahasan buku ini masih agak gen-z/millenial-ish sih... dia bukan buku sejarawan gitu. makanya masih agak on the fence buat biki

tapi buku ini bikin keingetan sama hak jenama cipete raya yang dibeli tuku, sampe ada kotak pajangan isi biji kopi di sana",2000501401798201423,,noahhawiey,in,,0,1,0,https://x.com/noahhawiey/status/2000501401798201423,1021056361365319680,noahhawiey
2000475944797040854,2025-12-15 09:37:23+00:00,0,@daruratngopi @munvess Biasa beli Tuku atau Fore tapi kalau lagi bokek beli kopi warung,2000500424043048984,,daruratngopi,in,,0,1,0,https://x.com/generuation/status/2000500424043048984,4716576091,generuation
2000485020520313197,2025-12-15 08:36:10+00:00,0,es kopi tuku tetangga no sugar di kasih dikit bgt sea salt dan sirup butterscotch enak bGTTTTTTTT MASYAALLAH,2000485020520313197,,,in,,0,0,0,https://x.com/cirestaadlina_/status/2000485020520313197,458174029,cirestaadlina_
2000484758720282638,2025-12-15 08:35:08+00:00,0,"Toko Kopi Tuku Malang sekarang ada di ShopeeFood! Pesan Sekarang, langsung diantar. https://t.co/QajXdnMMtb https://t.co/QVMVuN0gbv",2000484758720282638,https://pbs.twimg.com/media/G8MmSJyawAAiwLX.jpg,,in,,0,0,0,https://x.com/blublubcookies/status/2000484758720282638,1941120942828396544,blublubcookies
2000479912944411023,2025-12-15 08:15:53+00:00,0,Mau kopi tuku 😭,2000479912944411023,,,in,,0,0,0,https://x.com/jul_eat33/status/2000479912944411023,1292408822867177473,jul_eat33
2000472136365023662,2025-12-15 07:44:58+00:00,1,"Dibeliin tuku seliter waktu Jumat. Karna aku masih belom berani minum kopi banyak, jadi aku repack kecil kecil jadi ada 10 bungkus. Trus tiap mau minum dicampur es batu lagi biar kerasa banyak 😌",2000472136365023662,,,in,,0,1,0,https://x.com/zkyriz_/status/2000472136365023662,876113806522425350,zkyriz_
2000471054666629383,2025-12-15 07:40:41+00:00,0,"Kopi favorit ayo pilih lokasi terdekat dan klaim voucher diskon shopeefood

Kopi Calf
https://t.co/9JZ29zIs09

Kopi Tuku Promo
https://t.co/vkZDvhSw1K

Kopi Philosophy
https://t.co/Q7X7vX5fiP

Kopi Kenangan
https://t.co/W98Ul1yEow

Janji Jiwa
https://t.co/4Ruwz0dceq",2000471054666629383,,,in,,0,0,0,https://x.com/ike_tjn/status/2000471054666629383,513346093,ike_tjn
2000470051821179174,2025-12-15 07:36:41+00:00,5,Sangu sekeping seribu rupiah mau buat beli kopi tuku https://t.co/xbnFyJOVWK,2000470051821179174,https://pbs.twimg.com/media/G8MY6JvaoAAEwJP.jpg,,in,,0,0,0,https://x.com/wintergaem/status/2000470051821179174,544920152,wintergaem
2000461194776428655,2025-12-15 07:01:34+00:00,0,"kopi tuku
https://t.co/jCDhrAxOSM

shihlin
https://t.co/7zI8guksbS https://t.co/7ryvOk9XDp",2000461211738230972,https://pbs.twimg.com/media/G8MQsYaawAAM861.jpg,divetodeepest,in,,0,1,0,https://x.com/divetodeepest/status/2000461211738230972,1943274929912451072,divetodeepest
2000063240923922574,2025-12-14 09:58:20+00:00,0,"@tanyarlfes Aku pecinta kopi tp baru sadar ternyata ga kuat sm kopi tuku. Baca2 ternyata emang krn ga cocok sm susunya. Keknya sender sm jg mslhny. Cobain kopi di kopjay,padma,point coffee,lawson,fammart aman semua di aku",2000143307629019150,,tanyarlfes,in,,0,0,0,https://x.com/tante_kucinx/status/2000143307629019150,1980629525827592192,tante_kucinx
2000135640856563971,2025-12-14 09:27:52+00:00,0,I deserve a cup of kopi tuku,2000135640856563971,,,in,,0,1,0,https://x.com/R0guehope/status/2000135640856563971,764990106759487488,R0guehope
2000135621525065892,2025-12-14 09:27:47+00:00,23,wajib ke kopi tuku🥤 https://t.co/99SaisGM1U,2000135621525065892,https://pbs.twimg.com/media/G8HovTIbwAA-lL8.jpg,,in,,0,7,0,https://x.com/tinyditty/status/2000135621525065892,1890339955966373889,tinyditty
2000113133923541477,2025-12-14 07:58:26+00:00,0,"pas masih kerja jarang bgt beli kopi karna gabisa kalo ga tuku, jago lege fm gabisa. pas resign iseng lah coba jago yg baru ada dibekasi, ENAK coi, cuma emg guenyqaa ga cocok 😭😭😭😭 tapi kalo ngopi di coffeshop gakenapa napa, coffee eater kah aku",2000113133923541477,,,in,,0,0,0,https://x.com/istriablebgt/status/2000113133923541477,1118744041938505728,istriablebgt
2000099940429963664,2025-12-14 07:06:00+00:00,4,"updating my fav coffee chain:
1. tuku
2. fore
3. flash
4. calf
5. tomoro 
6. kopken

— gorong2 jokowi
58. janjiw",2000099940429963664,,,in,,0,2,1,https://x.com/canw3ll/status/2000099940429963664,1811233486243774464,canw3ll
2000029563875987608,2025-12-14 07:02:51+00:00,0,@hunkue gw di kopi tuku,2000099149564555394,,hunkue,in,,0,1,0,https://x.com/Serterah/status/2000099149564555394,2786916832,Serterah
2000098811306492291,2025-12-14 07:01:36+00:00,0,"kopi tuku
https://t.co/jCDhrAxOSM

shihlin
https://t.co/7zI8guksbS https://t.co/PpIxcRaojf",2000098833519513778,https://pbs.twimg.com/media/G8HGf4TbEAEKtmS.jpg,divetodeepest,in,,0,1,0,https://x.com/divetodeepest/status/2000098833519513778,1943274929912451072,divetodeepest
2000084494070829341,2025-12-14 06:04:37+00:00,0,"Klaim voucher promo kopi shopeefood dan pilih lokasi terdekat

Kopi Calf
https://t.co/9JZ29zIs09

Kopi Tuku
https://t.co/vkZDvhSw1K

Kopi Philosophy
https://t.co/Q7X7vX5fiP

Kopi Kenangan
https://t.co/W98Ul1yEow

Janji Jiwa
https://t.co/4Ruwz0dceq",2000084494070829341,,,in,,0,0,0,https://x.com/ike_tjn/status/2000084494070829341,513346093,ike_tjn
2000081506891600090,2025-12-14 05:52:46+00:00,0,"aku tumbler tuku yang niatnya cuma jadi tempat kopi, tapi malah jadi saksi hidupmu yang chaotic.",2000081509001372048,,niqcho,in,,0,1,0,https://x.com/niqcho/status/2000081509001372048,929351726,niqcho
2000071954527826058,2025-12-14 05:14:48+00:00,94,"˖✩࿐࿔ Locations!! ˖✩࿐࿔

📍 Depan Kopi Tuku
📍 Depan M Hotel 
📍 Depan Toko Mas Diamond 
📍 Depan Kaihomaru https://t.co/IcCKNxh7cs",2000071954527826058,https://pbs.twimg.com/media/G8Gu0w9aYAAigHm.jpg,,in,,4,2,57,https://x.com/bucinbubujae/status/2000071954527826058,1673413604681605130,bucinbubujae
1999767474338738580,2025-12-14 04:18:39+00:00,0,@utfess Kopi tuku selalu https://t.co/IsccPaQ4pn,2000057824081314235,https://pbs.twimg.com/media/G8Gh_AwbUAAaTDd.jpg,utfess,in,,0,0,0,https://x.com/syeilahiu/status/2000057824081314235,1418126437954072576,syeilahiu
2000054940648300667,2025-12-14 04:07:11+00:00,0,Kopi tuku enak bgt,2000054940648300667,,,in,,0,0,0,https://x.com/hourlywintol/status/2000054940648300667,1256481595621404672,hourlywintol
2000054551530111194,2025-12-14 04:05:38+00:00,0,"Salah bgt beli kopi tuku di weekend😭
Antri🫠",2000054551530111194,,,in,,0,0,0,https://x.com/jodohjaehyukie/status/2000054551530111194,1710342691,jodohjaehyukie
2000051318178848863,2025-12-14 04:03:46+00:00,0,@zsuiren Kangen kopi tuku 😔,2000054079155032092,,zsuiren,in,,0,1,0,https://x.com/crestborne/status/2000054079155032092,1937762412922568704,crestborne
2000052264283873609,2025-12-14 03:56:33+00:00,0,Sambil makan bakso malang dan kopi tuku,2000052264283873609,,,in,,0,0,0,https://x.com/jiespark/status/2000052264283873609,1278620848601960448,jiespark
2000027642209411309,2025-12-14 03:22:10+00:00,0,@skyspresso168 Kopi apa? Tuku ya?,2000043611417911626,,skyspresso168,in,,0,1,0,https://x.com/haiakuolaaff/status/2000043611417911626,1313893890601041920,haiakuolaaff
1999815533349539842,2025-12-14 03:20:14+00:00,1,"@asnitari @saturatedsteam bakso gbk, mendoan gbk, kopi tuku. Selamat kamu sudah menamatkan kuliner gbk nder🤝🏼",2000043123666538791,,asnitari,in,,0,1,0,https://x.com/mindurownd/status/2000043123666538791,1309913618469629952,mindurownd
2000030896318292432,2025-12-14 02:31:39+00:00,0,"Spill promo kopi shopeefood minggu desember

Kopi Calf
https://t.co/9JZ29zIs09

Kopi Tuku
https://t.co/vkZDvhSw1K

Kopi Philosophy
https://t.co/Q7X7vX5fiP

Kopi Kenangan
https://t.co/W98Ul1yEow

Janji Jiwa
https://t.co/4Ruwz0dceq",2000030896318292432,,,in,,0,0,0,https://x.com/ike_tjn/status/2000030896318292432,513346093,ike_tjn
2000010762593714270,2025-12-14 01:11:38+00:00,0,"Promo Shopeefood

Dapur Cokelat 
https://t.co/VU12yf22h3

Mie Gacoan 
https://t.co/3z7SYs02HP

HokBen
https://t.co/oaa856UZSU

Sushi Yay
https://t.co/VBHRGCfH7A

Fore Coffee
https://t.co/wiZKB1Dnx4

Bishi Bento 
https://t.co/OuVVeEiBdE

Kopi Tuku
https://t.co/r6WO2pB2Uw https://t.co/sMoQij5h9f",2000010762593714270,https://pbs.twimg.com/media/G8F3LrGbwAAGq0K.jpg,,in,,0,0,0,https://x.com/MomoBolat/status/2000010762593714270,1901941124534808576,MomoBolat
1999874491799704019,2025-12-13 23:01:45+00:00,1,"@ramadunner @haieureka @tanyarlfes aku jg pernah kak, dia ngebet bgt juga sm suamiku. kek nunggu bgt gw cerai pdhl mah gw istri spek tahan banting 😭 namanya melinda sukma, dulunya barista di dandia coffee tebet. Skrg keluar pindah ke kopi tuku bukit duri. Kek ada perempuan yg mauan sm suami org wkwwk",1999978074864246888,,ramadunner,in,,0,1,0,https://x.com/androiosworld/status/1999978074864246888,1258740655930523649,androiosworld
1941330959099633904,2025-12-12 17:13:54+00:00,0,"@nemausicae Ya, gerai Toko Kopi Tuku di Amsterdam masih bertahan hingga Desember 2025, berdasarkan laporan terbaru dari SCMP (31 Okt) dan Instagram (27 Nov) yang menyebutkan keberadaannya serta partisipasi di Amsterdam Coffee Festival.

Isi artikel World Coffee Portal (5 Sep 2025): Toko Kopi",1999528145595040033,,nemausicae,in,,0,0,0,https://x.com/grok/status/1999528145595040033,1720665183188922368,grok
1941330959099633904,2025-12-12 17:06:38+00:00,0,"@nemausicae Ya, ekspansi Toko Kopi TUKU ke Amsterdam masih berlanjut. Gerai pertama di Eropa dibuka September 2025 di Stadionplein, Amsterdam Selatan, kerjasama dengan Roemah Indonesia. Mereka ikut Amsterdam Coffee Festival 2025 dengan tema keberlanjutan. Bukti: https://t.co/sgm443fuw2 (9",1999526317935513663,,nemausicae,in,,0,1,0,https://x.com/grok/status/1999526317935513663,1720665183188922368,grok
1941330959099633904,2025-12-12 16:05:29+00:00,0,"@nemausicae @GNFI Toko Kopi Tuku menerapkan strategi ekspansi dengan fokus model takeaway untuk efisiensi, tanpa franchise agar kontrol kualitas tetap. Inovasi produk seperti Es Kopi Susu Tetangga dijual murah (Rp15-20rb), pemasaran via media sosial dan word-of-mouth. Kolaborasi petani lokal,",1999510929948496314,,nemausicae,in,,0,1,0,https://x.com/grok/status/1999510929948496314,1720665183188922368,grok
1997179739002622275,2025-12-12 16:04:27+00:00,0,"@nemausicae @fajarnugros ### Ringkasan Video: Strategi Mindful Expansion ala Kopi Tuku

Video diskusi antara Dr. Indrawan Nugroho dan Andanu Prasetyo (founder Kopi Tuku) tentang pertumbuhan bisnis kopi yang bijaksana, menyeimbangkan skala dengan identitas lokal.

#### Key Points:
- **Latar Belakang**:",1999510670836936706,,nemausicae,in,,0,0,0,https://x.com/grok/status/1999510670836936706,1720665183188922368,grok
1999495034262159468,2025-12-12 15:02:21+00:00,0,"terus pulangnya mampir tuku beli kopi buat besok si. hari ini aku udh capek dan ngantuk bgt. mau tidur aja gitu deh pokoknya. oiya, bsk km ultah ya?? kangen dan pgn banget ngucapin ke km hehehe",1999495041400864984,,keshxii,in,,0,0,0,https://x.com/keshxii/status/1999495041400864984,1370905263775969284,keshxii
1999464013823115445,2025-12-12 14:54:17+00:00,0,"@phylloskite pake shopee vip, sebulan 30an deh kalo gasalah tapi balik ke tokonya juga kalo fore terus kopi tuku gitu ga segede itu diskonnya kalo yg lain up 30k sih",1999493010829262934,,phylloskite,in,,0,1,0,https://x.com/acaberasumsi/status/1999493010829262934,1822794590002589696,acaberasumsi
1999103175056380373,2025-12-12 14:49:31+00:00,0,"@munvess hii, rekomenin aku kopi di tuku yang menurut kamu OKE banget dong?",1999491810499108904,,munvess,in,,1,0,0,https://x.com/staupefy/status/1999491810499108904,1996014956895145984,staupefy
1999483550312333343,2025-12-12 14:16:41+00:00,0,woilah ajig enak bgt tuh orang orangan margo pasti tar dibawain kopi tuku sm bapak😭😭😭,1999483550312333343,,,in,,0,0,0,https://x.com/kojoyko/status/1999483550312333343,1388555606802329602,kojoyko
1999425285846876486,2025-12-12 14:02:13+00:00,0,@sbyfess wis ndang tuku kopi sek,1999479910029840887,,sbyfess,in,,0,0,0,https://x.com/cieeekepoyaaa98/status/1999479910029840887,1223099874796658688,cieeekepoyaaa98
1999479877653922123,2025-12-12 14:02:06+00:00,0,min seinget gw lu kan open commis gitu ya.. itu bayar berapa? tertarik commis au juhooooooon — open commis buat temen temen deket gw doaaang dan bayarnya pake KOPI 🤣🤣 btw juhoon udh ada yang mau tapi gw lagi mikir mending fore 1L apa tuku https://t.co/6wmGVX7sPI,1999479877653922123,,,in,,0,0,0,https://x.com/virtualling/status/1999479877653922123,1685289452955127809,virtualling
1999471229716299861,2025-12-12 13:27:44+00:00,1,Mam donat + kopi tuku 🤤 di blok m https://t.co/yOd4kc2KNG,1999471229716299861,https://pbs.twimg.com/media/G7-MetlagAEoUoN.jpg,,in,,0,0,0,https://x.com/berrykkito/status/1999471229716299861,1931934203278671872,berrykkito
1999468098005664189,2025-12-12 13:15:17+00:00,0,Anjay enak dong gw bau kopi tuku,1999468098005664189,,,in,,0,3,0,https://x.com/iamIoved/status/1999468098005664189,1473077915646496772,iamIoved
1999415554353037328,2025-12-12 09:46:30+00:00,0,keknya gak cocok sama kopi kelapa jeruk. rasanya kayak sirup obat batuk di lidahku. yg tuku malah ada cabe2nya 😭🙏🏻,1999415554353037328,,,in,,0,0,0,https://x.com/umademadei/status/1999415554353037328,1780839627185926144,umademadei
1999387925579227472,2025-12-12 07:56:42+00:00,0,"Kopi tuku sankyuuu hari ini akhirnya bab setelah 3 hariii, sankyuu udah mempelancar eek ku ☝🏼🫦 https://t.co/oQJuSJTB2u",1999387925579227472,https://pbs.twimg.com/media/G79At63asAA1oZB.jpg,,in,,0,0,0,https://x.com/imzahh22/status/1999387925579227472,1574048340601630725,imzahh22
1999380165370249441,2025-12-12 07:25:52+00:00,0,Es kopi susu tetangga tuku x Donut Kampung nya tuh combo yang gawat banget si,1999380165370249441,,,in,,0,0,0,https://x.com/akbarfikri2/status/1999380165370249441,110636618,akbarfikri2
1999369659548860666,2025-12-12 06:44:07+00:00,0,"TOMORO COFFEE 12.12😭

Promo Desember gaada lawan! Ya kali diskon 15RIBU? Cek buruan deals up to 30% buruan! Mantep bgt weekend ini🙀

✨DISKON 20RB

Klaim Voucher 55%
👉 https://t.co/rIxQzUnrAk

fore shopeefood info kode richeese gacoan spay tuku tumbler kopken point janji jiwa https://t.co/IwuAT8ygYn",1999369659548860666,https://pbs.twimg.com/media/G78wGzsagAsRVdM.jpg,,in,,0,0,0,https://x.com/bestbuybestie/status/1999369659548860666,1735456245304426496,bestbuybestie
1999356528068010352,2025-12-12 05:51:57+00:00,0,tadi ada pikiran skip jumatan bilang apa aku jumatan di kopi tuku aja ya pas lagi lewat daerah dieng soalnya dasar setan,1999356528068010352,,,in,,0,0,0,https://x.com/rfngz/status/1999356528068010352,1132675375534764032,rfngz
1999142867848335724,2025-12-12 05:46:03+00:00,0,@soleiteacup 😂😂😂 penguasa Blok M yang minumnya Kopi Tuku sambil makan Cheesecake viral.,1999355044555317382,,soleiteacup,in,,0,0,0,https://x.com/whiskersnoir/status/1999355044555317382,1992525763434930176,whiskersnoir
1999353206250614932,2025-12-12 05:38:45+00:00,0,"NGOPI EDISI 12.12✨

⭐ kopi tuku diskon 25rb
💌 https://t.co/L1CQI9lyh2

⭐ tomoro coffee buy 2 under 30k
💌 https://t.co/gX9Bo4uBs8

⭐ kopi kenangan, diskon 50% s/d 25rb 
💌 https://t.co/EZUqc59HOS

⭐ janji jiwa, diskon 65% s/d 20rb
💌 https://t.co/48JzJVRzbY https://t.co/TC5hDbIk6J",1999353206250614932,https://pbs.twimg.com/media/G78hI6bagAEzSpl.jpg,,in,,0,0,0,https://x.com/laperterus__/status/1999353206250614932,1892196957676036096,laperterus__
1999352877073285580,2025-12-12 05:37:26+00:00,6,kenapa rangorang byk yg suka tuku? menurutku dia itu kyk ada di area yg bs diterima sama org yg ngopi bgt tp jg bs buat dedek2 yg tau kopi itu cmn es kopsus doang. klo kamu suka menu apa di tuku? https://t.co/8PfqQ7graQ,1999352877073285580,https://pbs.twimg.com/media/G78g18xagAEbTts.jpg,,in,,0,6,0,https://x.com/j_____im/status/1999352877073285580,380719476,j_____im
1999329898226454602,2025-12-12 04:06:08+00:00,1,Kaya kopi tuku rasanya😭💖💖💖💖💖 https://t.co/fZfrEGvUGG,1999329898226454602,https://pbs.twimg.com/media/G78L8R1agAglWq8.jpg,,in,,0,0,0,https://x.com/fullzsenyum/status/1999329898226454602,274815359,fullzsenyum
1999323064073617449,2025-12-12 03:38:58+00:00,0,lucu banget ono office tuku mesin kopi tapi raono le isoh nganggo😭,1999323064073617449,,,in,,0,1,0,https://x.com/barelyawake/status/1999323064073617449,1893072739336101888,barelyawake
1999307796018499877,2025-12-12 02:38:18+00:00,0,"Promo Shopeefood

Sushi Yay
https://t.co/DCBlqPqxdl

Kopi Tuku
https://t.co/ETYa1le6NU

Jatinangor House
https://t.co/MsIWquzeVG

Richeese
https://t.co/4fAtIqt8R6

Ayam Keprabon
https://t.co/oqAVZ6NYvV

SeIndonesia
https://t.co/ixIZ90RZ5m

Dapur Cokelat
https://t.co/jtIEgPduYn https://t.co/DdenjKW9Wu",1999307796018499877,https://pbs.twimg.com/media/G7731rgagAUJ1nI.jpg,,in,,0,0,0,https://x.com/3esihma/status/1999307796018499877,1847151278776111104,3esihma
1997278825143771139,2025-12-12 01:53:57+00:00,0,"@yerisgood bayangin lu photobooth di photomatics blokm, trs mampir kopi tuku atau gak makan taichan 🫰🫰 gak lupa rangkulan trs buat tiktok anjrittttt mamahhhhhhhh",1999296634187080005,,dangidangku,in,,0,0,0,https://x.com/dangidangku/status/1999296634187080005,1474714500074930179,dangidangku
1999285420044222613,2025-12-12 01:09:23+00:00,0,"Promo Shopeefood

Animo Bakery
https://t.co/irtf1zZ4sy

Familymart
https://t.co/HHUAmEhHvi

Mixue
https://t.co/uOBkXYEQYp

HokBen
https://t.co/TzhM8VCTOK

Republic Kebab
https://t.co/R965Wczd2g

Mie Gacoan
https://t.co/4LYEZpE1Rc

Kopi Tuku
https://t.co/WDtB5qGHnv https://t.co/0WYLTL36ql",1999285420044222613,https://pbs.twimg.com/media/G77jfC0agAEgXU0.jpg,,in,,0,0,0,https://x.com/3esihma/status/1999285420044222613,1847151278776111104,3esihma
1999267368204448174,2025-12-11 23:57:39+00:00,0,"ROTI O🔥

ROTI CUMA 1 RUPIAH AJA!!! Harus banget dimanfaatin guys. Cek juga Paket Desember Roti’O cuma 10ribuan😭🫶🏻

✨DISKON 20RB
✨Voucher 60% sd 20RB

Klaim cepet
👉 https://t.co/EH8ZiCgKcG

shopeefood tuku coffee point shopeepay sfood mcd kopi richeese pizza gacoan hidden https://t.co/la1VxUurFd",1999267368204448174,https://pbs.twimg.com/media/G77TEpAagE822tN.jpg,,in,,0,0,0,https://x.com/bestbuybestie/status/1999267368204448174,1735456245304426496,bestbuybestie
1998997364716245232,2025-12-11 16:28:12+00:00,0,"@ijunskena aku kasih pempek, km kasih kopi tuku😈",1999154258311364967,,ijunskena,in,,0,0,0,https://x.com/sideofmie/status/1999154258311364967,1988096005037060096,sideofmie
1999047361054875937,2025-12-11 15:39:16+00:00,0,@MafiaWasit Habislah Kopi Tuku. Terbitlah Beli Eve.,1999141946313581033,,MafiaWasit,in,,0,0,0,https://x.com/yuyud_brawn/status/1999141946313581033,79162706,yuyud_brawn
1999111447423672366,2025-12-11 14:06:56+00:00,0,"@caistheu Malem-malem minum kopi tuku
Ada apa sayangku? 🌹",1999118706774089798,,caistheu,in,,0,1,0,https://x.com/biskuatmaro/status/1999118706774089798,1928137648868315137,biskuatmaro
1999103175056380373,2025-12-11 13:19:32+00:00,0,@munvess Apa menu kopi tuku favorit lu?,1999106780203565552,,munvess,in,,0,0,0,https://x.com/foyrn/status/1999106780203565552,1322252634695168000,foyrn
1999089393009918328,2025-12-11 12:10:27+00:00,4,"- cipokan neng Embung Tambakboyo
- tuku kondom neng Indomaret pertigaan Mbesi
- lanjut bablas nginep neng losmen Kaliurang
- isuke ndelok wong Jakarta antri jangan lodeh neng kopi klothok",1999089393009918328,,,in,,0,0,1,https://x.com/blessedchoke/status/1999089393009918328,260344841,blessedchoke
1999057157405483231,2025-12-11 11:11:44+00:00,0,@RMnism_ kopi tuku to the resque ini mah,1999074615604429032,,RMnism_,in,,0,0,0,https://x.com/cbalifornia/status/1999074615604429032,850616720259653632,cbalifornia
1999005994786103744,2025-12-11 06:39:03+00:00,0,"Spill kopi diskon shopeefood yuk pilih lokasi terdekat biar hemat

Kopi Calf
https://t.co/9JZ29zIs09

Kopi Tuku
https://t.co/vkZDvhSw1K

Kopi Philosophy
https://t.co/Q7X7vX5fiP

Kopi Kenangan
https://t.co/W98Ul1yEow

Janji Jiwa
https://t.co/4Ruwz0dceq",1999005994786103744,,,in,,0,0,0,https://x.com/ike_tjn/status/1999005994786103744,513346093,ike_tjn
1998987841452519650,2025-12-11 05:26:55+00:00,0,"Spill voucher promo kopi recomended shopeefood

Kopi Calf
https://t.co/9JZ29zIs09

Kopi Tuku
https://t.co/vkZDvhSw1K

Kopi Philosophy
https://t.co/Q7X7vX5fiP

Kopi Kenangan
https://t.co/W98Ul1yEow

Janji Jiwa
https://t.co/4Ruwz0dceq",1998987841452519650,,,in,,0,0,0,https://x.com/ike_tjn/status/1998987841452519650,513346093,ike_tjn
1998967528832512141,2025-12-11 05:26:49+00:00,0,@yoonik00n ini ada yg versi botolan gini beli di vending machine coffee tuku di stasiun mrt HI bbub,1998987815951143398,,yoonik00n,in,,0,0,0,https://x.com/fitwsgd/status/1998987815951143398,178585742,fitwsgd
1998986418023182658,2025-12-11 05:21:16+00:00,1,Gara-gara #OKXWalletIDBW bisa minum kopi TUKU GRATIS! @OKXSEA https://t.co/tcnmJJEopO,1998986418023182658,https://pbs.twimg.com/media/G73TjIVaYAEEtw_.jpg,,in,,0,0,0,https://x.com/nataninuniverse/status/1998986418023182658,29668198,nataninuniverse
1998706489494745116,2025-12-10 10:48:55+00:00,0,"iso isone nduwe konco gawe kopi dewe sing rasane muirip tenan karo tuku 👀

wong yen wis mergo “hobby” opo wae ditabrak seng menjadi penghalang wkwk.",1998706489494745116,,,in,,0,0,0,https://x.com/sirajuro/status/1998706489494745116,878059491127734272,sirajuro
1998700672036843836,2025-12-10 10:25:50+00:00,0,"harga standar sih. if you love kopi tuku, you probably will love couvee (everydaylatte rasanya mirip kst—less acidic kl di mulutku). and since we dont have kopi tuku di solo, ya, couvee bisa jadi opsi, sih :)

oya! tempatnya deket solo balapan (tapi gak sedeket ITU, sih....)",1998700679720759597,,eightofto_o,in,,0,0,0,https://x.com/eightofto_o/status/1998700679720759597,891567225949126656,eightofto_o
1998695100462018650,2025-12-10 10:03:40+00:00,0,"Every Tuku's menu from the famous kopi susu tetangga, kopi hitam tetangga, cold drip, SKMJ, and even the onigiri deserve an incredible praise",1998695100462018650,,,in,,0,0,0,https://x.com/rychiroo/status/1998695100462018650,74398647,rychiroo
1998688948948971548,2025-12-10 09:39:13+00:00,0,"Voucher promo shopeefood klaim disini

Kopi Calf
https://t.co/9JZ29zIs09

Kopi Tuku
https://t.co/vkZDvhSw1K

Kopi Philosophy
https://t.co/Q7X7vX5fiP

Kopi Kenangan
https://t.co/W98Ul1yEow

Janji Jiwa
https://t.co/4Ruwz0dceq",1998688948948971548,,,in,,0,0,0,https://x.com/ike_tjn/status/1998688948948971548,513346093,ike_tjn
1998680616892559843,2025-12-10 09:06:07+00:00,0,"dear Kopi Tuku, pls buka outlet di Bandara Juanda Sby dong:(",1998680616892559843,,,in,,0,0,0,https://x.com/4535yyy/status/1998680616892559843,1497149747702136835,4535yyy
1998675753404346580,2025-12-10 08:46:47+00:00,0,"me with kopi calf, tuku n ayam geybok",1998675753404346580,,,in,,0,0,0,https://x.com/zuzuuzeee/status/1998675753404346580,1405688098088837120,zuzuuzeee
1998671132724019304,2025-12-10 08:28:26+00:00,1,Dapat kopi tuku @OKXSEA #OKXWalletIDBW https://t.co/Mx3lJXJCmW,1998671132724019304,https://pbs.twimg.com/media/G7y0zFhaMAMzfib.jpg,,in,,0,0,0,https://x.com/ArthurSyndicate/status/1998671132724019304,1737753731591192576,ArthurSyndicate
1998669721118584940,2025-12-10 08:23:27+00:00,0,"Katanya tuku kopi susu tetangga normal aja udh ""kuat"" banget, ini less sugar... wow",1998669879319413005,,meehdaily,in,,0,0,0,https://x.com/meehdaily/status/1998669879319413005,1970724591388758016,meehdaily
1998668007204368832,2025-12-10 08:16:01+00:00,0,"List Promo Shopeefood

Momoyo
https://t.co/J3ecQi8cim

Sushi Yay
https://t.co/XVZgn8Of9L

Kopi Tuku
https://t.co/6v63q8G1Bk

Mang Katsu
https://t.co/8CsdMG138i

HokBen
https://t.co/gCcRUn3mqs

Hotways Chicken
https://t.co/qzh5ftA6yO

Belikopi
https://t.co/8HUtcnN0Ck https://t.co/Q4KLaKA9PE",1998668007204368832,https://pbs.twimg.com/media/G7yx843aMAIT8fL.jpg,,in,,0,0,0,https://x.com/m_mola9591/status/1998668007204368832,1882643851107848192,m_mola9591
1998665199289786658,2025-12-10 08:04:51+00:00,0,Ya Allah cinta bgt gue sama kopi tuku😭🫶,1998665199289786658,,,in,,0,0,0,https://x.com/jodohjaehyukie/status/1998665199289786658,1710342691,jodohjaehyukie
1998650458907488754,2025-12-10 07:06:17+00:00,0,"privilege kerja dkt lodaya, hari hari tuku marley es kopi repeaaaat",1998650458907488754,,,in,,0,0,0,https://x.com/fashbirrr/status/1998650458907488754,1788975688734945280,fashbirrr
1998643451374743939,2025-12-10 06:38:26+00:00,0,"Spill promo kopi shopeefood

Kopi Calf
https://t.co/9JZ29zIs09

Kopi Tuku
https://t.co/vkZDvhSw1K

Kopi Philosophy
https://t.co/Q7X7vX5fiP

Kopi Kenangan
https://t.co/W98Ul1yEow

Janji Jiwa
https://t.co/4Ruwz0dceq",1998643451374743939,,,in,,0,0,0,https://x.com/ike_tjn/status/1998643451374743939,513346093,ike_tjn
1998633995802976426,2025-12-10 06:00:52+00:00,0,"sumpah kopi gordon tuh enak bangettt, kalo bosen sama rasa tuku dan calf selalu ke gordon🫰🏻",1998633995802976426,,,in,,0,0,0,https://x.com/vageigeii/status/1998633995802976426,1215073734,vageigeii
1998621337301193037,2025-12-10 05:10:34+00:00,0,Toko kopi tuku at okx booth https://t.co/aZ0JlbJnqB,1998621337301193037,https://pbs.twimg.com/media/G7yHgHkaMAA56nD.jpg,,in,,0,1,0,https://x.com/Nugrahaann/status/1998621337301193037,1515598692039991306,Nugrahaann
1998299879513403850,2025-12-10 05:10:09+00:00,0,@salpriadi_ @KuntoAjiW Digowo ng kayutangan tuku kopi ambek cireng gk cukup iku sal tambai sepuluewu poo,1998621232481317010,,salpriadi_,in,,0,0,0,https://x.com/masaliffff/status/1998621232481317010,1047874578775568384,masaliffff
1998591044812943516,2025-12-10 03:43:29+00:00,0,"@solevril boleh bgt shay, blora abis itu kopi nya tuku aja biar gampang nyarinya",1998599424545882340,,solevril,in,,0,1,0,https://x.com/swagbaby14/status/1998599424545882340,346539772,swagbaby14
1998598778006503588,2025-12-10 03:40:55+00:00,0,"TOMORO COFFEE😭

Promo Desember gaada lawan guys! Ya kali diskon 15RIBU? Cek buruan deals up to 30% buruan! Mantep bgt weekend ini🙀

✨DISKON 20RIBU

Klaim Voucher 55%
👉 https://t.co/rIxQzUnrAk

fore shopeefood info kode richeese gacoan spay tuku tumbler kopken point janji jiwa https://t.co/gHvPsNAptL",1998598778006503588,https://pbs.twimg.com/media/G7xy_g5aMAAHnQq.jpg,,in,,0,0,0,https://x.com/bestbuybestie/status/1998598778006503588,1735456245304426496,bestbuybestie
1998596759531172026,2025-12-10 03:32:54+00:00,1,"makan telor rebus, minumnya kopi tuku wkwkwk",1998596759531172026,,,in,,0,1,0,https://x.com/bubulssi/status/1998596759531172026,1167784916475469824,bubulssi
1998387680472944933,2025-12-10 02:58:53+00:00,0,@holapixie HAHAHA SETUJU KAK PIXIE☝️☝️ beli kopi tuku juga sekalian,1998588198520500407,,holapixie,in,,0,1,0,https://x.com/gaonfpsi/status/1998588198520500407,1743609700737019904,gaonfpsi
1998584014266052847,2025-12-10 02:42:15+00:00,0,kopi di malaysia tp yang mirip tuku atau makmur jaya apa ya .,1998584014266052847,,,in,,0,1,0,https://x.com/amiiiiwa/status/1998584014266052847,1744354517003444225,amiiiiwa
1998576290312630765,2025-12-10 02:11:34+00:00,0,Gasuka kopi tapi akal² an tuku americano 😣,1998576290312630765,,,in,,0,1,0,https://x.com/gebyarrrr/status/1998576290312630765,2171610475,gebyarrrr
1998574118216806868,2025-12-10 02:02:59+00:00,0,"kopi tuku
https://t.co/nzlR44X5FJ

shihlin
https://t.co/dV52osIeKw https://t.co/82ocdpwswr",1998574132477436258,https://pbs.twimg.com/media/G7xcN0wbwAADl8D.jpg,dyysyeee,in,,0,1,0,https://x.com/dyysyeee/status/1998574132477436258,1937115249125306368,dyysyeee
1998567287738216797,2025-12-10 01:35:48+00:00,0,"Fore Coffee ada diskon 25%
https://t.co/Qs8Nyf628T

Point Coffee ada diskon 30%
https://t.co/y3qCupltoc

Tuku ada diskon potongan harga 25ribu 
https://t.co/ZMIA39UTqD",1998567289264943193,,0xeasyzh,in,,0,0,0,https://x.com/0xeasyzh/status/1998567289264943193,1888461457232461824,0xeasyzh
1998567287738216797,2025-12-10 01:35:47+00:00,0,"Top 3 kopi enak menurut ku 

1. Fore 
2. Point Coffee 
3. Tuku",1998567287738216797,,,in,,0,1,0,https://x.com/0xeasyzh/status/1998567287738216797,1888461457232461824,0xeasyzh
1998550413445038418,2025-12-10 00:28:44+00:00,0,"Promo Shopeefood

Kopi Tuku
https://t.co/1EU15s1iwU

Mie Gacoan
https://t.co/CSb5oQCnKy

HokBen
https://t.co/BMprQYO4eV

SeIndonesia
https://t.co/KzUdjvnl8F

Ayam Keprabon
https://t.co/LRBd1W0TE0

Fore Coffee
https://t.co/G0Un1clIi4

Familymart
https://t.co/Qhdsfqw0OD https://t.co/mexxzWsNGj",1998550413445038418,https://pbs.twimg.com/media/G7xG_82aMAIlll3.jpg,,in,,0,0,0,https://x.com/3esihma/status/1998550413445038418,1847151278776111104,3esihma
1998545836507279637,2025-12-10 00:10:33+00:00,0,"Gilee.. pagi2 kopi Tuku antri banget. Belom yg masih antri di luar.
#kopitukusenayan https://t.co/Az9AP922Bh",1998545836507279637,https://pbs.twimg.com/media/G7xCu2mbcAARD5S.jpg,,in,,0,0,0,https://x.com/Dedy44169434/status/1998545836507279637,1006840774502146049,Dedy44169434
1998453492667789720,2025-12-09 18:03:36+00:00,0,Yaala efek kopi tuku seliter ini aku blom turu astaga,1998453492667789720,,,in,,0,0,0,https://x.com/yepeunida/status/1998453492667789720,932549752519925760,yepeunida
1998422947325948289,2025-12-09 16:02:14+00:00,1,"List vendor makanan di nikahan gue soon🤩🤚

1. Boost
2. Kopi tuku
3. Pokpok 
4. Hangry especially ayam makdura
5. Sushi tei 
6. Puyo
7. Pisang madu bu nanik
8. Wingstop
9. Gacoan
10. Bola ubi kaleci 

Angan2 gue kejauhan tp semoga laki gue liat ini amin🤗🙏🙏",1998422947325948289,,,in,,0,0,0,https://x.com/kewpiezone/status/1998422947325948289,1754629855168372737,kewpiezone
1998313549592928651,2025-12-09 15:54:57+00:00,2,"@Cheuvrese @roblox_fess makanya, mereka menggabungkan antara pekerjaan sama game aja udah aneh. toh orang pengangguran juga lebih milih banyakin tidur sama minum kopi tuku daripada main fisch 24 jam. gak abis pikir.",1998421114406760906,,Cheuvrese,in,,0,0,0,https://x.com/LL0UD_CO/status/1998421114406760906,3167471004,LL0UD_CO
1998419205864272345,2025-12-09 15:47:22+00:00,0,Kata aku solo cuma kurang kopi TUKU Plis,1998419205864272345,,,in,,0,0,0,https://x.com/page22d/status/1998419205864272345,1159653450054901760,page22d
1998415149011722578,2025-12-09 15:32:19+00:00,0,"@diboomi Wrapped Akun diboomi 2025! 🎉

- Total tweet: ±50 (berdasar aktivitas terbaru)
- Top tweet: ""alhamdulillah kopi tuku unlimited🙏🏼🙏🏼"" (15 likes!)
- Kata favorit: ""huhu"", ""wkakak"", ""lucu bgt""
- Vibes: Promo hunter, reply santai, &amp; KPop lover 🛍️🎶
- Followers: 12, tapi vibesnya asik!",1998415419166863612,,diboomi,in,,0,0,0,https://x.com/grok/status/1998415419166863612,1720665183188922368,grok
1998399748059877676,2025-12-09 14:57:47+00:00,0,"@baseconvo Pokoknya kopi tuku, makmur jaya, two cents, coffee bawa, kanoko, eiji🥹🫶🏻",1998406728770269291,,baseconvo,in,,0,0,0,https://x.com/eteriao/status/1998406728770269291,1906374101314510848,eteriao
1998396799305060405,2025-12-09 14:19:18+00:00,0,"@kdyprincess Halo! Ini Twitter Wrapped 2025-mu berdasarkan aktivitasmu:

- Total post: ~70+ (dari data terbaru)
- Top tema: MLBB (glory rank, Cecilion skin, mabar!), TREASURE (jual PC Asahi/Haruto, kangen Doyoung), &amp; jajan makanan (Jiwa Toast, Pepper Lunch, Kopi Tuku).
- Emoji favorit: 😭💔🫶🏻",1998397044416016570,,kdyprincess,in,,0,0,0,https://x.com/grok/status/1998397044416016570,1720665183188922368,grok
1998386007939428682,2025-12-09 13:35:27+00:00,0,"ᅠ
ㅤ
𝗪𝗵𝗮𝘁𝘀𝗔𝗽𝗽 𝘁𝗼: Samud🌊
&lt; @celextiafl &gt;

Almer.
┋ 𝘴𝘦𝘯𝘵 𝘢 𝘱𝘩𝘰𝘵𝘰
┋ Gue tunggu di Tuku
┋ Sekalian beli kopi

( 𝘀𝗲𝗻𝘁 )

ᅠ https://t.co/PudX0VtmcZ",1998386007939428682,https://pbs.twimg.com/media/G7uxeoeaEAEplVa.jpg,,in,,0,1,0,https://x.com/Bersenyap/status/1998386007939428682,1519674925958983680,Bersenyap
1998370988527145410,2025-12-09 12:35:46+00:00,1,Pengen bgt kopi tuku,1998370988527145410,,,in,,0,0,0,https://x.com/xtwynsta/status/1998370988527145410,1490237610,xtwynsta
1998347130155495704,2025-12-09 11:00:57+00:00,0,"baru coba kopi tuku yg non sugar, ternyata lumayan enak si, tpi klo minum terus ky ga kuat better pake sedikit",1998347130155495704,,,in,,0,0,0,https://x.com/imrooh_/status/1998347130155495704,1454756585100611585,imrooh_
1998347035905503642,2025-12-09 11:00:35+00:00,0,tbtb banget kangen kopi tuku😭,1998347035905503642,,,in,,0,0,0,https://x.com/dumpicies_/status/1998347035905503642,1585185585257680897,dumpicies_
1998326382187708809,2025-12-09 09:38:31+00:00,1,"mocha tuku 2/10 blergh, rasanya nda nyatu... apa gegara pake powder coklatnya? no no sekali. yang lumayan selain kopi tetangga apa gusy? https://t.co/Y0z0hnbIth",1998326382187708809,https://pbs.twimg.com/media/G7t7P8waYAAoZWT.jpg,,in,,0,2,0,https://x.com/cakalang2021/status/1998326382187708809,1290219197033668609,cakalang2021
1998191699080970588,2025-12-09 08:35:14+00:00,1,"@txtdrkuliner Sarapan kopi tuku, siang baru makan",1998310458198204844,,txtdrkuliner,in,,0,0,0,https://x.com/Pockettoo/status/1998310458198204844,1585088795749232641,Pockettoo
1998309933163634724,2025-12-09 08:33:09+00:00,0,"hari ini minum kopi tuku, yaallah enak banget🥲",1998309933163634724,,,in,,0,0,0,https://x.com/kanamrdiana/status/1998309933163634724,404669409,kanamrdiana
1998290168873443839,2025-12-09 07:14:37+00:00,1,"shout out to barista dan pegawai kopi tuku di bali, semuanya ramah pol 🥰 https://t.co/kol23gDA2C",1998290168873443839,https://pbs.twimg.com/media/G7taOdhboAAgR-Y.jpg,,in,,0,0,0,https://x.com/adelrable/status/1998290168873443839,1187782088,adelrable
1998272720245825571,2025-12-09 06:57:30+00:00,2,@CNNIndonesia Di BP banyak Tuku kocag. Kopi yg enak,1998285863890158042,,CNNIndonesia,in,,0,0,0,https://x.com/farizcahyoo/status/1998285863890158042,221065764,farizcahyoo
1998283762493432238,2025-12-09 06:49:09+00:00,0,"Diskon kopi pilihan dapatkan sekarang!

Kopi Calf
https://t.co/9JZ29zIs09

Promo Kopi Tuku
https://t.co/vkZDvhSw1K

Kopi Philosophy
https://t.co/Q7X7vX5fiP

Kopi Kenangan
https://t.co/W98Ul1yEow

Janji Jiwa
https://t.co/4Ruwz0dceq",1998283762493432238,,,in,,0,0,0,https://x.com/ike_tjn/status/1998283762493432238,513346093,ike_tjn
1998283713457881256,2025-12-09 06:48:58+00:00,0,kopi tuku akses ui kalo lo ga punya tempat parkir setidaknya customer lu jangan parkir di pinggir jalan raya!,1998283713457881256,,,in,,0,1,0,https://x.com/xxmakeyato/status/1998283713457881256,1973682026789404672,xxmakeyato
1998265201637130434,2025-12-09 06:23:27+00:00,0,"kopi TUKU📍
pake voucher di atas, udah nempel

🤍 iced caramel macchiatto
🔗 https://t.co/hYWvDFc2cF

🤍 iced cappucino
🔗 https://t.co/6ZYwjfYNKd

🤍 iced earl grey milk tea
🔗 https://t.co/CJ13AnGvTi

🤍 donat kampoeng
🔗 https://t.co/vDCwPThnTr https://t.co/RYcHLlkdjb",1998277294587306246,https://pbs.twimg.com/media/G7tOmqsagAASjfr.jpg,laperterus__,in,,0,0,0,https://x.com/laperterus__/status/1998277294587306246,1892196957676036096,laperterus__
1998270386090414324,2025-12-09 05:56:50+00:00,0,"@OVRWGHT5 Halo OVRWGHT5! Ini Twitter Wrapped 2025-mu berdasarkan postmu sepanjang tahun:

- Total post: ~40 (dari sampel, mostly rants kerja &amp; daily life).
- Tema favorit: Keluhan kerja (gaji tipis, bos boomer, IT support), kopi (TUKU, magic), musik (Midwest emo, share lagu), &amp; meme wkwk.",1998270595239453147,,OVRWGHT5,in,,0,0,0,https://x.com/grok/status/1998270595239453147,1720665183188922368,grok
1998265201637130434,2025-12-09 05:35:24+00:00,0,"📍 kopi TUKU
*voucher diskon di foto pertama

menu;
🤍 es kopi susu tetangga
•satuan
🔗 https://t.co/rkZ4SJhXet
•paket 5pcs
🔗 https://t.co/wwmT0XKans
•1 liter
🔗 https://t.co/G8oyZFC6W1

🤍 ice chocolate
🔗 https://t.co/Jia63ds479

🤍 iced latte
🔗 https://t.co/OyEZzqVDiP https://t.co/H7hVBjkkkv",1998265201637130434,https://pbs.twimg.com/media/G7tDmTzbgAAAVhD.jpg,,in,,0,1,1,https://x.com/laperterus__/status/1998265201637130434,1892196957676036096,laperterus__
1998248660833124439,2025-12-09 04:33:19+00:00,1,"4. siapa yang mau aku traktir kopi tuku tapi ga sama tumblernya dm aja. jangan tanya kenapa tuku, i love tuku so much
5. mau cekek pacarku karna dia ngatain aku alay gara gara milkz",1998249578144092331,,dipahardja,in,,0,1,0,https://x.com/dipahardja/status/1998249578144092331,1954879991050829824,dipahardja
1998235654128607604,2025-12-09 03:38:00+00:00,0,"Kopi Tuku diskon 15ribu

https://t.co/SJfUxJ7T7E https://t.co/CofOHgyd5W",1998235654128607604,https://pbs.twimg.com/media/G7sovIdaMAA3GPf.jpg,,in,,0,0,0,https://x.com/AkuSukaRacun/status/1998235654128607604,1344004785934979073,AkuSukaRacun
1998234621604204836,2025-12-09 03:35:05+00:00,0,"@wendysaldillaa Hyyy! Ini Twitter Wrapped 2025-mu ala Grok. 🥳

- Total post/reply: ~50 (mostly curhat &amp; makanan!)
- Top vibe: Kopi lover! (Tuku, Calf, Couvee sering disebut 😍)
- Emoji favorit: 😭 (banyak bgt, 20+ kali!)
- Highlight: Cerita lucu kyk tumbler hilang &amp; mangga rasa bawang 🤣
-",1998234923543802006,,wendysaldillaa,in,,0,0,0,https://x.com/grok/status/1998234923543802006,1720665183188922368,grok
1998221098517959063,2025-12-09 02:40:13+00:00,0,"kopi tuku
https://t.co/nzlR44X5FJ

shihlin
https://t.co/dV52osIeKw https://t.co/LKpb6FobRw",1998221113063825442,https://pbs.twimg.com/media/G7sa7XsaUAAG_73.jpg,dyysyeee,in,,0,1,0,https://x.com/dyysyeee/status/1998221113063825442,1937115249125306368,dyysyeee
1998195916277473585,2025-12-09 01:00:05+00:00,0,"Promo Shopeefood

Kopi Tuku
https://t.co/Lyrl4MOupJ

HokBen
https://t.co/GlccwcfRq9

Republic Kebab
https://t.co/un3kQQpXjY

Burger Bangor
https://t.co/6Lk3uoXd68

Fore Coffee
https://t.co/uq4kAbwWlI

SeIndonesia
https://t.co/N9P7G4p1uR

Mang Katsu
https://t.co/NP3eW7XvsF https://t.co/C6kPhAIyXb",1998195916277473585,https://pbs.twimg.com/media/G7sEl2ZbUAIPVv4.jpg,,in,,0,0,0,https://x.com/MomoBolat/status/1998195916277473585,1901941124534808576,MomoBolat
1998170529023569928,2025-12-08 23:19:12+00:00,12,kangen minum kopi tuku😌,1998170529023569928,,,in,,0,2,0,https://x.com/jessicathayyaaa/status/1998170529023569928,1934217231606640640,jessicathayyaaa
1997657169781477408,2025-12-08 22:10:30+00:00,0,@dutamilolava @Chosultan apalagi kopi tuku dibali yak 🤣,1998153239414632831,,dutamilolava,in,,0,0,0,https://x.com/VitaYulitaSari/status/1998153239414632831,179373781,VitaYulitaSari
1998093202914767124,2025-12-08 18:11:57+00:00,0,"Menuku kopi tuku udu tumbler biru kae.
(Membeli kopi tuku bukan tumbler biru itu) 
Pffttt https://t.co/LuiSlILUQq",1998093202914767124,https://pbs.twimg.com/media/G7qnK3SboAA-RuJ.jpg,,in,,0,0,0,https://x.com/cca4ever/status/1998093202914767124,1604454306098253826,cca4ever
1997552233886666853,2025-12-08 14:38:23+00:00,0,"@haolyours ㅤㅤ

Oh, kalo pahit gitu aku juga engga kok. Selain ngga betah sama tipe rasanya yang unpleasant, lambungku juga ngga bersahabat sama yang begituan. 

Aku juga suka manis, seringnya pesan teh susu tetangga kalo di Tuku. Kamu kalo di Hetea, suka pesan apa?
ㅤㅤ
ㅤㅤ",1998039457770176656,,haolyours,in,,0,1,0,https://x.com/vurciverous/status/1998039457770176656,1771299215551160320,vurciverous
1998032337255498165,2025-12-08 14:10:05+00:00,0,{ kenapa kopi tuku tuh enak banget banget.},1998032337255498165,,,in,,0,3,0,https://x.com/_mnijihyo/status/1998032337255498165,3294591566,_mnijihyo
1998016133585379596,2025-12-08 13:05:42+00:00,0,kopi tuku jam segini yes or yes,1998016133585379596,,,in,,1,11,0,https://x.com/jiseokirby/status/1998016133585379596,1907005881008689152,jiseokirby
1997998765207420962,2025-12-08 11:56:41+00:00,0,"Bar Burger + Kopi Tuku

Accepted ✅️",1997998765207420962,,,in,,0,0,0,https://x.com/_benniaw/status/1997998765207420962,153232795,_benniaw
1997997424611365197,2025-12-08 11:51:21+00:00,0,Memangnya kopi Tuku enak ya? Pengen coba ngopi Tuku.,1997997424611365197,,,in,,0,4,0,https://x.com/nightspd/status/1997997424611365197,1802621001261633536,nightspd
1997657169781477408,2025-12-08 11:36:24+00:00,12,@Chosultan saking capeknya beli kopi tuku 2 liter buat sendirian😌💥 https://t.co/QCxsPScfwV,1997993660705915301,https://pbs.twimg.com/media/G7pMn1HagAAB_WH.jpg,Chosultan,in,,0,4,0,https://x.com/lemoncekut/status/1997993660705915301,1849827097709248513,lemoncekut
1997951818920276190,2025-12-08 11:21:41+00:00,0,"@ssefmun Kopi tuku , kopi jaya",1997989959807201658,,ssefmun,in,,0,0,0,https://x.com/hilanjg/status/1997989959807201658,3271988874,hilanjg
1997974385886629957,2025-12-08 10:19:48+00:00,0,"puasa kopi deh aku, aslam aku kambuh terus cape... TAPI gimana bisa aku hidup tanpa nyeruput nikmat nya kopi susu tetangga nya tuku sama americano nya kopken 😔💔",1997974385886629957,,,in,,0,0,0,https://x.com/cuesource/status/1997974385886629957,888957673776873473,cuesource
1997963324835950904,2025-12-08 09:35:51+00:00,0,buka puasa pake kopi tuku seliter,1997963324835950904,,,in,,0,0,0,https://x.com/berlelelele/status/1997963324835950904,1589275605039599616,berlelelele
1997957757912436912,2025-12-08 09:15:01+00:00,0,"kopi tuku
https://t.co/jCDhrAxOSM

shihlin
https://t.co/7zI8guksbS https://t.co/TA0qXhErfa",1997958081746174207,https://pbs.twimg.com/media/G7osSIPaIAAi9TV.jpg,divetodeepest,in,,0,0,0,https://x.com/divetodeepest/status/1997958081746174207,1943274929912451072,divetodeepest
1997951818920276190,2025-12-08 08:56:14+00:00,0,@ssefmun tuku atau arah kopi,1997953355382169697,,ssefmun,in,,0,0,0,https://x.com/tintmails/status/1997953355382169697,1950776208918233088,tintmails
1997939554389774631,2025-12-08 08:06:56+00:00,0,@_rindianirisela kopi tuku mao?,1997940946869301357,,_rindianirisela,in,,0,1,0,https://x.com/urfavvfaaa/status/1997940946869301357,1686137657846575104,urfavvfaaa
1997657169781477408,2025-12-08 07:57:16+00:00,3,"@Chosultan Dah gak mau pusing mikirin pinjol, lebih enak nikmatin kopi tuku kak cho jatinegara😍😂 https://t.co/JKVZWAi0bz",1997938516731531771,https://pbs.twimg.com/media/G7oafPpbkAAOEKu.jpg,Chosultan,in,,0,1,0,https://x.com/lemmy_poison/status/1997938516731531771,1864209667725119488,lemmy_poison
1997938415321682214,2025-12-08 07:56:52+00:00,9,"Ngopi gess, setelah seharian Ngantor ngebaking 🍞
Sourdough Cranberry Cream Cheese by Me, 
Bisa juga diorder ya...

Kopi TUKU by Ompuk @Khal1sh_Q ☕ https://t.co/QItTBdvQOt",1997938415321682214,https://pbs.twimg.com/media/G7oaZl7bEAAIaLr.jpg,,in,,0,3,3,https://x.com/Mia_Kyushu/status/1997938415321682214,1345197460474318848,Mia_Kyushu
1997932487327011157,2025-12-08 07:33:19+00:00,0,"braw! Boleh tolong isiin kuisioner sender gaa?  syaratnya gampang kok, cuma pernah melakukan pembelian kopi tuku di outlet malang. Linknya nnti sender drop di komen",1997932487327011157,,,in,,0,2,0,https://x.com/yubifess/status/1997932487327011157,809094068294664192,yubifess
1997829914624655497,2025-12-08 06:30:47+00:00,0,@michiitive kopi tuku :3,1997916751368180098,,barxbei,in,,0,1,0,https://x.com/utaradars/status/1997916751368180098,1567867897548251137,utaradars
1997911196348158080,2025-12-08 06:08:43+00:00,0,"...yang gak pernah pake kacamata atau contact lens setiap lari, aku jadi bisa lebih lihat wajah manusia secara jelas, krn area hutan GBK bikin orang-orang larinya lbh berdekatan.

Sampai pas melewati area dekat kopi Tuku, aku bertemu pandang sama laki-laki yg lagi duduk...",1997911198965338174,,misserizka,in,,0,1,0,https://x.com/misserizka/status/1997911198965338174,1789890928238526464,misserizka
1997898938792464760,2025-12-08 05:20:00+00:00,0,"Dapatkan promo kopi recomended shopeefood

Kopi Calf
https://t.co/9JZ29zIs09

Kopi Tuku
https://t.co/vkZDvhSw1K

Kopi Philosophy
https://t.co/Q7X7vX5fiP

Kopi Kenangan
https://t.co/W98Ul1yEow

Janji Jiwa
https://t.co/4Ruwz0dceq",1997898938792464760,,,in,,0,0,0,https://x.com/ike_tjn/status/1997898938792464760,513346093,ike_tjn
1997882379357356415,2025-12-08 04:14:12+00:00,0,"kemarin beli kopi tuku, malah lupa dibawa",1997882379357356415,,,in,,0,0,0,https://x.com/raraswismajani/status/1997882379357356415,151371194,raraswismajani
1997880894187823599,2025-12-08 04:08:18+00:00,1,"Niat hati mau hemat waktu beli kopi di famima, ternyata udah 20menit kaga siap2 😭 

Bagus tadi melipir ke tuku aja.",1997880894187823599,,,in,,0,0,0,https://x.com/baybaylebay_/status/1997880894187823599,1017813898475421696,baybaylebay_
1997876493737935074,2025-12-08 03:50:49+00:00,0,"Promo Shopeefood

Kopi Tuku
https://t.co/uHRyaFN0Oq

Republic Kebab
https://t.co/RXJ3x6Fk4K

HokBen
https://t.co/AEZS4wwn55

Burger Bangor
https://t.co/5btuLKmTSf

Circle K
https://t.co/LtDE175M9m

Fish Streat
https://t.co/Y0LkCww7rZ

Animo Bakery
https://t.co/OgAdgTplTW https://t.co/l9yw5Q28oK",1997876493737935074,https://pbs.twimg.com/media/G7niEtwaAAArZ7V.jpg,,in,,0,0,0,https://x.com/MomoBolat/status/1997876493737935074,1901941124534808576,MomoBolat
1997861789099548967,2025-12-08 03:45:33+00:00,0,@kurodai320 @fbunagi Enak kui kopi gadjah aku sering tuku sasetan e. Sing dipisah kopi karo gulane kae. Jadi gula tetep pake tapi setengah dari yg disediakan. Lebih joss,1997875167880691897,,kurodai320,in,,0,1,0,https://x.com/lupa_mancing/status/1997875167880691897,1757868126975541248,lupa_mancing
1997852416507806162,2025-12-08 02:15:09+00:00,0,"Promo Shopeefood

Point Coffee
https://t.co/zstWOHv1pF

Kopi Kenangan
https://t.co/5sHRA717rI

Richeese Factory
https://t.co/kR8nJB3Ips

Sec Bowl
https://t.co/VJ4iFlxyTO

HokBen
https://t.co/TCzG5joNhl

Kopi Tuku
https://t.co/42vn7hxgNz

Mie Gacoan
https://t.co/9OcmnSQt7W https://t.co/YCy18LTMS5",1997852416507806162,https://pbs.twimg.com/media/G7nMLHyb0AAHQHs.jpg,,in,,0,0,0,https://x.com/m_mola9591/status/1997852416507806162,1882643851107848192,m_mola9591
1997299774249419012,2025-12-08 01:44:35+00:00,0,"@onreecord Udah, ini malem kan ngopinya. Masa tbtb mual wkwk. Wey sm aku juga mules apalagi kalau kopi tuku cepet itu reaksinya 🤣",1997844726893166847,,onreecord,in,,0,0,0,https://x.com/discusert/status/1997844726893166847,1909677589201104896,discusert
1997841306547355884,2025-12-08 01:31:00+00:00,2,"yg butuh akun fore diskon 50%,
DM yaaa GRATISS

syaratnya cuma follow akun ini aja heheh

08-12-2025
#fore #jasdor #jasdorfore #kopken #janjijiwa #zonabu #zonauang #zonajajan #kopi #tuku #kopifore #bsl https://t.co/cCqQNf0WVI",1997841306547355884,https://pbs.twimg.com/media/G7iNe_MacAIwgCY.jpg,,in,,0,0,0,https://x.com/hidupfore/status/1997841306547355884,1866401398142992384,hidupfore
1997574396479946942,2025-12-08 01:16:34+00:00,0,"@merapi_uncover Kopi 30ewu ki mending tuku no Nako, Fore, po Space sisan 😭😭😭😭😭😭",1997837677383848178,,merapi_uncover,in,,0,0,0,https://x.com/stjinx_moya/status/1997837677383848178,1345803674635759617,stjinx_moya
1997833559227117902,2025-12-08 01:09:19+00:00,0,"@sapphicsfess kamu nomton jujutsu kaisen aja di selected theatres yaa, nanti ambil art papernya. Terus ke tuku, minum kopi sambil liatin kertas gantenk mu",1997835850605101157,,sapphicsfess,in,,0,0,0,https://x.com/booskwangg/status/1997835850605101157,1993330687496388609,booskwangg
1997721195689517068,2025-12-07 18:30:02+00:00,0,@muncorner susah bobo karena aku habis minum kopi tuku.,1997735366682611929,,muncorner,in,,0,0,0,https://x.com/creammilk0000/status/1997735366682611929,1907767521216004096,creammilk0000
1997723059248325014,2025-12-07 17:41:07+00:00,0,Aduh gabis tidur gara-gara kopi tuku,1997723059248325014,,,in,,0,0,0,https://x.com/kiraerri/status/1997723059248325014,2758835937,kiraerri
1997705316314853430,2025-12-07 16:30:37+00:00,1,Kopi Tuku after work 🤍🥺✨ https://t.co/qsVV2YTLoW,1997705316314853430,https://pbs.twimg.com/media/G7lGZITakAAm1qB.jpg,,in,,0,0,0,https://x.com/123jpgx/status/1997705316314853430,1671235969775972352,123jpgx
1997688790836719824,2025-12-07 15:44:51+00:00,0,"@gardenlyre ini #BisaDiatur terus rutenya bukan muterin GBK karena ngga bakal ketemu fotografer yang bisa dibeli di fotoyu, nanti larinya di cfd sambil pakai gear lengkap, setelah beres lari harus ikut ngantri kopi tuku yang di dalem GBK 😎☝🏻",1997693796633727056,,gardenlyre,in,,0,1,0,https://x.com/fatepetals/status/1997693796633727056,1304665827128483845,fatepetals
1997692622404796746,2025-12-07 15:44:02+00:00,0,"@BagasWdykt Lah gbk date lah wkwkw
Makan baso, beli kopi tuku",1997693591100293374,,BagasWdykt,in,,0,1,0,https://x.com/Admeli000ra/status/1997693591100293374,1457962786948988930,Admeli000ra
1997681677527924917,2025-12-07 14:56:41+00:00,0,"bukan coffeeholic, tapi kopi tuku emang enak sii",1997681677527924917,,,in,,0,0,0,https://x.com/Rahma28688194/status/1997681677527924917,950144801806073856,Rahma28688194
1997659616050585688,2025-12-07 14:33:43+00:00,0,"@indomerebus Rene joging ng kene wkwk, mari ngono tuku kopi tuku 😂 https://t.co/8iUYmui7mN",1997675895797240113,https://pbs.twimg.com/media/G7krn9BagAAFktu.jpg,indomerebus,in,,0,1,0,https://x.com/anggaprabs/status/1997675895797240113,537907725,anggaprabs
1997661413569859840,2025-12-07 13:36:10+00:00,1,"Today jadi minion whehehehehehehe. KOPI MLU YA WAKK. 

I LOVE KOPI TUKU😻😻 https://t.co/7cbjGlUkd5",1997661413569859840,https://pbs.twimg.com/media/G7kebqeacAA-eOw.jpg,,in,,0,0,0,https://x.com/cammeeaca/status/1997661413569859840,1266994536699625473,cammeeaca
1997637260628427072,2025-12-07 13:13:53+00:00,1,"@sbyfess Palingan beli makan buat ngerayain sama keluarga kayak tahun² sebelumnya, gitu aja. Terus kegiatan kayak biasa, HAHAHA semoga 2026 udah bisa ngerasain kopi Tuku!!! ☝🏽🤓",1997655805131211007,,sbyfess,in,,0,0,0,https://x.com/clevlanna/status/1997655805131211007,1290143884928905218,clevlanna
1997645854119796830,2025-12-07 12:34:20+00:00,0,"Lagi rame tumbler tuku dan temanku nanya ""tuku tu apa? Merek kopi kah?""
Hehe
Orang orang udah sampe jakarta, dia baru mau beli tiket",1997645854119796830,,,in,,0,0,0,https://x.com/xizu99/status/1997645854119796830,1756227273907404800,xizu99
1997622391690723651,2025-12-07 11:58:45+00:00,0,@siapajalahribet @tanyarlfes Kalo lu beli kopi tuku bawa tumbler sendiri ya buat ngisii,1997636898538299452,,siapajalahribet,in,,0,0,0,https://x.com/rjjrlis/status/1997636898538299452,1435095824548057092,rjjrlis
1997614817214136491,2025-12-07 10:31:00+00:00,0,Kak ken harus coba kopi susu tetangganya TUKU sebelum berangkat sih! @KenzyHutabarat,1997614817214136491,,,in,,0,1,0,https://x.com/ddalgichoko/status/1997614817214136491,1495807863213944834,ddalgichoko
1997600480445501593,2025-12-07 09:34:02+00:00,0,"Promo kopi shopeefood minggu

Kopi Calf
https://t.co/9JZ29zIs09

Kopi Tuku
https://t.co/vkZDvhSw1K

Kopi Philosophy
https://t.co/Q7X7vX5fiP

Kopi Kenangan
https://t.co/W98Ul1yEow

Janji Jiwa
https://t.co/4Ruwz0dceq",1997600480445501593,,,in,,0,0,0,https://x.com/ike_tjn/status/1997600480445501593,513346093,ike_tjn
1997585520881500194,2025-12-07 09:14:36+00:00,0,"@Lahryann ojo akeh2 cak, pokoke iso gawe tuku solar kopi sak rokoke",1997595590465814874,,Lahryann,in,,0,0,0,https://x.com/empu_gindrang/status/1997595590465814874,1250403740311408640,empu_gindrang
1997592318128590886,2025-12-07 09:01:36+00:00,0,"Kangen kopi tuku, family mart, umayumcha 😩😩😩 sdgkn mau jastip kek harganya melezit skali👋🏻🙂",1997592318128590886,,,in,,0,1,0,https://x.com/dyaskrtk/status/1997592318128590886,264776363,dyaskrtk
1997587363271467449,2025-12-07 08:41:55+00:00,0,terima kasih kopi tuku sudah hadir,1997587363271467449,,,in,,0,0,0,https://x.com/avatarrangg/status/1997587363271467449,1657666500,avatarrangg
1997585766999089242,2025-12-07 08:35:34+00:00,1,Gajadi kopi tuku gpp dapet calf coffe 1liter lopelope🫶 https://t.co/O9UMY0isAe,1997585766999089242,https://pbs.twimg.com/media/G7jZqS0bsAARqbP.jpg,,in,,0,0,0,https://x.com/pantai_gunung/status/1997585766999089242,1935533242813468672,pantai_gunung
1997580204840305035,2025-12-07 08:13:28+00:00,0,jauh jauh ke kopi tuku gajadi beli krna antrinya hishhh😭,1997580204840305035,,,in,,0,0,0,https://x.com/silpiakkk/status/1997580204840305035,542130633,silpiakkk
1997577666174832935,2025-12-07 08:03:23+00:00,0,P1 : Maxx 🇳🇱 P2 : Carlos 🇪🇸 P3 : Albono 🇹🇭KALAU BENERAN KEJADIAN GUA TRAKTIR TUKU KOPI SELITER BUAT 1 ORG BERUNTUNG 🍀,1997577666174832935,,,in,,0,1,0,https://x.com/Mangnaee/status/1997577666174832935,1489917987544973312,Mangnaee
1997564634350703047,2025-12-07 07:11:36+00:00,0,selama di jkt gue ga behave karena setiap hari minum tuku TAPII KALO GAA MINUM KOPI NANTI TUGAS GUE GAADA YANG SELESAI😭,1997564634350703047,,,in,,0,0,0,https://x.com/jaktiim/status/1997564634350703047,2177386294,jaktiim
1997561623700279439,2025-12-07 06:59:38+00:00,0,bm kopi tuku,1997561623700279439,,,in,,0,0,0,https://x.com/123jpgx/status/1997561623700279439,1671235969775972352,123jpgx
1997552233886666853,2025-12-07 06:22:19+00:00,1,"ㅤ
Yohana, 2003. 
Sama-sama suka matcha tapi lebih suka hetea daripada tuku alias pencinta minuman yang manis-manis daripada kopi pahit. Biasanya pesan minum apa? @vurciverous 
ㅤ",1997552233886666853,,,in,,0,1,0,https://x.com/haolyours/status/1997552233886666853,1988832864042119169,haolyours
1997550627510202794,2025-12-07 06:15:56+00:00,0,"Toko Kopi Tuku itu unik krn sederhana tapi berkualitas—pakai biji kopi lokal, rasa konsisten, dan punya menu legendaris Es Kopi Susu Tetangga yg jd pelopor es kopi susu kekinian di Indonesia ☕✨
Mau cobain nikmatnya kopi ala Tuku? Yuk order sekarang!👇✨
https://t.co/5dyYhprk7M https://t.co/hwGtxlT0jG",1997550627510202794,https://pbs.twimg.com/media/G7i5tICaUAAMGHI.jpg,,in,,0,0,0,https://x.com/witrisyahputri/status/1997550627510202794,71719121,witrisyahputri
1997548894495072415,2025-12-07 06:09:03+00:00,0,"Kopi tuku seliter ku dah basi, dahal baru 2 hari
Sedih dikit",1997548894495072415,,,in,,1,0,0,https://x.com/nrhmdaisy/status/1997548894495072415,1656569122900295680,nrhmdaisy
1997528746228896103,2025-12-07 04:49:00+00:00,0,"TOMORO COFFEE😭

Promo Desember gaada lawan guys! Ya kali diskon 15RIBU? Cek buruan deals up to 30% buruan! Mantep bgt weekend ini🙀

✨DISKON 20RIBU

Klaim Voucher 55%
👉 https://t.co/rIxQzUnrAk

fore shopeefood info kode richeese gacoan spay tuku tumbler kopken point janji jiwa https://t.co/wo7zIpdSXH",1997528746228896103,https://pbs.twimg.com/media/G7ilzg0b0AASoVv.jpg,,in,,0,0,0,https://x.com/bestbuybestie/status/1997528746228896103,1735456245304426496,bestbuybestie
1997501816419082639,2025-12-07 03:01:59+00:00,1,"yg butuh akun fore diskon 50%,
DM yaaa GRATISS

syaratnya cuma follow akun ini aja heheh

07-12-2025
#fore #jasdor #jasdorfore #kopken #janjijiwa #zonabu #zonauang #zonajajan #kopi #tuku #kopifore #bsl https://t.co/oKifqVrAUE",1997501816419082639,https://pbs.twimg.com/media/G7iNQLEbIAAFugz.jpg,,in,,0,1,0,https://x.com/hidupfore/status/1997501816419082639,1866401398142992384,hidupfore
1997492381286060148,2025-12-07 02:53:17+00:00,0,@melifloeus 😭😭 LUCU BGT NEXT KOPI TUKU,1997499626266734933,,melifloeus,in,,0,1,0,https://x.com/soobinungu/status/1997499626266734933,1008689188244357120,soobinungu
1997476052281786696,2025-12-07 01:19:41+00:00,0,"kopi tuku
https://t.co/jCDhrAxOSM

shihlin
https://t.co/7zI8guksbS https://t.co/KL7VQP1Hsk",1997476073219723593,https://pbs.twimg.com/media/G7h1PjibEAA2WwE.jpg,divetodeepest,in,,0,0,0,https://x.com/divetodeepest/status/1997476073219723593,1943274929912451072,divetodeepest
1997385921100992587,2025-12-06 19:21:27+00:00,3,"perkara minum kopi tuku jd gabisaa tidurrr, my jantung isnt daijobu deg deg an 😭",1997385921100992587,,,in,,0,0,0,https://x.com/klavikulla/status/1997385921100992587,733165190057984000,klavikulla
1997374663111143727,2025-12-06 18:37:14+00:00,0,Tak lupa juga kopi tuku sahabat kita semua🙏🏻🫶🏻❤️,1997374793876898087,,nasgordukdukk,in,,0,0,0,https://x.com/nasgordukdukk/status/1997374793876898087,861624247814205440,nasgordukdukk
1997340054843543823,2025-12-06 16:23:38+00:00,0,@burnknuckIe Gue mau bawa kopi sendiri dari rumah. PENUH MULU ANJIR KOPI TUKU DISANA,1997341169748169011,,burnknuckIe,in,,0,1,0,https://x.com/R0guehope/status/1997341169748169011,764990106759487488,R0guehope
1997340054843543823,2025-12-06 16:21:40+00:00,0,@R0guehope istirahat dulu sebelum ziarah ke negara blok m lalu tuku kopi tuku,1997340676946829668,,R0guehope,in,,0,1,0,https://x.com/burnknuckIe/status/1997340676946829668,1912784631088443392,burnknuckIe
1997330920202985497,2025-12-06 15:42:54+00:00,0,sampai meninggalkan jkt belum kesampaian duduk leyeh leyeh nntn softball sambil minum kopi tuku,1997330920202985497,,,in,,0,1,0,https://x.com/takbirsemua/status/1997330920202985497,1812323712047480832,takbirsemua
1997312871500583355,2025-12-06 14:31:11+00:00,0,Kopi tuku kalo manusia udah gue entot jir😔,1997312871500583355,,,in,,0,0,0,https://x.com/pegeyyasus/status/1997312871500583355,2936002914,pegeyyasus
1997274220343238923,2025-12-06 13:25:51+00:00,8,"@radenrauf Yu kenalan barangkali bisa akrab  aku M28 th don jkt, karyawan Dnntr, suka konser, buku, taman, kopi tuku 
Like aja, nanti aku dm",1997296428423786668,,radenrauf,in,,0,0,0,https://x.com/laespurpel/status/1997296428423786668,1700418272397807616,laespurpel
1997280883313942990,2025-12-06 12:24:04+00:00,11,"Ditraktir kopi TUKU sama Ompuk @Khal1sh_Q 🤤
Makasih Mbloo,
Sehat selalu...
Poto bareng rotinya besok ya... https://t.co/xq3Vp6XyPF",1997280883313942990,https://pbs.twimg.com/media/G7fEYF-boAA1s1y.jpg,,in,,0,3,0,https://x.com/Mia_Kyushu/status/1997280883313942990,1345197460474318848,Mia_Kyushu
1997261348158541865,2025-12-06 11:06:27+00:00,1,"Toko Kopi Tuku Malang sekarang ada di ShopeeFood! Pesan Sekarang, langsung diantar. https://t.co/Lva3VmXhYn https://t.co/hcQX50Lt4M",1997261348158541865,https://pbs.twimg.com/media/G7eym7-a8AAvPhh.jpg,,in,,0,0,0,https://x.com/blublubcookies/status/1997261348158541865,1941120942828396544,blublubcookies
1997259652380467218,2025-12-06 10:59:43+00:00,0,"abis cobain resepnya dilan yang hacks kopi tuku pake santen, oat milk, sama torabika creamy latte perut gue jadi panasssss",1997259652380467218,,,in,,0,1,0,https://x.com/tangkapbanes/status/1997259652380467218,870548893347401728,tangkapbanes
1850015428439048221,2025-12-06 10:37:30+00:00,1,"@Aralie_JKT48 Hiii ngopi mulu, sama si wkwkwkk ni baru kelar beli kopi giling buat stock dirumah, trs td kyk dikasih 1 gelas gratis gitu sama orngnya suruh nyobain katanya🙂‍↕️🙂‍↕️🙂‍↕️, anw kalo cake paling aku sukanya cheesecake gitu si, tp carrot cakenya tuku enak si

#Lieterasi",1997254064669909284,,iya_rija,in,,0,1,0,https://x.com/iya_rija/status/1997254064669909284,1358330618174574592,iya_rija
1997236860956151928,2025-12-06 09:29:09+00:00,0,"📍 kopi TUKU
▫️voucher diskon 25rb, 10rb
▫️gratis ongkir
🔗 https://t.co/QaryNaJkou

⭐ es kopi susu tetangga
▫️satuan
🔗 https://t.co/bHhHYaAY7l
▫️paket 5 pcs
🔗 https://t.co/mFPamwQn8E
▫️1L
🔗 https://t.co/kzKqoYu8Za

⭐ donat kampoeng
🔗 https://t.co/oOjdpz7vVA

#TUKUtiaphari https://t.co/JS87Gg0ONr",1997236860956151928,https://pbs.twimg.com/media/G7ecVhhbMAAiCwf.jpg,,in,,0,0,0,https://x.com/laperterus__/status/1997236860956151928,1892196957676036096,laperterus__
1997207276843929743,2025-12-06 07:31:35+00:00,0,bm kopi tuku,1997207276843929743,,,in,,0,0,0,https://x.com/ImSunflawer/status/1997207276843929743,582431369,ImSunflawer
1997179739002622275,2025-12-06 05:42:10+00:00,4,"Nyimak ini endingnya beli kopi Tuku. 😅

Strategi Mindfull Expansion ala Kopi Tuku https://t.co/gUp5UOF7UP",1997179739002622275,,,in,,0,2,1,https://x.com/fajarnugros/status/1997179739002622275,36321448,fajarnugros
1997113098227044515,2025-12-06 05:39:41+00:00,0,@kixmdoyeon Ini tumpahan dari tumbler kopi tuku ya?,1997179116798529888,,kixmdoyeon,in,,0,0,0,https://x.com/yesareswara/status/1997179116798529888,1371777637056585729,yesareswara
1997167610438594601,2025-12-06 05:33:14+00:00,0,@antarani_hana balik Semarang kapan? pengen kopi literane tuku tapi aku lagek balek Semarang selasa wkwkwk,1997177491644125227,,antarani_hana,in,,0,1,0,https://x.com/estehtawarrr__/status/1997177491644125227,1804226753734545408,estehtawarrr__
1997164433769107845,2025-12-06 04:41:21+00:00,0,kopi tuku mang arghhhh nak bet😩😩😩,1997164433769107845,,,in,,0,0,0,https://x.com/WijilJ82017/status/1997164433769107845,1956363883498864640,WijilJ82017
1997162935559639183,2025-12-06 04:35:23+00:00,0,Ahh bm kopi tuku,1997162935559639183,,,in,,0,0,0,https://x.com/wonmyverse/status/1997162935559639183,1475847549088976898,wonmyverse
1997141761563459919,2025-12-06 04:18:20+00:00,0,@undipmfs2 mau kopi tuku,1997158644048404910,,undipmfs2,in,,0,1,0,https://x.com/hujanharinii_/status/1997158644048404910,1888276291532795904,hujanharinii_
1997158498262557119,2025-12-06 04:17:46+00:00,49,"2025 𝘊𝘩𝘰𝘪 𝘚𝘰𝘰𝘣𝘪𝘯 𝘔𝘪𝘯𝘪 𝘉𝘪𝘳𝘵𝘩𝘥𝘢𝘺 𝘗𝘳𝘰𝘫𝘦𝘤𝘵ˎˊ˗

📍Blok m, Jakarta —

⤷ Depan blok m hub, restu sport (2 spot)
⤷ Kopi tuku
⤷ Depan booth zootopia
⤷ Toko mas diamond
⤷ Bali hai
⤷ Maiku cafe
⤷ Depan oo donut
⤷ Warung nasi dendeng
⤷ Make some room
⤷ https://t.co/DD2QeQuatm",1997158498262557119,https://pbs.twimg.com/media/G7dVDLAaMAAM3rb.jpg,,in,,4,0,20,https://x.com/soobiwuv/status/1997158498262557119,1698537064441188352,soobiwuv
1997153218179355019,2025-12-06 03:56:47+00:00,0,sekian kopi menurut gw kopi terenak kedua setelah tuku review jujur aja inimah tapi yg di tangerang ye,1997153218179355019,,,in,,0,2,0,https://x.com/vancityandys/status/1997153218179355019,1224680834,vancityandys
1997123187210137642,2025-12-06 01:57:27+00:00,0,"yg butuh akun fore diskon 50%, DM yaaa GRATISS
syaratnya cuma follow akun ini aja heheh  

06-12-2025
#fore #jasdor #jasdorfore #kopken #janjijiwa #zonabu #zonauang #zonajajan #kopi #tuku #kopifore https://t.co/o6DPKLWOH4",1997123187210137642,https://pbs.twimg.com/media/G7c001-akAAUWqQ.jpg,,in,,0,0,0,https://x.com/hidupfore/status/1997123187210137642,1866401398142992384,hidupfore
1997113482773225930,2025-12-06 01:18:53+00:00,0,"lupa bayar parkir seharga segelas kopi tuku

kena ticket semahal ayce gyukaku

memang asem",1997113482773225930,,,in,,0,0,0,https://x.com/rzrizaldy/status/1997113482773225930,25482544,rzrizaldy
1997094552747102389,2025-12-06 00:03:40+00:00,0,"Promo Shopeefood

Mie Gacoan
https://t.co/DzGuloaPNg

SeIndonesia
https://t.co/bdKehvwn2U

Ayam Keprabon
https://t.co/gxDlJA7h8h

Ayam Bang Dava
https://t.co/4gtlCLqKox

Kopi Tuku
https://t.co/f4gvicbzz4

Circle K
https://t.co/KJ9wXU5Dq3

HokBen
https://t.co/Iuj2mwSCJD https://t.co/KxJ6NiXAYb",1997094552747102389,https://pbs.twimg.com/media/G7ca5hYaAAAXO_y.jpg,,in,,0,0,0,https://x.com/3esihma/status/1997094552747102389,1847151278776111104,3esihma
1997067595149984043,2025-12-05 22:16:33+00:00,0,"Menu Kudapan Kopi Tuku, Pas buat Teman Ngopi https://t.co/4XmASsJJT9",1997067595149984043,,,in,,0,0,0,https://x.com/IDNTimesTravel/status/1997067595149984043,1616331769376276480,IDNTimesTravel
1996995277375651990,2025-12-05 17:30:02+00:00,0,"Gabisa minum kopi soalnya, tp pengen nyobain tuku sama calf tp abis itu aku deg2an gpp ya",1996995493646446764,,axyowk,in,,0,0,0,https://x.com/axyowk/status/1996995493646446764,834873705800994816,axyowk
1996995277375651990,2025-12-05 17:29:11+00:00,4,Rasanya kopi tuku gimana? Jujur aku belum pernah beli😅,1996995277375651990,,,in,,0,2,0,https://x.com/axyowk/status/1996995277375651990,834873705800994816,axyowk
1996598574701027814,2025-12-05 17:24:34+00:00,0,"@cokndeng “Karena pemilik yang tamak dan membawa musibah, tumbler tuku keluar kopi hingga merenggut nyawa pemiliknya”",1996994117113729480,,cokndeng,in,,0,0,0,https://x.com/hi_budum/status/1996994117113729480,2464532226,hi_budum
1996931429943620017,2025-12-05 15:19:29+00:00,0,@keidomda @marraawrr @vallegarr tuku kopi,1996962639046758560,,keidomda,in,,0,0,0,https://x.com/conanian__/status/1996962639046758560,1800447954291240960,conanian__
1996960669573566647,2025-12-05 15:11:40+00:00,0,"Gak sabar titipan kopi tetangga punyaku, tolong tuku open store di Kalimantan.",1996960669573566647,,,in,,0,0,0,https://x.com/dogadoenyak/status/1996960669573566647,1370242134821933056,dogadoenyak
1996925062902083849,2025-12-05 12:50:10+00:00,1,"sejauh ini kopi yang pernah gua coba dan cocok di gua :
- tuku
- kopken
- tokman
- jago",1996925062902083849,,,in,,0,2,1,https://x.com/kilovegood/status/1996925062902083849,1069224446496399360,kilovegood
1996924472071479347,2025-12-05 12:47:49+00:00,1,"bersamamu, bersamaku
kamu dan kopi tuku😅 https://t.co/LBwy0mpcdM",1996924472071479347,https://pbs.twimg.com/media/G7aANomb0AUvkbO.jpg,,in,,0,0,0,https://x.com/sintulmarintul/status/1996924472071479347,1316948242374946816,sintulmarintul
1996827002788315596,2025-12-05 12:29:57+00:00,0,@lunvraen Kopi susu tetangga punya Tuku ya. 😄😄,1996919975374926222,,lunvraen,in,,0,1,0,https://x.com/marshagouw/status/1996919975374926222,891090669078315008,marshagouw
1996397635306176590,2025-12-05 11:51:28+00:00,3,"@Zafnat_Official @auliarossari yah buru dulu Dateng GK ush ngomen doang, gw suguhin kopi, mau apa tuku? fore? pilih",1996910288529248656,,kakmau1tanya,in,,0,1,0,https://x.com/gurgurhaverisen/status/1996910288529248656,752452261,gurgurhaverisen
1996598574701027814,2025-12-05 11:49:16+00:00,14,@cokndeng alhamdulillah kopi tuku unlimited🙏🏼🙏🏼,1996909737636688311,,cokndeng,in,,0,0,0,https://x.com/diboomi/status/1996909737636688311,1576245667705417728,diboomi
1996895753898545221,2025-12-05 10:53:42+00:00,1,mau kopi Tuku 👉🏽👈🏽,1996895753898545221,,,in,,0,0,0,https://x.com/uglysinner123/status/1996895753898545221,1008668492747296769,uglysinner123
1996893222443143329,2025-12-05 10:43:39+00:00,0,Huft ada konsumsi kopi susu tuku. Pengen tapi lagi kurangi kalori huhu.,1996893222443143329,,,in,,0,0,0,https://x.com/bbbonar/status/1996893222443143329,321776641,bbbonar
1996863847135850792,2025-12-05 09:52:40+00:00,0,@flyingwithdian Next coba mbak minum kopi dr cafe astro di grab. Sumpah lebih enak dari tuku,1996880394281746580,,flyingwithdian,in,,0,1,0,https://x.com/BaddieOnRehab/status/1996880394281746580,81046282,BaddieOnRehab
1996878835128898018,2025-12-05 09:46:29+00:00,0,Meh tuku kopi tuku,1996878835128898018,,,in,,1,0,0,https://x.com/DevCtx/status/1996878835128898018,1620644851556687872,DevCtx
1996863847135850792,2025-12-05 08:46:55+00:00,4,Kopi susu tetangga tuku enak banget until my asam lambung naik 😭,1996863847135850792,,,in,,1,2,0,https://x.com/flyingwithdian/status/1996863847135850792,63087720,flyingwithdian
1996835426393575659,2025-12-05 08:46:28+00:00,0,@glacy_pahn Kakak lagi di depan kopi tuku ya,1996863733721976913,,glacy_pahn,in,,0,0,0,https://x.com/redresssangwon/status/1996863733721976913,770457840964083712,redresssangwon
1996858069419262461,2025-12-05 08:23:58+00:00,0,YA TUHAN KANGEN MINUM KOPI TUKU,1996858069419262461,,,in,,0,0,0,https://x.com/___alltoounwell/status/1996858069419262461,1980887593530363904,___alltoounwell
1996836250662457639,2025-12-05 08:01:23+00:00,0,"@infomalang @yusufgunawan @kabarmalang oleh e srebet kotak2, jepit bebek2an, roti plangi sak kresek, kopi susu brengos, kopi brengos abang.

tas e nomer pitu likur...

itulah konsep marketing digital.

niat tuku tas; tas kudu ne nomer siji dadi pitu likur.

ora usah mbahas alogaritma, iki kedaden ndek alam nyata. 🤣",1996852387517288502,,infomalang,in,,0,1,0,https://x.com/gakbenar/status/1996852387517288502,1640486850,gakbenar
1996852147217146214,2025-12-05 08:00:26+00:00,0,"Bobo Jumat Malang Pasokan BBM Aceh

https://t.co/uQbkMPxqcS
Fore Coffee 
https://t.co/oBdMZmiplL
Richeese 
https://t.co/Mu5Q8sw5jZ
Mie gacoan 
https://t.co/0EwYhmbM0V
Tuku https://t.co/5NFsTQEASG",1996852147217146214,https://pbs.twimg.com/media/G7Y-cO_aIAAKHfq.jpg,,in,,0,0,0,https://x.com/goodservice_id/status/1996852147217146214,1918132089402298368,goodservice_id
1996803884275396764,2025-12-05 07:10:52+00:00,0,"@jiindanjuun ke blok m kek nya mereka, nyobain ayam renal atau ga ke GBK nyobain kopi tuku sambil nge-chill",1996839672321085730,,jiindanjuun,in,,0,1,0,https://x.com/norezzee/status/1996839672321085730,1705581760770428928,norezzee
1996836940793164143,2025-12-05 07:00:00+00:00,9,"Siapa bilang produk lokal kalah keren?
Selain tumblr kopi tuku yang kemarin rame, Ini dia deretan tumblr lokal yang estetik, fungsional, dan ramah di kantong.

Cek satu-satu di slide ya! 👀✨

#Indibiz #IndibizJBN #tumblr #bisnis #pebisnis #tumblrtuku https://t.co/HcpIDSN1JM",1996836940793164143,https://pbs.twimg.com/media/G7Xpwm3bsAAeieV.jpg,,in,,0,0,4,https://x.com/IndibizJBN/status/1996836940793164143,1670997076468207617,IndibizJBN
1996830220247355706,2025-12-05 06:33:18+00:00,0,"mau coba famima, tuku, fore
aplg kopi yg blm kucoba",1996830220247355706,,,in,,0,0,0,https://x.com/almadoangdah/status/1996830220247355706,1491248436917596160,almadoangdah
1996828410245750989,2025-12-05 06:26:06+00:00,0,"bikin kopi sendiri kopi base dibikinin yogi, tambah creamer, tambah susu, tambah gula jawa, satset dukaduk, eh jadinya mirip tuku. ajaib.",1996828410245750989,,,in,,0,0,0,https://x.com/Jipsky/status/1996828410245750989,75337412,Jipsky
1996817221805658558,2025-12-05 05:41:39+00:00,0,"terima kasih sebesar besarnya buat kopi susu tetangganya tuku, tanpa dia 2 minggu kebelakang ini gw udh macam hidup segan mati tak mau kayaknya ☠️",1996817221805658558,,,in,,0,0,0,https://x.com/ThisyaAudina/status/1996817221805658558,469964165,ThisyaAudina
1996816028182176085,2025-12-05 05:36:54+00:00,0,"Info diskon kopi shopeefood jumat awal desember

Kopi Calf
https://t.co/9JZ29zIs09

Kopi Tuku
https://t.co/vkZDvhSw1K

Kopi Philosophy
https://t.co/Q7X7vX5fiP

Kopi Kenangan
https://t.co/W98Ul1yEow

Janji Jiwa
https://t.co/4Ruwz0dceq",1996816028182176085,,,in,,0,0,0,https://x.com/ike_tjn/status/1996816028182176085,513346093,ike_tjn
1996813348256862397,2025-12-05 05:26:15+00:00,0,Bisa bisanya anak gadisku minta kopi tuku campur milo. Pas di coba enaaaaakkkkkk lebih enak dari kopmil yg aku beli di padang.,1996813348256862397,,,in,,0,0,0,https://x.com/yaeyaelah/status/1996813348256862397,86012604,yaeyaelah
1996805161067639195,2025-12-05 04:53:43+00:00,0,"ROTI O🔥

ROTI CUMA 1 RUPIAH AJA!!! Harus banget dimanfaatin guys. Cek juga Paket Desember Roti’O cuma 10ribuan😭🫶🏻

✨DISKON 20RB
✨Voucher 60% sd 20RB

Klaim cepet
👉 https://t.co/EH8ZiCgKcG

shopeefood tuku coffee point shopeepay sfood mcd kopi richeese pizza gacoan hidden https://t.co/kMtjnmIyzb",1996805161067639195,https://pbs.twimg.com/media/G7YTtW3b0AAvsHm.jpg,,in,,0,0,0,https://x.com/bestbuybestie/status/1996805161067639195,1735456245304426496,bestbuybestie
1996802091210469647,2025-12-05 04:41:31+00:00,0,"Dari tadi mikir, siapa lah ini pake parfum aroma kopi ini. Kok bisa wangi banget tuku. Terus baunya kok ngikutin gue.

Taunya baru inget, td pagi celana ketumpahan tuku",1996802091210469647,,,in,,0,0,0,https://x.com/sylvpr/status/1996802091210469647,1569751807,sylvpr
1996791932136444254,2025-12-05 04:01:09+00:00,2,Gimana kalo weekend ini kita isi dengan kegiatan nobar konser ekebi di kost kamu? Nanti aku beli pringles sama kopi tuku.,1996791932136444254,,,in,,0,4,0,https://x.com/jennisgosal/status/1996791932136444254,109280320,jennisgosal
1996789495535227087,2025-12-05 03:51:28+00:00,0,Nescafe yg biru itu yum 11 12 sama tuku kopi item yum,1996789495535227087,,,in,,0,0,0,https://x.com/docuntmen/status/1996789495535227087,4810767475,docuntmen
1996782822561079755,2025-12-05 03:24:57+00:00,0,"Promo Shopeefood

Dapur Cokelat
https://t.co/fWhRi0sNvP

Kopi Tuku
https://t.co/G6an3duV31

Sushi Yay
https://t.co/tiOZepP50U

Tahu Go
https://t.co/I4rQqYbXYM

Truffle Belly
https://t.co/56ksWQ42dc

Circle K
https://t.co/53CmhPOOp3

Burger Bangor
https://t.co/ELPgOHfTrE https://t.co/yYvtr8kvjH",1996782822561079755,https://pbs.twimg.com/media/G7X_YsYb0AIXhyt.jpg,,in,,0,0,0,https://x.com/3esihma/status/1996782822561079755,1847151278776111104,3esihma
1996770196548395031,2025-12-05 03:09:44+00:00,0,@Bubblepuffgg tuku enaknya yg kopi item atau yg kopi susu gt? blm pernah nyobain soalnya,1996778992154931303,,Bubblepuffgg,in,,0,1,0,https://x.com/Dastan696969/status/1996778992154931303,1483102563147083776,Dastan696969
1996767856252670260,2025-12-05 02:25:29+00:00,0,Kopi tuku mau buka store di Margorejo seneng banget tinggal ngesot dari kantor,1996767856252670260,,,in,,0,0,0,https://x.com/isnnifree/status/1996767856252670260,121988280,isnnifree
1996748428584657171,2025-12-05 01:08:17+00:00,0,"pak anandanu, tolong jadiin saya barista toko kopi tuku, karena saya ampir setiap hari beli, pak. tanya aja bifad dan panji di toko kopi tuku la",1996748428584657171,,,in,,0,0,0,https://x.com/girinathaputra/status/1996748428584657171,1182804562853236736,girinathaputra
1996732936843096324,2025-12-05 00:06:44+00:00,0,"Promo Shopeefood

Kopi Tuku
https://t.co/pAjWQCZLER

Animo Bakery
https://t.co/Z9jLzHUw4R

Fish Streat
https://t.co/zkHyfVafVK

Fore Coffee
https://t.co/eLbCwCcAVa

Ayam Keprabon
https://t.co/6ucC3P6lye

HokBen
https://t.co/Pr4OHLHRkM

SeIndonesia
https://t.co/P8TeauZGl2 https://t.co/vQ3MaC8Piv",1996732936843096324,https://pbs.twimg.com/media/G7XSAnRasAAmY8v.jpg,,in,,0,0,0,https://x.com/3esihma/status/1996732936843096324,1847151278776111104,3esihma
1996721464377331775,2025-12-04 23:21:09+00:00,0,"Berarti berita Kopi Tuku mau buka store yang gak nempel di pom bensin di Surabaya Selatan beneran ya

Kalo liat bangunannya kayaknya store-nya bakal lumayan besar",1996721464377331775,,,in,,0,0,0,https://x.com/_fiqihna_/status/1996721464377331775,1665043903618387968,_fiqihna_
1996554039400788463,2025-12-04 16:42:01+00:00,0,@ryanffebrianto akan kuarungi tapi sikkk kopi tuku dulu (sama plisss ajak gue kuliner viral blok m dong kyk si donat donat itu!!!!),1996621021659726334,,ryanffebrianto,in,,0,0,0,https://x.com/zzzefan/status/1996621021659726334,1871560478339817472,zzzefan
1991561082406858849,2025-12-04 16:35:43+00:00,0,@maririnskm minimal kopi tuku sama cemilan nya,1996619435780821365,,maririnskm,in,,0,1,0,https://x.com/sancoiy/status/1996619435780821365,879131991316221956,sancoiy
1996611187925242266,2025-12-04 16:02:57+00:00,0,"unpopular opinion: sebenernya tuku ga seenak itu, tapi that's the best coffee kalo nyarinya di jakarta HAHAHA",1996611187925242266,,,in,,0,2,0,https://x.com/kont0lcicak/status/1996611187925242266,1314106980835840006,kont0lcicak
1996586100207546573,2025-12-04 14:23:15+00:00,0,"Ga papa kok Gaiss kalau kelelahan dlm keseharian ujug2 jd melow ya wajar namanya manusia

Nangis di ojek jg ga papa nangis di krl juga papa .. keluar rumah itu juga tanda kalau masih punya daya buat melanjutkan hidup

Telen aja pahit manis hidup abis itu jajan kopi tuku",1996586100207546573,,,in,,0,1,1,https://x.com/DewiTuwuh/status/1996586100207546573,45100171,DewiTuwuh
1996574408161583443,2025-12-04 14:06:45+00:00,2,"@lenoireee Kopi tuku
Mau kopi sama orangnyaa",1996581945841730036,,lenoireee,in,,0,1,0,https://x.com/Sayallohaa/status/1996581945841730036,1445268737712537600,Sayallohaa
1996566758032130429,2025-12-04 13:06:24+00:00,94,"RANKING COFFEE GW SKRG:
1. KOPI MAKMUR JAYA🥇
2. KOPI TUKU🥈 https://t.co/iqZGuIJd4k",1996566758032130429,https://pbs.twimg.com/media/G7U632bbQAA8vT8.jpg,,in,,2,7,0,https://x.com/isntfarizz/status/1996566758032130429,1401794372929146888,isntfarizz
1996560321553522864,2025-12-04 13:05:08+00:00,0,@yubifess eh yaallah nder amit amit jgn nder mending kita main yuk keliling jatim park yu seru nder atau kita makan mie ayam yu enak tuh punya nina rasa atau ga beli kopi tuku deh enak ga kayak omongan tetangga ciyus deh,1996566438954549456,,yubifess,in,,0,0,0,https://x.com/basotebu/status/1996566438954549456,1369692158899277828,basotebu
1996509015648751700,2025-12-04 09:16:57+00:00,6,"day 4 makan 5x sehari, coffee break jco dcrepes, siangnya yoshinoya, sore dikasih tuku.... https://t.co/Bvj3hFQupa",1996509015648751700,https://pbs.twimg.com/media/G7UGXOhakAAVDMV.jpg,,in,,1,0,0,https://x.com/froyogist/status/1996509015648751700,888061574912458752,froyogist
1996497830287192458,2025-12-04 08:32:30+00:00,0,"Beneran lagi pengen banget kopi tuku, padahal biasanya juga jarang ngopi",1996497830287192458,,,in,,0,0,0,https://x.com/matchae6600/status/1996497830287192458,1739284391824961536,matchae6600
1996496244051701785,2025-12-04 08:26:12+00:00,0,"ROTI O🔥

ROTI CUMA 1 RUPIAH AJA!!! Harus banget dimanfaatin guys. Cek juga Paket Desember Roti’O cuma 10ribuan😭🫶🏻

✨DISKON 20RB
✨Voucher 60% sd 20RB

Klaim cepet
👉 https://t.co/EH8ZiCgKcG

shopeefood tuku coffee point shopeepay sfood mcd kopi rotiboy pizza gacoan hidden https://t.co/WgtJ0Q54jK",1996496244051701785,https://pbs.twimg.com/media/G7T6v2eaYAA8VnY.jpg,,in,,0,0,0,https://x.com/bestbuybestie/status/1996496244051701785,1735456245304426496,bestbuybestie
1996415133523018008,2025-12-04 06:34:40+00:00,0,@suarmentari Kak jangan lupa cobain kopi tuku!!,1996468176562037004,,suarmentari,in,,0,0,0,https://x.com/KosmoLeeDo/status/1996468176562037004,814330423270666241,KosmoLeeDo
1996450490415251694,2025-12-04 05:24:23+00:00,0,"Promo shopeefood kopi favoritmu

Kopi Calf
https://t.co/9JZ29zIs09

Kopi Tuku
https://t.co/vkZDvhSw1K

Kopi Philosophy
https://t.co/Q7X7vX5fiP

Kopi Kenangan
https://t.co/W98Ul1yEow

Janji Jiwa
https://t.co/4Ruwz0dceq",1996450490415251694,,,in,,0,0,0,https://x.com/ike_tjn/status/1996450490415251694,513346093,ike_tjn
1994222426826129465,2025-12-04 05:11:35+00:00,0,"sekarang list per-bm-anku:
- cireng kuah umafood
- kopi tuku (PLSSS SEMINGGU GA NGOPI I FEEL LIKE IM D WORDDD)
- sosis riverland
- any pedes2an food POKOKNYA MAU YG PEDESS HUH HAH
- salt bread
- bebek cabe ijo cahyo
- essel
- doner kebab
- dochi

dah itu aja dulu 🤤🤤🤤",1996447268535447746,,2Iitersehari,in,,1,0,0,https://x.com/2Iitersehari/status/1996447268535447746,1162907918464741378,2Iitersehari
1996443992603644297,2025-12-04 04:58:34+00:00,0,"kayaknya kopi susu yang gabisa gue minum kayak air mineral cuman tuku deh, gue bener bener harus memproses tiap tegukan😭",1996443992603644297,,,in,,0,0,0,https://x.com/nuggyboi_/status/1996443992603644297,1322386936196001792,nuggyboi_
1996243813220679836,2025-12-04 04:15:46+00:00,0,@WongSep71062431 @tanyarlfes yungalah.....ko tuku kopi rentengan...dik ombe neng pinggiran starbuk tho....,1996433222511792175,,WongSep71062431,in,,0,1,0,https://x.com/ari97725331/status/1996433222511792175,1272926054672261120,ari97725331
1996243813220679836,2025-12-04 04:06:07+00:00,0,"@ari97725331 @tanyarlfes Laa meh ngokop kopi ae ndadak ngenteni di jemput bojone uwong..
Nek ra kuat mbayar starbuck, mbok tuku kopi rentengan..",1996430791870759176,,ari97725331,in,,0,1,0,https://x.com/WongSep71062431/status/1996430791870759176,1544261907250806784,WongSep71062431
1996421278820188379,2025-12-04 03:28:19+00:00,0,"Akhirnya minum es kopi lagi 😍
Tapi tempat kopiku sekadar hadiah dari seminar2, bukan tumblr tuku atau chakolab atau stanley atau corkcicle. Wkwk https://t.co/X45EMeQ0nm",1996421278820188379,https://pbs.twimg.com/media/G7S2kgfbIAA4u6_.jpg,,in,,0,1,0,https://x.com/stellarandlune/status/1996421278820188379,1083109195451326464,stellarandlune
1996405118175158334,2025-12-04 03:25:15+00:00,1,@FWBase_id Menunya tuku di GBK itu kopi aja ya? Aku gak bisa ngopi soalnya,1996420506933997587,,FWBase_id,in,,0,0,0,https://x.com/1theianyx/status/1996420506933997587,1980593427302739970,1theianyx
1992486897785159957,2025-12-04 02:52:44+00:00,0,"👧🏻: ibu ayo ke warung kopi sama aku ya.
🧕🏻: ...
malah kon tuku kopi ning indomaret point barang 😮‍💨
Gek kepieto liik~
Kan ibu cuma cerita dahuluuuu ..skrg lemah lambongku😅",1996412326535438779,,nhakim0,in,,0,0,0,https://x.com/nhakim0/status/1996412326535438779,88148104,nhakim0
1996408409005199369,2025-12-04 02:37:10+00:00,0,"Promo Shopeefood

Sushi Yay
https://t.co/UzHjj7dmKo

Kopi Tuku
https://t.co/bhAFLFmLJ9

HokBen
https://t.co/8CCswrTgsB

Solaria
https://t.co/DJYWpM9D4B

Ayam Keprabon
https://t.co/Wma2YQvOOg

Burger Bangor
https://t.co/mGBcLUdaj1

Kopi Janji Jiwa
https://t.co/j87CMaVvpw https://t.co/uDnsInQj0l",1996408409005199369,https://pbs.twimg.com/media/G7Sq3CVakAE4a79.jpg,,in,,0,0,0,https://x.com/3esihma/status/1996408409005199369,1847151278776111104,3esihma
1996406854050775298,2025-12-04 02:31:00+00:00,0,"POINT COFFEE

Jgn lupa ada PROMO 1000-an buat kopi seenak ini! Rugi bgt kalo ga dimanfaatin! Cek juga Triple Signature 🫶🏻😭

✨DISKON 18RB
✨Voucher 10RB

Klaim voucher 100%
👉https://t.co/P6rK9m34Co 

gofood gacoan desember shopeepay kopken janji jiwa tomoro fore hidden tuku https://t.co/yoBrneMzPZ",1996406854050775298,https://pbs.twimg.com/media/G7Spcy2aUAAQ8oy.jpg,,in,,0,0,0,https://x.com/bestbuybestie/status/1996406854050775298,1735456245304426496,bestbuybestie
1996406467348537682,2025-12-04 02:29:27+00:00,0,"opo'o sedjuk bakmie kopi malang cepet cepet tutup, kok gak ngenteni aku kaya sek. biyen sek gak mampu tuku huu",1996406467348537682,,,in,,0,0,0,https://x.com/fardanayy/status/1996406467348537682,2413304222,fardanayy
1996395832464306614,2025-12-04 01:47:12+00:00,0,"yg butuh akun fore diskon 50%, DM yaaa
GRATISSSS

syaratnya cuma follow akun ini aja heheh

#fore #jasdor #jasdorfore #kopken #janjijiwa #zonabu #zonauang #zonajajan #kopi #tuku #kopifore https://t.co/P19NUabDKK",1996395832464306614,https://pbs.twimg.com/media/G7Se6lbaoAAl4fU.jpg,,in,,0,0,0,https://x.com/hidupfore/status/1996395832464306614,1866401398142992384,hidupfore
1996392237073408198,2025-12-04 01:32:55+00:00,0,"pengen ayam geprek, mochi ice cream, kopi tuku, cimol bojot, apalagi yah",1996392237073408198,,,in,,0,0,0,https://x.com/passstryy/status/1996392237073408198,1701239452138389504,passstryy
1996385157948014943,2025-12-04 01:04:47+00:00,0,"ROTI O🔥

ROTI CUMA 1 RUPIAH AJA!!! Harus banget dimanfaatin guys. Cek juga Paket Desember Roti’O cuma 10ribuan😭🫶🏻

✨DISKON 20RB
✨Voucher 60% sd 20RB

Klaim cepet
👉 https://t.co/EH8ZiCgKcG

shopeefood tuku coffee point shopeepay sfood mcd kopi rotiboy pizza gacoan hidden https://t.co/lbLicpd8Vz",1996385157948014943,https://pbs.twimg.com/media/G7SVt3PbMAA3g9o.jpg,,in,,0,0,0,https://x.com/bestbuybestie/status/1996385157948014943,1735456245304426496,bestbuybestie
1996382139533988335,2025-12-04 00:52:47+00:00,0,padahal jarak dari rumah ke kopi tuku ga sampe 2 kilo tapi kok ya gapernah beli ya? kalo beli pasti di gbk atau ga blok m😕,1996382139533988335,,,in,,0,0,0,https://x.com/erlieyz/status/1996382139533988335,1243379346120667139,erlieyz
1996381894628515987,2025-12-04 00:51:49+00:00,0,beli kopi tuku kali ya......,1996381894628515987,,,in,,0,0,0,https://x.com/erlieyz/status/1996381894628515987,1243379346120667139,erlieyz
1996158740786262514,2025-12-03 17:49:52+00:00,0,"@khj_houette @legendhwa KOK BS… aku gitu pas minum kopi lainn, hanya tuku lah yang bsa mempengaruhi ak",1996275707916513770,,khj_houette,in,,0,1,0,https://x.com/sandeocat/status/1996275707916513770,1975085855900684289,sandeocat
1996263786169466930,2025-12-03 17:02:30+00:00,0,Orang sabar bersama kopi tuku https://t.co/NTYktkwyx2,1996263786169466930,https://pbs.twimg.com/media/G7QnVU5bQAAYXbK.jpg,,in,,0,0,0,https://x.com/hchfull_/status/1996263786169466930,858339417953452032,hchfull_
1996228755271119287,2025-12-03 14:43:18+00:00,1,yaallah smoga kopi tuku sudirman blm tutup,1996228755271119287,,,in,,0,1,0,https://x.com/illicityaffairs/status/1996228755271119287,1539693858153299968,illicityaffairs
1996222242116571242,2025-12-03 14:17:25+00:00,1,"ajakin beli kopi tuku kek, sedih bat gua",1996222242116571242,,,in,,0,1,0,https://x.com/feelinlonelyyyy/status/1996222242116571242,1551498184895381505,feelinlonelyyyy
1996217930137444507,2025-12-03 14:00:17+00:00,0,"tadi siang dibeliin kopi tuku, tapi aku salah milih jadi pait banget, trs kuminum setengah aja",1996217930137444507,,,in,,0,0,0,https://x.com/prLieeesl/status/1996217930137444507,1940729737405714432,prLieeesl
1996215896399131122,2025-12-03 13:52:12+00:00,1,Sialan kopi tuku 1 L ku diabisin adekku sebel bgtt 😭,1996215896399131122,,,in,,0,1,0,https://x.com/Fluoxetin20mg/status/1996215896399131122,1229208396349358081,Fluoxetin20mg
1996152373815988659,2025-12-03 13:18:25+00:00,0,"@sanguwont 01. Mengubah air kolam jadi kopi Tuku, takut disendok Anita.
02. Memasak Indomi menggunakan air kolam. Takut laper dan gua minta 2 mangkok.
03. Bertemu Sanguwont, karena dia masih sibuk nilep duit di bank.",1996207395308191755,,sanguwont,in,,0,0,0,https://x.com/Kimigeonwoo/status/1996207395308191755,771604422937808896,Kimigeonwoo
1996200418410643627,2025-12-03 12:50:42+00:00,0,"gasuka kopi, tp kopi tuku bole la",1996200418410643627,,,in,,0,0,0,https://x.com/hamskieeeee/status/1996200418410643627,1583862701411143681,hamskieeeee
1996194525241553312,2025-12-03 12:37:49+00:00,17,@shfly3424 @YESUNG_smtown kopi tuku yuk yank https://t.co/EThDAYZ2U8,1996197176427630966,https://pbs.twimg.com/media/G7PqwNRbAAIVaLM.jpg,shfly3424,in,,0,0,0,https://x.com/dekuts/status/1996197176427630966,1268803213,dekuts
1996195151933476992,2025-12-03 12:29:46+00:00,1,"selain kopi tuku, gue jg mau ada menu teazzi yg jasmine green soy milk tea pake oat di nikahan gue😇",1996195151933476992,,,in,,0,0,0,https://x.com/kwinseeyy/status/1996195151933476992,1039396071590379520,kwinseeyy
1996179687786307830,2025-12-03 11:30:18+00:00,38,@naydumpshiyt Iyakan apa karena minim PERGERAKAN dan diiringi dengan konsumsi es kopi tetangga tuku yang sudah request less sweet tp tetep aja SWEET tiap hari entuh?,1996180186585580014,,naydumpshiyt,in,,0,1,5,https://x.com/pengwinningg/status/1996180186585580014,1125520077984419840,pengwinningg
1996171541047120165,2025-12-03 10:55:57+00:00,0,"FORE COFFEE☕

Lagi santai gini paling enak kalo minum kopi enak + murah gak si?😭 Nih cobain Fore Matcha! Jgn tunggu abis

✨DISKON 20RB
✨Voucher 25% sd 50RB

Klaim voucher
👉 https://t.co/7ANx5y3KeC

shopeefood promo janji jiwa gacoan point tomoro hidden tuku kode kopken https://t.co/LHsfBpSDHI",1996171541047120165,https://pbs.twimg.com/media/G7PTbyYaYAEwBae.jpg,,in,,0,0,0,https://x.com/bestbuybestie/status/1996171541047120165,1735456245304426496,bestbuybestie
1996165321238196494,2025-12-03 10:31:16+00:00,1,"kopi tuku
https://t.co/djy1NsBart

shihlin
https://t.co/O5I9moEB7H https://t.co/n94JbKxwu8",1996165329949782100,https://pbs.twimg.com/media/G7PJx2Ha0AAChnZ.jpg,dyexpl0rer,in,,0,1,0,https://x.com/dyexpl0rer/status/1996165329949782100,1911673721661571072,dyexpl0rer
1996121946803798271,2025-12-03 10:26:22+00:00,0,"@cabiuw Hahaha misal sebulan 1.5, cicil 3x mah abis di kopi tuku doang ya",1996164097193508989,,cabiuw,in,,0,1,0,https://x.com/jaslaikmi/status/1996164097193508989,1862116050487373824,jaslaikmi
1996158740786262514,2025-12-03 10:05:05+00:00,0,"serius jd penasaran rasa kopi tuku, abis iyf bareng2 ke tuku yuk",1996158740786262514,,,in,,0,11,0,https://x.com/legendhwa/status/1996158740786262514,1742570622457401344,legendhwa
1996156270794117136,2025-12-03 10:00:25+00:00,0,"@adhyatmaas gila dwi, aku dari pagi sampe jam 12 siang udh kopi fm yg large. anjir kelar maksi aku disodorin kopi tuku 1liter",1996157569292030439,,adhyatmaas,in,,0,0,0,https://x.com/sweetyscaramel/status/1996157569292030439,1075069115394473984,sweetyscaramel
1996137438075650333,2025-12-03 08:40:26+00:00,0,"kemarin sushi, tudei donat dan kopi tuku, pienyip mas ojob, doa doa baik untuk kita https://t.co/nOH5mAlb0m",1996137438075650333,https://pbs.twimg.com/media/G7O0Uuab0AAg8QT.jpg,,in,,0,0,0,https://x.com/maspratam_/status/1996137438075650333,1937546073977090048,maspratam_
1996127021257425146,2025-12-03 07:59:02+00:00,4,siapa yg rumahnya gubeng tapi baru nyobain kopi tuku?🙋‍♀️ (anaknya non coffee sebelumnya kak) https://t.co/H5dCdOkCdI,1996127021257425146,https://pbs.twimg.com/media/G7Oq8DgaIAAcvfR.jpg,,in,,0,2,0,https://x.com/reginaloveyu/status/1996127021257425146,1966668173929054208,reginaloveyu
1996124492750545305,2025-12-03 07:50:49+00:00,0,@kdyprincess Kopi tuku + boluwortel,1996124953524261060,,kdyprincess,in,,0,1,0,https://x.com/Dipsy24956207/status/1996124953524261060,1132968136485900290,Dipsy24956207
1996112580465885601,2025-12-03 07:01:39+00:00,0,Sekarang nikmatin dulu sambil sruput segelas Kopi Susu Tetangga by Tuku + extra shot n less sugar 😘,1996112580465885601,,,in,,0,0,0,https://x.com/lesungpipiknan/status/1996112580465885601,1158911118930087936,lesungpipiknan
1996053680966295825,2025-12-03 03:07:37+00:00,0,"List Promo Shopeefood ⏬

Hotways Chicken
https://t.co/CV3c2sSsfr

Sushi Yay
https://t.co/IX1GvheGOn

Kopi Tuku
https://t.co/DU4ZxlBHmy

HokBen
https://t.co/Qxdxb5VwGc

Mie Gacoan
https://t.co/jewULjbztw

Sec Bowl
https://t.co/4EylzxHRzb

Solaria
https://t.co/XXaz9xQn69 https://t.co/CWjjs7WX23",1996053680966295825,https://pbs.twimg.com/media/G7NoPMXagAAdD8_.jpg,,in,,0,0,0,https://x.com/m_mola9591/status/1996053680966295825,1882643851107848192,m_mola9591
1996052995633791199,2025-12-03 03:04:53+00:00,0,Kopi tuku if they were human 🙏 https://t.co/Q2rut3Af5Q,1996052995633791199,https://pbs.twimg.com/ext_tw_video_thumb/1996052961081131015/pu/img/JMsqJ8lTKBsr9qk2.jpg,,in,,0,0,0,https://x.com/meongcedes/status/1996052995633791199,1306966662365634561,meongcedes
1995179116807716864,2025-12-03 02:30:19+00:00,0,@debubin AAAAAAANJG KEREN BGTTTT THIS ACHIEVEMENT WORTH NGANTRI KOPI TUKU,1996044296500510935,,debubin,in,,0,0,0,https://x.com/tommymolly2025/status/1996044296500510935,1876071170812059648,tommymolly2025
1996039366704333266,2025-12-03 02:10:44+00:00,0,MASA KOPI TUKU NYA KOSONG JIR?!,1996039366704333266,,,in,,0,0,0,https://x.com/pegeyyasus/status/1996039366704333266,2936002914,pegeyyasus
1995833502659739957,2025-12-03 02:04:30+00:00,0,@blossomcia pengen nyobain kopi tuku ka,1996037800161149308,,blossomcia,in,,0,0,0,https://x.com/niawaton/status/1996037800161149308,65028369,niawaton
1996011671777845336,2025-12-03 00:20:41+00:00,0,"Promo Shopeefood

Republic Kebab
https://t.co/1b4OKmijDg

Circle K
https://t.co/cIgYjy5hW1

Fore Coffee
https://t.co/1BnMbHmcN1

Burger Bangor
https://t.co/cUz3UdzQiF

HokBen
https://t.co/gDLw4ho8MW

Mie Gacoan
https://t.co/ETXrmjsKTa

Kopi Tuku
https://t.co/O3kAEiGgjD https://t.co/nPoQpXxjws",1996011671777845336,https://pbs.twimg.com/media/G7NCB4aaoAEN7HY.jpg,,in,,0,0,0,https://x.com/3esihma/status/1996011671777845336,1847151278776111104,3esihma
1995837828354449598,2025-12-03 00:01:20+00:00,0,"update:

ending e wong 6 tuku kopi susu kabeh.
seng bedo mek arek 1 tuku seng arabica.
dan teori lepek werno penanda rabi sek valid 🤣",1996006803164028963,,twitx_qi,in,,0,0,0,https://x.com/twitx_qi/status/1996006803164028963,2998494536,twitx_qi
1995418750624186526,2025-12-02 16:58:16+00:00,0,"@Mahdavia1 @vanillaics Nggak juga kak.
Sebagian besar Kopi Tuku jualan kopi doang, gakada tempat nongkrongnya, rame aja tuh 😬
Contoh Tuku di Pasar 8 Alsut : tempatnya sempit, boro2 bisa nongkrong, tapi selalu dipenuhi org yg beli.. Jadi kalau kopinya enak mah ya rame aja 😌 https://t.co/15nT1HOBZ3",1995900332921291018,https://pbs.twimg.com/media/G7Lcw1DaMAAFfLW.jpg,Mahdavia1,in,,0,0,0,https://x.com/vinvanid/status/1995900332921291018,51663212,vinvanid
1995893310708482308,2025-12-02 16:30:21+00:00,0,"est supha klo tinggal di jkt pasti auditor di salah satu big 4 company, hidup untuk kerja, usia udh deket kepala 3, kopi tuku adalah wajib, pulang jam 4 pagi tiap peak season, dia tuh budak korporat bgt jir 😭",1995893310708482308,,,in,,1,0,0,https://x.com/jaykrapatr/status/1995893310708482308,1756820134256431104,jaykrapatr
1995872416699228594,2025-12-02 15:11:47+00:00,0,"@KrwMenfess di toko frozenfood di kosambi ada yg jual kakkk, tuku sm yg kopi nya tasya farasya itu",1995873538071499152,,KrwMenfess,in,,0,0,0,https://x.com/binddzzzzzA/status/1995873538071499152,1821870885822943232,binddzzzzzA
1995868486061744422,2025-12-02 14:51:43+00:00,0,Adek gue bikin kopi lebih enak dari tuku tomorrow dan fore 😭 tapi dia gak mau jualan padahal orang rumah udah pada dukung🥲 jujur enakkk banget https://t.co/Urw7tXFlMO,1995868486061744422,https://pbs.twimg.com/media/G7K_zSpbgAoBsIA.jpg,,in,,0,0,0,https://x.com/bipbipsound/status/1995868486061744422,1732977835567140864,bipbipsound
1995854722516103345,2025-12-02 13:57:01+00:00,0,"POINT COFFEE

Jgn ketinggalan PROMO 1000-an buat kopi seenak ini! Rugi bgt kalo ga dimanfaatin! Cek juga Triple Signature 🫶🏻😭

✨DISKON 18RB
✨Voucher 10RB

Klaim voucher 100%
👉https://t.co/P6rK9m34Co 

gofood gacoan desember shopeepay kopken janji jiwa tomoro fore hidden tuku https://t.co/Mhrra1oKuw",1995854722516103345,https://pbs.twimg.com/media/G7KzScSbEAAvM0m.jpg,,in,,0,0,0,https://x.com/bestbuybestie/status/1995854722516103345,1735456245304426496,bestbuybestie
1995418750624186526,2025-12-02 13:02:49+00:00,0,"@vanillaics Udah keseringan kena TUKU sama fore, kopi kenangan aja udah ga masuk, apalagi ini🤐",1995841083440513524,,vanillaics,in,,0,0,0,https://x.com/anakBetawinih/status/1995841083440513524,1214499535386378241,anakBetawinih
1983366456856482051,2025-12-02 13:01:06+00:00,0,"@ofAmoure Bener, yang corong ituu! Nanti kalau lagi bikin, aku fotoin ke Mbak Jena ya!

Kalau tuku mereka punya kopi susu tetangga yang ga ada obat sih! Aku juga sering ngopi di fore, favorit aku berry manuka americano! Mbak biasanya menu pesen apa?

Iya nih, Mbak. Sore biasanya :(",1995840650542285107,,ofAmoure,in,,0,1,0,https://x.com/entiesrely/status/1995840650542285107,893499154776719360,entiesrely
1995836648584605822,2025-12-02 12:47:19+00:00,0,@sbyfess kopi tuku emang enak bgt,1995837182687506767,,sbyfess,in,,0,0,0,https://x.com/sssachyy/status/1995837182687506767,1586025206568493056,sssachyy
1995836660509278275,2025-12-02 12:45:15+00:00,21,desember harus ke jogja dan tujuan utamanya kopi tuku👊,1995836660509278275,,,in,,0,4,1,https://x.com/yakinpolos/status/1995836660509278275,1232566978667147265,yakinpolos
1995748536772632877,2025-12-02 12:39:08+00:00,0,@munvess es kopi susu tetangga tuku!!!! 🥹☝🏻,1995835123691028825,,munvess,in,,0,0,0,https://x.com/haveuseenA/status/1995835123691028825,1962011885202771968,haveuseenA
1995748536772632877,2025-12-02 11:44:13+00:00,0,"@munvess Butterscotch sea salt latte punya fore, tuku, kopi kenangan mantan punya kopken",1995821302998003715,,munvess,in,,0,0,0,https://x.com/Blhue/status/1995821302998003715,1235491233310662658,Blhue
1995455307036729770,2025-12-02 11:14:19+00:00,0,@fcknmdcn Terimakasih sudah meracuni kopi tuku 😂,1995813777984442629,,fcknmdcn,in,,0,0,0,https://x.com/mangutpedes/status/1995813777984442629,1311113536509104128,mangutpedes
1995806931315994743,2025-12-02 10:47:07+00:00,1,percayalah kalo sampe detik ini gua blm pernah nyobain kopi tuku😭,1995806931315994743,,,in,,1,8,0,https://x.com/feelinlonelyyyy/status/1995806931315994743,1551498184895381505,feelinlonelyyyy
1995804605763256585,2025-12-02 10:37:52+00:00,0,"Promo kopi shopeefood deals

Kopi Calf
https://t.co/9JZ29zIs09

Kopi Tuku
https://t.co/vkZDvhSw1K

Kopi Philosophy
https://t.co/Q7X7vX5fiP

Kopi Kenangan
https://t.co/W98Ul1yEow

Janji Jiwa
https://t.co/4Ruwz0dceq",1995804605763256585,,,in,,0,0,0,https://x.com/ike_tjn/status/1995804605763256585,513346093,ike_tjn
1995418750624186526,2025-12-02 09:50:20+00:00,4,"@vanillaics Rasa toast nya aneh, sayur nya kaya sayur bekas seminggu kemaren, yang mateng dari toast nya cuman rotinya doang wkwkwkw, kopi nya mah yaudah aja harga kopi susu mid-low gabisa berekspetasi apa apa, kalo dibandingin kompetitor kayak tuku, lebih enak tuku",1995792643155018193,,vanillaics,in,,0,0,0,https://x.com/sremmmurddd/status/1995792643155018193,1441949523169845255,sremmmurddd
1995455307036729770,2025-12-02 08:12:18+00:00,1,"@fcknmdcn belum kengkap, mana kopi tuku nya?",1995767970581414049,,fcknmdcn,in,,0,0,0,https://x.com/mangutpedes/status/1995767970581414049,1311113536509104128,mangutpedes
1995765898767204385,2025-12-02 08:04:04+00:00,0,maem gratis + rokok gratis alhamdulillah duite iso nggo tuku kopi,1995765898767204385,,,in,,0,2,0,https://x.com/cawetpresidenmu/status/1995765898767204385,1211193253602586624,cawetpresidenmu
1995341954922778858,2025-12-02 07:58:17+00:00,0,"@ajengut_ sama2 enakk🤣 menurutku rasanya mirip2 cuma makjay lebih light, dari kopi sampe gula arennya lebih light gituu dibanding tuku",1995764445293752813,,ajengut_,in,,0,0,0,https://x.com/Lusieinthesky/status/1995764445293752813,624294535,Lusieinthesky
1995760048350659026,2025-12-02 07:40:49+00:00,0,"Ih kangen kopi makjay deh, beli tuku aja apa ya",1995760048350659026,,,in,,0,0,0,https://x.com/tiramisyura/status/1995760048350659026,1782328042603651072,tiramisyura
1995746934452314147,2025-12-02 06:48:43+00:00,1,I'm not that deep into filosofi kopi but Janjiw's coffee is kinda tolerable for me than kopi kenangan and tuku ofc. For kopi lovers mungkin it's like kopi ecek² kali ya... Kopi²an yg mungkin standarnya lebih rendah dari kopi sachet?,1995746934452314147,,,in,,0,0,0,https://x.com/MyJOy_JYORIEN/status/1995746934452314147,1925246298921615360,MyJOy_JYORIEN
1995742776596856957,2025-12-02 06:32:11+00:00,0,kopi tuku for lyfe😵 https://t.co/3ip2fEHs5L,1995742776596856957,https://pbs.twimg.com/media/G7JNZLyaYAAQsd2.jpg,,in,,0,0,0,https://x.com/_aciiddd/status/1995742776596856957,2540674416,_aciiddd
1995703612006433049,2025-12-02 03:56:34+00:00,0,"FORE COFFEE☕

Lagi santai gini paling enak kalo minum kopi enak + murah gak si?😭 Nih cobain Fore Matcha! Jgn tunggu abis

✨DISKON 20RB
✨Voucher 25% sd 50RB

Klaim voucher
👉 https://t.co/7ANx5y3KeC

shopeefood promo janji jiwa gacoan point tomoro hidden tuku kode kopken https://t.co/vAfrsBRYfj",1995703612006433049,https://pbs.twimg.com/media/G7Ip2yybgAE3OGT.jpg,,in,,0,0,0,https://x.com/bestbuybestie/status/1995703612006433049,1735456245304426496,bestbuybestie
1995658609003561436,2025-12-02 02:53:25+00:00,1,"@mamakchayank Yg jelas Jokowi yg membuat nama TUKU melambung di peridoe1 jadi presiden selalu angkat TUKU dgn berkali2 bawa media ngopi di sana. Saya gk akan lupa.

Kalau soal rasa dan vibe ngopi di sana, sedang2 aja dan BANYAK YANG LEBIH ENAK. 

https://t.co/3rCRhKnulH",1995687719553622130,,mamakchayank,in,,0,0,0,https://x.com/ThatSun510/status/1995687719553622130,1501741769306021890,ThatSun510
1995686965166092646,2025-12-02 02:50:25+00:00,0,"petarung kembali kuat, dan sudah membeli kopi (tuku) pagi ini☺️",1995686965166092646,,,in,,0,0,0,https://x.com/julygrey28/status/1995686965166092646,1696533503046037505,julygrey28
1995686702271398389,2025-12-02 02:49:24+00:00,0,"kopi tuku
https://t.co/nzlR44X5FJ

shihlin
https://t.co/dV52osIeKw https://t.co/E4KtG7lZrU",1995686709720482102,https://pbs.twimg.com/media/G7IZ2MvboAAHdf3.jpg,dyysyeee,in,,0,1,0,https://x.com/dyysyeee/status/1995686709720482102,1937115249125306368,dyysyeee
1995685116262449407,2025-12-02 02:43:04+00:00,0,"Kopi Tuku diskon 15ribu

https://t.co/SJfUxJ7T7E https://t.co/TxnDfzoiSJ",1995685116262449407,https://pbs.twimg.com/media/G7IZCOVaUAAmU7n.jpg,,in,,0,0,0,https://x.com/AkuSukaRacun/status/1995685116262449407,1344004785934979073,AkuSukaRacun
1995672528556265741,2025-12-02 01:53:03+00:00,0,"Kopi tuku bikin mencret, efek susu krn lactose intolerant atau ga kuat kopinya ya?tp selama minum kopi tuh selalu reaksinya kembung tok 😌😌😌 fix ga cocok susunya",1995672528556265741,,,in,,0,0,0,https://x.com/tante_kucinx/status/1995672528556265741,1980629525827592192,tante_kucinx
1995671350468620631,2025-12-02 01:48:22+00:00,0,"ws gak sering minum kopi se, lk stiap tuku msti bar ngombe kyok awak rasane Tremor tp gk kelihatan lek tremor. trs berujung gak iso turu and pusing 7 keliling kui Lapo rek?",1995671350468620631,,,in,,0,0,0,https://x.com/onyourmfaa/status/1995671350468620631,1744648885665140736,onyourmfaa
1995670688271892715,2025-12-02 01:45:44+00:00,4,"kopi susu tetangga, TUKU 🫶🏻🫶🏻
biar semangat kerjanya guys😜 https://t.co/LbLV4KHiTw",1995670688271892715,https://pbs.twimg.com/media/G7IL6hibgAA3NvS.jpg,,in,,0,3,0,https://x.com/xarendul/status/1995670688271892715,2495299344,xarendul
1995516206338691237,2025-12-02 01:29:20+00:00,0,"@leeeeenyangwon beli kopi tuku, hunting poster, ketaman literasi jgn lupa",1995666560539918652,,leeeeenyangwon,in,,0,1,0,https://x.com/wonxinshies/status/1995666560539918652,1984984454352584704,wonxinshies
1995662816897106223,2025-12-02 01:14:27+00:00,18,ak dngan ksadaran penuh mlihat my jajanan gue. aplagi soal tuku dan kopi jago yg infinty itu https://t.co/9lBm05FOdd,1995662816897106223,https://pbs.twimg.com/media/G7IEtpfbgAAAqhn.jpg,,in,,0,8,0,https://x.com/cerebralnova/status/1995662816897106223,898027158022397952,cerebralnova
1995645483705074047,2025-12-02 00:05:35+00:00,0,"Promo Shopeefood

Ayam Keprabon
https://t.co/ydDubuWMJH

Mang Katsu
https://t.co/gOCKsu4r6F

HokBen
https://t.co/XYpm5irPGk

SeIndonesia
https://t.co/ZvtKqLcZEg

Familymart
https://t.co/wYEaHknZsH

Mie Gacoan
https://t.co/FGxbNE9Gs0

Kopi Tuku
https://t.co/Bnt6XRGIGo https://t.co/afDnUbDeVU",1995645483705074047,https://pbs.twimg.com/media/G7H0-_FbgAAe3wd.jpg,,in,,0,0,0,https://x.com/3esihma/status/1995645483705074047,1847151278776111104,3esihma
1995634161152045461,2025-12-01 23:20:35+00:00,0,"mau kopi tuku, onigiri salmon sama donat kampungnya t_____________t",1995634161152045461,,,in,,0,0,0,https://x.com/apothacries/status/1995634161152045461,1959934841744773120,apothacries
1995547020162187324,2025-12-01 17:34:19+00:00,0,"waktu di gbk melimpir ke tuku terus gamau minum kopi, abis itu nyoba menu kelapa jeruk ternyata enak segerr bgtt. tapi kalo kata @awlfbryn kaya es jeruk pinggir jalan plislah😭🙏🏻 https://t.co/vGoaeJHQy9",1995547020162187324,https://pbs.twimg.com/media/G7Gbb4RbgAIruKG.jpg,,in,,0,1,0,https://x.com/muffinzcho/status/1995547020162187324,1797037978621194240,muffinzcho
1995489690628362617,2025-12-01 16:42:39+00:00,0,"@fvckyuropnion kangen ke tuku sih. tp kalo misalkan aku ingin beli itu totebag, aku kudu puasa kopi dulu biar bisa ngokop sampe olab 🥀",1995534016209191272,,fvckyuropnion,in,,0,0,0,https://x.com/wanuerer/status/1995534016209191272,182646553,wanuerer
1995524812538880358,2025-12-01 16:06:05+00:00,0,"gue tau tuku dari seseorang, dan jadi salahsatu kopi tercinta gue karena kopi nya enak, meskipun less sugar dia ga terlalu strong bgt jg buat gw, dan cemilannya enak enakkk!",1995524812538880358,,,in,,0,0,0,https://x.com/meyawsoul/status/1995524812538880358,1504363842964393984,meyawsoul
1983366456856482051,2025-12-01 15:15:50+00:00,0,"@entiesrely ㅤ ㅤ ㅤ 
Yang bentuknya kaya corong itu? Dicobaa dong. Mau lihat hasilnya kaya gimana.

Udah aman ya kena gempur asamnya kopi. 😂 Gak ada sih, gak suka eksperimen coffee shop baru. Seringnya ya tuku kalau gak fore. Suka hujan gak di tempat Kanita?",1995512169052717532,,entiesrely,in,,0,1,0,https://x.com/ofAmoure/status/1995512169052717532,1552294938401878016,ofAmoure
1995498014140666227,2025-12-01 14:19:35+00:00,0,mending 23ribu untuk 1 mangkok bakso kidul pasar atau 1 gelas kopi tuku,1995498014140666227,,,in,,0,2,0,https://x.com/alyaparacetamol/status/1995498014140666227,1408668430266355715,alyaparacetamol
1995368139731955839,2025-12-01 13:15:23+00:00,0,@na_bbyz @bernodya Tuku play ini main seduh2 kopi ya kak,1995481855806849425,,na_bbyz,in,,0,0,0,https://x.com/TxtFromBigBee/status/1995481855806849425,171552626,TxtFromBigBee
1995481496233066733,2025-12-01 13:13:57+00:00,0,"Akan kuhadapi semuanya, asal ditemenin kopi Tuku 1 liter yang harganya cuma 80an aja🤏🏻

https://t.co/bGvRBqu5zS https://t.co/k2SWnB2Ck2",1995481496233066733,https://pbs.twimg.com/media/G7Ff1v7bsAAhHnR.jpg,,in,,0,0,0,https://x.com/sekarrrlett/status/1995481496233066733,1825578981615439872,sekarrrlett
1995479077784862839,2025-12-01 13:04:21+00:00,18,"Kopi yang kata mutualku mirip Tuku, tapi di lidahku ini terlalu manis dan after tastenya ya kek kopi susu pada umumnya, nothing special ✌😁 https://t.co/mebhEAZame",1995479077784862839,https://pbs.twimg.com/media/G7FdoeiawAAvdGG.jpg,,in,,0,1,1,https://x.com/opunggemes/status/1995479077784862839,1952637241895043072,opunggemes
1995477459307782203,2025-12-01 12:57:55+00:00,0,"Besok ah nyeduh kopi tuku sachet
🤣🤣🤣🤣🤣🤣",1995477459307782203,,,in,,0,0,0,https://x.com/anakgoyangssi/status/1995477459307782203,1857228574258049024,anakgoyangssi
1995475182870225369,2025-12-01 12:48:52+00:00,0,lgi mumet dri pagi blm mam nasi malah ditumbaske es kopi tuku,1995475182870225369,,,in,,0,0,0,https://x.com/ammanyamodini/status/1995475182870225369,1501201146504876032,ammanyamodini
1995471827599057047,2025-12-01 12:35:32+00:00,0,iri bgt ngeliat temen atau sepupu aku yang bisa beli kopi tuku setiap hari,1995471827599057047,,,in,,0,4,0,https://x.com/httpsblairs/status/1995471827599057047,1982193501275402240,httpsblairs
1994421196038045877,2025-12-01 12:33:26+00:00,0,"@Hieeseung Siap banget tumpengan, tunggu abang balik ke Korea ya! Nanti ada bakakak ayam sama kopi tuku gratis tumblr nya ga seung?",1995471297732649109,,Hieeseung,in,,0,1,0,https://x.com/Maingyu/status/1995471297732649109,264964495,Maingyu
1995454179477996000,2025-12-01 11:31:13+00:00,0,"@ekakunjeri Tuku kopi karepe ngademke pikir, malah etuke emosi 🙂‍↕️

Sabar yo lurahe
Mugo duite balik
Tandain tokone, sesok ora tuku meneh 🤘🏾",1995455644048961615,,ekakunjeri,in,,0,0,0,https://x.com/LarisLancar/status/1995455644048961615,1841444180423544832,LarisLancar
1995447967147340219,2025-12-01 11:00:43+00:00,0,Kopi susu Setengah Empat enakkkkkkk.. alternatif di luar Tuku dan Calf,1995447967147340219,,,in,,0,0,0,https://x.com/uskhsnh/status/1995447967147340219,1435079264,uskhsnh
1995418106039353673,2025-12-01 09:02:04+00:00,1,pulang uda ada ayam geprek esteh dan kopi tuku ditambah dessertnya donat bibble bake. yg terpenting ada japi. yg nyiapin semuanya japi. yg beresin juga japi. baik banget mao nangis,1995418106039353673,,,in,,0,0,0,https://x.com/coldvss/status/1995418106039353673,1165705002490290177,coldvss
1995415851022066041,2025-12-01 08:53:06+00:00,0,stok kopi tuku si aman dri minggu lalu 🫰😭,1995415851022066041,,,in,,0,0,0,https://x.com/imrooh_/status/1995415851022066041,1454756585100611585,imrooh_
1995409574061641988,2025-12-01 08:28:10+00:00,0,Tuhan membersamai lambung-lambung lemah yang pada senin ceria ini dipaksa bercumbu dengan kopi tuku tetangga demi kewarasannya bertahan 🙏🏻,1995409574061641988,,,in,,0,0,0,https://x.com/roseameyca/status/1995409574061641988,1537321383746600960,roseameyca
1995400424791392504,2025-12-01 07:51:48+00:00,0,mau Kopi Tuku tapi tadi udah bikin kopi 🥲,1995400424791392504,,,in,,0,0,0,https://x.com/jauzaanabiiilaa/status/1995400424791392504,1287668574631297025,jauzaanabiiilaa
1995388163586654447,2025-12-01 07:03:05+00:00,0,minum kopi tuku efektif jadi pelancar bab,1995388163586654447,,,in,,0,0,0,https://x.com/kopienaq/status/1995388163586654447,1330891500855590912,kopienaq
1995386410250260940,2025-12-01 06:56:07+00:00,0,di kantor ku lagi ada fenomena pengirim anonim. kemarin jco anonim utk aku trs hari ini kopi tuku anonim utk temenku,1995386410250260940,,,in,,0,0,0,https://x.com/sokoranti/status/1995386410250260940,1441282069187809290,sokoranti
1995376984684462507,2025-12-01 06:18:40+00:00,0,"hoki banget kebutuhan ngopi aman tanpa biaya sepeserpun, wkwkw mana ini Tuku n Maharaja kopi enak bingit; aftertaste awettt, kekentalanya bold, asem seger khas arabica jg dapet, aroma nya juga nampol, overall berkesan semua rasanya https://t.co/aFlvThCCtg",1995376984684462507,https://pbs.twimg.com/media/G7EAPFPb0AAM1A6.jpg,,in,,0,0,0,https://x.com/kopitimetask/status/1995376984684462507,1711232535672635392,kopitimetask
1995359076235260167,2025-12-01 06:12:43+00:00,0,"@neonkissme aku kecanduan kopi tuku meiii, helpp🥹🥹",1995375490480394536,,neonkissme,in,,0,0,0,https://x.com/apramehh/status/1995375490480394536,502514483,apramehh
1995301619764990307,2025-12-01 05:19:29+00:00,0,@johnnyoungk kopi tuku gakuat anjirrr,1995362094179561740,,johnnyoungk,in,,0,1,0,https://x.com/cherrycountry/status/1995362094179561740,1514806545955323908,cherrycountry
1995355434715373750,2025-12-01 04:53:02+00:00,0,Gak tau kenapa kudu wajib banget. misal ada Kopi Tuku #jogja https://t.co/1Wbb8c1C57,1995355434715373750,https://pbs.twimg.com/media/G7DtL_GaIAAZ-3_.jpg,,in,,0,0,0,https://x.com/onyeher/status/1995355434715373750,1968849035667849217,onyeher
1995354945827348727,2025-12-01 04:51:05+00:00,1,remember when TUKU was Filosofi Kopi and Spotify was STAFABAND…… https://t.co/866TsYSN6S,1995354945827348727,https://pbs.twimg.com/tweet_video_thumb/G7DsvBBbMAAauRx.jpg,,in,,0,0,0,https://x.com/QUEERAUSAHAAN/status/1995354945827348727,1403795795636150272,QUEERAUSAHAAN
1995011768041836603,2025-12-01 04:13:31+00:00,0,@abu_waras Haruskah coffee shop Tuku berbangga hati dengan soft marketing oleh pak Masinis ini?,1995345489894711411,,abu_waras,in,,0,0,0,https://x.com/Lilandkwen/status/1995345489894711411,1717318455987486720,Lilandkwen
1995323700191838301,2025-12-01 02:46:56+00:00,6,Udah ngga minum kopi tp alhamdulillah dikasih gratisan tuku 😁👍🏻 https://t.co/WYanehW7OD,1995323700191838301,https://pbs.twimg.com/media/G7DQUvcbkAAFUL0.jpg,,in,,0,3,0,https://x.com/nunataekoo/status/1995323700191838301,223753360,nunataekoo
1995321349481636200,2025-12-01 02:37:35+00:00,0,"Setelah minum kopi tuku,kok kebelet ngesengggg 😭😭😭",1995321349481636200,,,in,,0,0,0,https://x.com/tante_kucinx/status/1995321349481636200,1980629525827592192,tante_kucinx
1995316397191409969,2025-12-01 02:17:54+00:00,0,"Promo Shopeefood

Richeese
https://t.co/2rcY4Q7eG5

Jatinangor House
https://t.co/gpBJeJnqqE

Fore Coffee
https://t.co/bbuU2WC2ny

Fish Streat
https://t.co/EfdCWK32RK

Burger Bangor
https://t.co/QsWbcVl8Wi

Kopi Tuku
https://t.co/IuPkkWZ75k

Mie Gacoan
https://t.co/RIZNfvGbI4 https://t.co/Y7bLROedyf",1995316397191409969,https://pbs.twimg.com/media/G7DJrtDbAAALciT.jpg,,in,,0,0,0,https://x.com/3esihma/status/1995316397191409969,1847151278776111104,3esihma
1995311142340616333,2025-12-01 01:57:02+00:00,0,Tumbler Kopi Tuku hilang di KRL viral dan menyeret banyak pihak. Harga tumbler Rp225 ribu mendadak jadi sorotan publik. Ini fakta lengkapnya https://t.co/TsbG2Fyt03,1995311142340616333,,,in,,0,0,0,https://x.com/radarmadiunweb/status/1995311142340616333,1404018642,radarmadiunweb
1995292961559704011,2025-12-01 00:44:47+00:00,0,"Promo Shopeefood

Kopi Tuku
https://t.co/QHWPMMKBPU

Familymart
https://t.co/wtO8hhlkuj

Circle K
https://t.co/BAsxVnmrtO

HokBen
https://t.co/so6LEgTDqj

Mang Katsu
https://t.co/aSkK3IXP8P

SeIndonesia
https://t.co/xwJvMRPdJV

Mie Gacoan
https://t.co/YDdDFQbFmL https://t.co/1DTYrx4HVk",1995292961559704011,https://pbs.twimg.com/media/G7C0XhqbIAAc18n.jpg,,in,,0,0,0,https://x.com/3esihma/status/1995292961559704011,1847151278776111104,3esihma
1995189088711057732,2025-11-30 17:52:17+00:00,1,Hanya bermodalkan tumblr tuku berwarna biru yang diisi kopi sachet sebagai bekal mereka berdua untuk menghemat. Gendhis menarik Mahesa untuk mendekati gerobak abang es cokelat potong. Matanya melirik dan tertera dengan jelas Rp. 3000. https://t.co/sDO79VBNZn,1995189154041520442,https://pbs.twimg.com/media/G7BV9ZibsAARGSW.jpg,dalihrayuan,in,,0,1,1,https://x.com/dalihrayuan/status/1995189154041520442,1955168837235859456,dalihrayuan
1988746764523024521,2025-11-30 16:25:12+00:00,0,"12. Toko Kopi Tuku - Jatinegara
13. Fore - Jatinegara",1995167238358528358,,foodiary37,in,,0,1,0,https://x.com/foodiary37/status/1995167238358528358,405604622,foodiary37
1995105293475434625,2025-11-30 16:12:22+00:00,1,"@Bunda_Kecoa Kopi tuku.
Jl. Ambon No.8a, Citarum, Kec. Bandung Wetan, Kota Bandung, Jawa Barat 40115

@capt_ypamungkas @sta_brahma @ravsx_j https://t.co/XispmhVuku",1995164008031387745,https://pbs.twimg.com/media/G7A_FrfaIAA7j0N.jpg,Bunda_Kecoa,in,,0,1,0,https://x.com/Prince_tb_King/status/1995164008031387745,1213737678354575360,Prince_tb_King
1995153353781944490,2025-11-30 16:03:40+00:00,0,@xativca Tuku is kinda heavy for me...aku biasanya keliling coffee shop sih 😆 tp kl buat konsumsi harian biasa famima atau kopken,1995161817384128669,,xativca,in,,0,1,0,https://x.com/gadjsampul/status/1995161817384128669,2241188508,gadjsampul
1995102470272655505,2025-11-30 15:45:18+00:00,0,"@alterspaceso 1. Fore
2. Tuku
3. Point coffee (himalayan seasalt latte for sure 🫶🏻😭)

Udah ku jawab yah mimin ganteng 🤏🏻🌸",1995157194409693509,,alterspaceso,in,,0,0,0,https://x.com/agisss_af/status/1995157194409693509,1907797216498167810,agisss_af
1995102470272655505,2025-11-30 15:37:52+00:00,0,"@alterspaceso 5. Tuku (caramel &amp; cold drip santai remon)
6. Famima (Ksk &amp; coffee jelly latte) 
7. Harlan holden (butterscotch latte)
8. Pilona
9. Kopi di godspeed coffee (only jakut people) jahaha
10. Athyma coffee lab (ini klo ak baik kampung doang) tpi klo kalyan tinggal di bone pls kesana",1995155325432041635,,ucanfallinlvwme,in,,0,0,0,https://x.com/ucanfallinlvwme/status/1995155325432041635,1480470763777839104,ucanfallinlvwme
1995102470272655505,2025-11-30 15:00:36+00:00,3,"@alterspaceso jelas nomer 1 adalah jago yg salted caramel, kedua tuku kopi susu tetangga, ketiga fore butterscotch, ke empat fm kopi susu keluarga🤗🫰🏻  enih klo dpet mau langsung ak beliin kopi besok",1995145946959888743,,alterspaceso,in,,0,0,0,https://x.com/neephophile/status/1995145946959888743,1248441636436054017,neephophile
1995127112257409272,2025-11-30 13:45:45+00:00,0,tropical drip nya filsof ENAK BANGET ARGHHH bisa jadi pilihan kopi selain tuku kalo di negara blok m,1995127112257409272,,,in,,0,0,0,https://x.com/eunfoia/status/1995127112257409272,1080794576401588227,eunfoia
1995077397025366390,2025-11-30 13:41:09+00:00,0,"@coffebit Halah halah, nggo tuku rokok karo kopi ae raiso kok, atek ngelumpokne barang",1995125951265730846,,coffebit,in,,0,0,0,https://x.com/suaminyafanny/status/1995125951265730846,2582197532,suaminyafanny
1995124384327954913,2025-11-30 13:34:55+00:00,0,Es kopi susu tetangganya tuku laah xtra shot aku rela 28 rb x seumur hidupku 🫰🏻,1995124384327954913,,,in,,0,0,0,https://x.com/1ansoprazole/status/1995124384327954913,1347090816083189761,1ansoprazole
1995110583532683545,2025-11-30 12:40:05+00:00,0,P info ngopag kopi tuku,1995110583532683545,,,in,,0,0,0,https://x.com/akbarokejuga/status/1995110583532683545,1218846231771799555,akbarokejuga
1995095899002089486,2025-11-30 11:41:44+00:00,0,Semangat sembuh biar bisa main sama temen - temen! Kembali makan makanan dengan nikmat dannn menyeruput my love kopi janjiw &amp; tuku...dan bisa minum es teh👅,1995095899002089486,,,in,,0,0,0,https://x.com/pchyrawx_/status/1995095899002089486,1274474487279267840,pchyrawx_
1995086785362432399,2025-11-30 11:34:41+00:00,0,@LaobanJJ Nitip kopi tuku laoban,1995094127302877201,,LaobanJJ,in,,0,0,0,https://x.com/KeqingsPrayer/status/1995094127302877201,792990394728402944,KeqingsPrayer
1995085425606869258,2025-11-30 11:00:07+00:00,0,gw BUTUHH kopi tuku,1995085425606869258,,,in,,0,0,0,https://x.com/vervelvet/status/1995085425606869258,1121227915515949056,vervelvet
1995084479040479649,2025-11-30 10:56:21+00:00,1,Berbuka dengan Kopi tuku no sugar wkwk https://t.co/M8j1eoaTe9,1995084479040479649,https://pbs.twimg.com/media/G6_2wDoaYAA2pS6.jpg,,in,,0,0,0,https://x.com/josepsibuea/status/1995084479040479649,41366985,josepsibuea
1995084231245275171,2025-11-30 10:55:22+00:00,1,"Niatnya mampir ke Tuku beli kopi, pas lihat diparkiran buset panjang banget antriannya. Kalau gitu nanti melipir ke Fore saja dah.. ☕️",1995084231245275171,,,in,,0,1,0,https://x.com/pasukanreceh/status/1995084231245275171,1219475818109227009,pasukanreceh
1995057550165946512,2025-11-30 09:09:20+00:00,0,"Spill diskon shopeefood kopi pilihan

Kopi Calf
https://t.co/9JZ29zIs09

Kopi Tuku
https://t.co/vkZDvhSw1K

Kopi Philosophy
https://t.co/Q7X7vX5fiP

Kopi Kenangan
https://t.co/W98Ul1yEow

Janji Jiwa
https://t.co/4Ruwz0dceq",1995057550165946512,,,in,,0,0,0,https://x.com/ike_tjn/status/1995057550165946512,513346093,ike_tjn
1995052148078621142,2025-11-30 08:47:53+00:00,0,"migrain bukannya minum obat, malah beli kopi tuku 👍",1995052148078621142,,,in,,0,1,0,https://x.com/raraswismajani/status/1995052148078621142,151371194,raraswismajani
1995050666830807486,2025-11-30 08:41:59+00:00,0,aku membawa kopi tuku (buat semuanya) + susu kedelai (khusus dapiki) uuuuu,1995050666830807486,,,in,,0,2,0,https://x.com/muchiwar/status/1995050666830807486,1642695915109769218,muchiwar
1995046814341632323,2025-11-30 08:26:41+00:00,1,"Nyobain tuku yg kopi susu tetangga + extra milk, ternyata kopinya tetep kerasa banget buat lidah w yg gak suka kopi 😭

Emg paling bener tetep order earl grey milk tea 😭🫵🏻 https://t.co/EbYdYU63X9",1995046814341632323,https://pbs.twimg.com/media/G6_UfzHaUAAEJLR.jpg,,in,,0,1,0,https://x.com/changumss/status/1995046814341632323,775666934,changumss
1995044862039634378,2025-11-30 08:18:55+00:00,1,"So far, Toko Kopi Tuku yang menurut gue Kopi nya paling enak, Creamy nya juga pas ya… good job #kopituku #kopi #tokokopituku https://t.co/YeAcA1Ddn3",1995044862039634378,https://pbs.twimg.com/media/G6_St5jbAAAJIXB.jpg,,in,,0,0,0,https://x.com/yudha_hanottama/status/1995044862039634378,33831157,yudha_hanottama
1994941519779041414,2025-11-30 07:43:55+00:00,0,@amortentia909 Tak kancani tok gak opo aku iso tuku kopi dewe 😭,1995036050469916763,,amortentia909,in,,0,0,0,https://x.com/naqsabann/status/1995036050469916763,2162762132,naqsabann
1995027093567197626,2025-11-30 07:08:19+00:00,0,"Diskon kopi shopeefood minggu

Kopi Calf
https://t.co/9JZ29zIs09

Kopi Tuku
https://t.co/vkZDvhSw1K

Kopi Philosophy
https://t.co/Q7X7vX5fiP

Kopi Kenangan
https://t.co/W98Ul1yEow

Janji Jiwa
https://t.co/4Ruwz0dceq",1995027093567197626,,,in,,0,0,0,https://x.com/ike_tjn/status/1995027093567197626,513346093,ike_tjn
1995024957399839092,2025-11-30 06:59:50+00:00,0,"Tumblr kopi tuku + Kopi 1 cup 150ribuan ajaa‼️ Yuuk jasdor #zonauang #kopituku 

https://t.co/2cLPhzb6qF https://t.co/SzAkAlEonP",1995024957399839092,https://pbs.twimg.com/media/G6_AnrsbkAIwdF8.jpg,,in,,0,0,0,https://x.com/kinanaleya/status/1995024957399839092,2738387040,kinanaleya
1995021349904159228,2025-11-30 06:45:30+00:00,0,Wts tumbler doorprize free isi kopi tuku curah 300 ml dijamin kagak bakal ilang dimanapun kamu bawa soalnya ada jimat fixon https://t.co/htpCYo2InH,1995021349904159228,https://pbs.twimg.com/media/G6-9VqJbkAI9hgr.jpg,,in,,0,1,0,https://x.com/HONGGIVERSE/status/1995021349904159228,3255534853,HONGGIVERSE
1995016820240388490,2025-11-30 06:27:30+00:00,0,"Diskon kopi rekomendasi shopeefood

Kopi Calf
https://t.co/9JZ29zIs09

Kopi Tuku
https://t.co/vkZDvhSw1K

Kopi Philosophy
https://t.co/Q7X7vX5fiP

Kopi Kenangan
https://t.co/W98Ul1yEow

Janji Jiwa
https://t.co/4Ruwz0dceq",1995016820240388490,,,in,,0,0,0,https://x.com/ike_tjn/status/1995016820240388490,513346093,ike_tjn
1994965893437427980,2025-11-30 05:58:12+00:00,0,@lizdoubts me juga suka banget butterschotch sea salt! tapi lebih sering minum kopi susu tetangga tuku atau kopken yang latte biasa atau kopi kenangan mantan,1995009449086652578,,lizdoubts,in,,0,1,0,https://x.com/anxindoubts/status/1995009449086652578,2726641417,anxindoubts
1994630909518385262,2025-11-30 05:41:14+00:00,0,@appreeelll Titip kopi tuku,1995005177372574206,,appreeelll,in,,0,1,0,https://x.com/pantai_gunung/status/1995005177372574206,1935533242813468672,pantai_gunung
1995004358535381497,2025-11-30 05:37:59+00:00,0,kopi tuku…😅,1995004358535381497,,,in,,0,0,0,https://x.com/rronggrongggg/status/1995004358535381497,1689699404847136768,rronggrongggg
1994998643758436371,2025-11-30 05:15:16+00:00,0,saran menu kopi tuku yg mantep guys,1994998643758436371,,,in,,0,0,0,https://x.com/bimagakpd/status/1994998643758436371,893588504,bimagakpd
1994997727663718621,2025-11-30 05:11:38+00:00,0,Gua kira kopi tuku,1994997727663718621,,,in,,0,0,0,https://x.com/miww0_0/status/1994997727663718621,1824763491204706304,miww0_0
1994996440331161625,2025-11-30 05:06:31+00:00,0,"List Promo Shopeefood ⏬

Momoyo
https://t.co/4Ut98AT1jh

Belikopi
https://t.co/fXRaDZBFO1

Solaria
https://t.co/ubCEdWrBgR

Wizzmie
https://t.co/Hw6m17VeRz

HokBen
https://t.co/UD802tgj9M

Kopi Tuku
https://t.co/3MiwsojKCc

Hotways Chicken
https://t.co/i9LD7ul8sy https://t.co/jxIEVKO9rT",1994996440331161625,https://pbs.twimg.com/media/G6-mruIbkAALtJ_.jpg,,in,,0,0,0,https://x.com/m_mola9591/status/1994996440331161625,1882643851107848192,m_mola9591
1994970986249339260,2025-11-30 04:36:37+00:00,0,"@themickeymouse8 Harusnya ketemu, 
aku palak kopi tuku 😮‍💨",1994988916764733607,,themickeymouse8,in,,0,1,0,https://x.com/mystt4arr/status/1994988916764733607,1952158173672124416,mystt4arr
1994966080255922332,2025-11-30 03:05:58+00:00,15,"Need coffee after some run? 
Langsung melipir ke Tuku buat recharge caffeine dan ngobrol santai dikit sebelum lanjut hari. Simple, no drama.

#WeAreMore https://t.co/BXwOEF090H",1994966103811133847,https://pbs.twimg.com/media/G6-LGJ_bkAMUr1O.jpg,myXL,in,,1,2,0,https://x.com/myXL/status/1994966103811133847,82552414,myXL
1994961465678467148,2025-11-30 02:47:32+00:00,0,"sebuah kompilasi kopi + matcha in novembah (yang sempet difoto)

3 best
- calf
- fore
- tuku (lebih enak kopi bawa yuyur😭🙏🏽) https://t.co/oYJoX7qlA6",1994961465678467148,https://pbs.twimg.com/media/G6-FlAFbkAMXxHi.jpg,,in,,1,1,0,https://x.com/eneskaku/status/1994961465678467148,1073978537730662400,eneskaku
1994945323517759869,2025-11-30 01:43:24+00:00,0,"Promo Shopeefood

Kopi Tuku
https://t.co/6xjOyF69OE

Republic Kebab
https://t.co/h2RmFY6SCS

HokBen
https://t.co/7FbMvJvQc8

Mixue
https://t.co/UXFICojOpD

Burger Bangor
https://t.co/gia53dvm4x

Circle K
https://t.co/3462BiaRcT

Mie Gacoan
https://t.co/NAgUCBcdMR https://t.co/h6eaFEEyUr",1994945323517759869,https://pbs.twimg.com/media/G694MSJbkAUffCM.jpg,,in,,0,0,0,https://x.com/3esihma/status/1994945323517759869,1847151278776111104,3esihma
1994930601934426422,2025-11-30 00:44:54+00:00,0,"boleh gk sih beli kopi lain (tomoro, janjiw) tp tumblernya dari tuku",1994930601934426422,,,in,,0,0,0,https://x.com/stelladurian/status/1994930601934426422,1171746917652389888,stelladurian
1994923974883774600,2025-11-30 00:18:34+00:00,0,"Kopi Tuku diskon 15ribu

https://t.co/SJfUxJ7T7E https://t.co/YNYLu87kNX",1994923974883774600,https://pbs.twimg.com/media/G69kx2xbkAMnj4B.jpg,,in,,0,0,0,https://x.com/AkuSukaRacun/status/1994923974883774600,1344004785934979073,AkuSukaRacun
1994921897772073072,2025-11-30 00:10:18+00:00,0,"Promo Shopeefood

SeIndonesia
https://t.co/zy5SVJc5T7

HokBen
https://t.co/OtU6wR0jXY

Ayam Keprabon
https://t.co/st8QyOTjV5

Kopi Tuku
https://t.co/fwJLBX63EE

Fore Coffee
https://t.co/auiJwM6j1N

Familymart
https://t.co/9D9tieR80c

Fish Streat
https://t.co/oNfcZzvU1Z https://t.co/AQobcOxu3q",1994921897772073072,https://pbs.twimg.com/media/G69i4p1asAA17Wc.jpg,,in,,0,0,0,https://x.com/3esihma/status/1994921897772073072,1847151278776111104,3esihma
1994703000242458855,2025-11-29 20:20:06+00:00,0,@sonagies Iya. Pintu terdekat dari FX Sudirman. Klo masuk dari gerbang tujuh yg Deket halte MRT bisa naik mobil mini gratis bilang ke kopi tuku pak. Gitu. 😬,1994863962354270680,,sonagies,in,,0,0,0,https://x.com/WiChan16x1/status/1994863962354270680,1945527984,WiChan16x1
1994860989586837667,2025-11-29 20:08:17+00:00,0,"emang ga pernah cocok gua tuku malem"", ada aja kambuh kambuhannya, TAPIIIII KOOO kopi lain tuh ga pernah bikin kambuh, tp ajib sih tuku kl buat skripsian ampuh berarti coy",1994860989586837667,,,in,,0,0,0,https://x.com/kusengbawww/status/1994860989586837667,1521465037256531969,kusengbawww
1994749564914667526,2025-11-29 18:59:45+00:00,0,@Diaku169 klo ke tuku jga inget km yg suka minum kopi 😭,1994843745146343653,,Diaku169,in,,0,1,0,https://x.com/imaaginediary_/status/1994843745146343653,1865470338404081665,imaaginediary_
1994823270169022587,2025-11-29 18:03:04+00:00,0,"@fikamshi @dharajuann tolong bisikin, nanti aku gojekin kopi tuku (tapi ga sama tumblernya ya)",1994829480448463059,,fikamshi,in,,0,1,0,https://x.com/dipahardja/status/1994829480448463059,1954879991050829824,dipahardja
1994696290131923192,2025-11-29 16:39:28+00:00,1,"@pandji See u at FTL Rawamangun bang, kenapa Rawamangun karena gue pernah liat lu di kopi tuku Pulomas abis lari.",1994808441660174598,,pandji,in,,0,0,0,https://x.com/tcl_bonivasius/status/1994808441660174598,535129136,tcl_bonivasius
1994806227805901188,2025-11-29 16:30:41+00:00,0,"Beli kopi ‘Tuku’
Padahal niat itama kalau ada tumbler nya itu mau beli wkw https://t.co/6aGbP6RMKq",1994806227805901188,https://pbs.twimg.com/media/G675r8JasAAu79T.jpg,,in,,0,0,0,https://x.com/dyrghaldy/status/1994806227805901188,417770290,dyrghaldy
1994680370143670425,2025-11-29 15:53:12+00:00,0,"@afrkml Tuku ada yg cold brew gasi? Kalau ada si makin enak kalau taruh di kulkas biasa aja.
Kopi point ada tuh cold brew kopi susu.",1994796795088834933,,afrkml,in,,0,0,0,https://x.com/Chol2_21/status/1994796795088834933,1252476651419529217,Chol2_21
1994680370143670425,2025-11-29 13:54:13+00:00,0,"@afrkml Kemarin 3 hari aman ka, aku beli kopi tuku yang versi cup. Dan itu taronya bukan di freezer ya",1994766851398930485,,afrkml,in,,0,0,0,https://x.com/rainy_rainings/status/1994766851398930485,1456228213093371910,rainy_rainings
1994766566882512956,2025-11-29 13:53:05+00:00,4,"bukan tumbler tuku
kopi literan+no drama https://t.co/I3EDQ773l2",1994766566882512956,https://pbs.twimg.com/media/G67T4UNbkAI_lKq.jpg,,in,,0,0,0,https://x.com/capt_ypamungkas/status/1994766566882512956,1656037556700721152,capt_ypamungkas
1994754461705932873,2025-11-29 13:04:59+00:00,0,"Pengen mimik kopi susunya kopi Tuku, tp belinya jauh banget harus ke Jogja 🥲",1994754461705932873,,,in,,0,0,0,https://x.com/ratriraras/status/1994754461705932873,274369117,ratriraras
1994751215784399353,2025-11-29 12:52:05+00:00,0,dah lama ga minum kopi tuku,1994751215784399353,,,in,,0,0,0,https://x.com/itsmejenox/status/1994751215784399353,1474028444656685061,itsmejenox
1994743188888969318,2025-11-29 12:20:11+00:00,0,"Bosen kopi yang rasanya itu-itu aja? 😩☕ Coba Toko Kopi Tuku—bold, creamy &amp; selalu fresh! Cek promo di sini 👉 https://t.co/L41tkxcPks https://t.co/CM5qEFWx9p",1994743188888969318,https://pbs.twimg.com/media/G67AWhnbgAA5Wur.jpg,,in,,0,0,0,https://x.com/witrisyahputri/status/1994743188888969318,71719121,witrisyahputri
1994735953815224559,2025-11-29 12:09:11+00:00,0,@roosseri Ayo tuku kopi,1994740421151658404,,roosseri,in,,0,1,0,https://x.com/Tapi33x/status/1994740421151658404,2633676451,Tapi33x
1994650321499594897,2025-11-29 10:28:43+00:00,0,"@breathingmydear Betul! Level 2, makan 2 porsi, sama kopi tuku. GERD kumat https://t.co/gxdTYUSxpM",1994715136880439634,https://pbs.twimg.com/tweet_video_thumb/G66m10QbkAA2Vkd.jpg,breathingmydear,in,,0,1,0,https://x.com/whimsymomo/status/1994715136880439634,1491357764416729092,whimsymomo
1994712288709022149,2025-11-29 10:17:24+00:00,0,"Promo kopi shopeefood deals

Kopi Calf
https://t.co/9JZ29zIs09

Kopi Tuku
https://t.co/vkZDvhSw1K

Kopi Philosophy
https://t.co/Q7X7vX5fiP

Kopi Kenangan
https://t.co/W98Ul1yEow

Janji Jiwa
https://t.co/4Ruwz0dceq",1994712288709022149,,,in,,0,0,0,https://x.com/ike_tjn/status/1994712288709022149,513346093,ike_tjn
1994680370143670425,2025-11-29 09:52:43+00:00,1,"@afrkml bukan aku tp orang kantorku seringg nimbun kopi tuku di kulkas, pesennya yg no ice bisa buat 2 harian masih enak. ga taruh di freezer soalnya baru 3 jam udah beku wkwk",1994706077632569604,,afrkml,in,,0,0,0,https://x.com/obpsession/status/1994706077632569604,1505083887407738881,obpsession
1994680370143670425,2025-11-29 09:02:39+00:00,9,"@afrkml Sering. Kopi susu tetangga nya tuku, di freezer sampe 3 hari aman aja, kdg lebih",1994693476852929026,,afrkml,in,,0,0,0,https://x.com/fuerteandari/status/1994693476852929026,43540319,fuerteandari
1994680370143670425,2025-11-29 08:33:14+00:00,0,"@afrkml Tuku belum pernah. Pernahnya point coffee, aku taruh freezer dan masih enak besoknya",1994686075001082121,,afrkml,in,,0,0,0,https://x.com/boamlah/status/1994686075001082121,1023338827660713984,boamlah
1994684617618854346,2025-11-29 08:27:26+00:00,0,"nggak ada kopi tuku, kopi liong solusinya wkwkkwk",1994684617618854346,,,in,,0,0,0,https://x.com/huseindra/status/1994684617618854346,1098381907,huseindra
1994680370143670425,2025-11-29 08:10:34+00:00,188,Ada yang pernah beli kopi tuku terus taruh di kulkas gak untuk diminum besoknya? taruhnya di freezernya atau kulkas biasa? enak gak? atau makin asem?,1994680370143670425,,,in,,3,63,6,https://x.com/afrkml/status/1994680370143670425,978646566,afrkml
1994679758999965818,2025-11-29 08:08:08+00:00,0,"saking gedenya berita kopi tuku, barusan denger bapak2 dari golongan bapak-ibu nongki, “awas tumblr tukunya ketinggalan”
gue nahan ketawa😓😓😓",1994679758999965818,,,in,,0,0,0,https://x.com/venusreflects/status/1994679758999965818,1594144757345046528,venusreflects
1994677260348264873,2025-11-29 07:58:12+00:00,4,pengen kopi tuku,1994677260348264873,,,in,,0,1,0,https://x.com/callmesenorit4/status/1994677260348264873,1931029186669629442,callmesenorit4
1994642975683744260,2025-11-29 07:57:52+00:00,0,@Jfunho Yunjin mukaku kayak mbak mbak tuku kopi ya 😭😭😕,1994677176772481242,,Jfunho,in,,0,0,0,https://x.com/baijingtting/status/1994677176772481242,718994591681159169,baijingtting
1994662290898223611,2025-11-29 06:58:43+00:00,1,masuk ke tuku tuh suka banget aroma kopi nya men.,1994662290898223611,,,in,,0,1,0,https://x.com/wede09/status/1994662290898223611,1687012167814709248,wede09
1994650321499594897,2025-11-29 06:41:50+00:00,0,@breathingmydear Makasih kak Mon 😭 ini gara2 cimol sama kopi tuku 💔😔,1994658042131223000,,breathingmydear,in,,0,1,0,https://x.com/whimsymomo/status/1994658042131223000,1491357764416729092,whimsymomo
1994376013703520299,2025-11-29 06:39:11+00:00,0,"@kalisnulis Yg lebih gampang aku kasih bisa gk?? 🤏🏻Misal, martabak, kue cucur atau kopi tuku jg boleh 🤧",1994657373622030821,,kalisnulis,in,,0,1,0,https://x.com/diaryouin_/status/1994657373622030821,1530044454689984513,diaryouin_
1994656576293192166,2025-11-29 06:36:01+00:00,0,In this economy beli 2 kopi tuku yg oat aja langsung merefleksikan diri. Ini semua gara2 jokowi fix,1994656576293192166,,,in,,0,0,0,https://x.com/goodbyeimdone_/status/1994656576293192166,579657406,goodbyeimdone_
1994650506590130244,2025-11-29 06:11:54+00:00,0,ya Allah apa boleh request di surga ada ayam keprabon &amp; kopi tuku?🥹,1994650506590130244,,,in,,0,0,0,https://x.com/bbbangchann/status/1994650506590130244,1318096415961214981,bbbangchann
1994641643262402635,2025-11-29 05:40:16+00:00,1,"@ddelvo45 hbd, hadiah tumblr kopi tuku mau ga",1994642547684348128,,ddelvo45,in,,0,0,0,https://x.com/mikiraIRL/status/1994642547684348128,1362596642902347785,mikiraIRL
1994641668843475041,2025-11-29 05:36:47+00:00,0,Kopi tuku selalu enak MasyaAllah. I love you kopi tuku.,1994641668843475041,,,in,,0,0,0,https://x.com/enihsbright/status/1994641668843475041,261190188,enihsbright
1994624932786115022,2025-11-29 05:21:53+00:00,0,@subchromafest kopi kesukaan lu apa bleki? tuku gak? xD,1994637919391551653,,subchromafest,in,,0,1,0,https://x.com/kaiIavina/status/1994637919391551653,2249744491,kaiIavina
1994578974522102113,2025-11-29 04:57:35+00:00,0,@parutankelapa30 Aku juga borong tadi haha. Mau mampir point coffee kayak km tapi ga nemu jadinya ke tuku aja mumpung lagi viral😂😂,1994631803181961635,,parutankelapa30,in,,0,0,0,https://x.com/sakawattt/status/1994631803181961635,916430815227080704,sakawattt
1994626074630922595,2025-11-29 04:34:49+00:00,2,Pengen kopi tuku,1994626074630922595,,,in,,0,1,0,https://x.com/hantustarlight/status/1994626074630922595,1115626029261811712,hantustarlight
1994616094146138503,2025-11-29 03:55:09+00:00,0,"list outlet yang harus buka di samarinda:
1. family mart
2. kopi tuku
3. isi sendiri",1994616094146138503,,,in,,0,0,0,https://x.com/menduyunK/status/1994616094146138503,1926595836533727232,menduyunK
1994613169638068389,2025-11-29 03:43:32+00:00,19,"-dips! aku open jastip kopi tuku dari jakarta, fee percup 2k yahh",1994613169638068389,,,in,,2,21,0,https://x.com/undipmfs2/status/1994613169638068389,1938014810056364032,undipmfs2
1994604414330687628,2025-11-29 03:08:44+00:00,8,Respect buat TUKU yang gak FOMO ride the wave. Kadang vibes paling mahal tuh… tenang dan konsisten ngasih kopi enak.,1994604414330687628,,,in,,0,2,1,https://x.com/RANDITASASTRO/status/1994604414330687628,26516968,RANDITASASTRO
1993995796250075183,2025-11-29 02:54:47+00:00,2,"@worthlessix Tuku neng kopi tuku, nek template budgeting warna pink tukune neng aku https://t.co/1hhEZmhkX7",1994600901118759226,https://pbs.twimg.com/media/G64-8XsbkAAy3Ft.jpg,worthlessix,in,,0,0,1,https://x.com/hpblackdoff/status/1994600901118759226,1303935209851596800,hpblackdoff
1994599212357742831,2025-11-29 02:48:04+00:00,0,"Promo Shopeefood

Sushi Yay
https://t.co/pd8xfyA8ai

Kopi Tuku
https://t.co/Bc7WsKxolM

Sec Bowl
https://t.co/UIKxwX7hu5

Kopi Calf
https://t.co/ptQPK7HoCx

Mie Gacoan
https://t.co/pzB8Q55Xau

Richeese Factory
https://t.co/uLHPuT7YsF

Point Coffee
https://t.co/PUrr2wJuVs https://t.co/M3thCLHaQ0",1994599212357742831,https://pbs.twimg.com/media/G649Z9vbgAAHE2g.jpg,,in,,0,0,0,https://x.com/m_mola9591/status/1994599212357742831,1882643851107848192,m_mola9591
1994591757687030152,2025-11-29 02:34:25+00:00,0,@cabiuw Kopi Tuku satu Toren kata gw..,1994595778288050397,,cabiuw,in,,0,1,0,https://x.com/AllvaRian_/status/1994595778288050397,1695448476740628481,AllvaRian_
1994594835874157007,2025-11-29 02:33:32+00:00,0,"Konsep brand jadi superhero di situasi seperti ini mah udah basi, norak. Bener jadi Tuku dia diam. 

Kalo Tuku mau gerak, kasih Free Coffee buat petugas si Petugas KAI seumur hidup.",1994595554056442002,,mangkokmenyann,in,,0,0,0,https://x.com/mangkokmenyann/status/1994595554056442002,1120656781858918400,mangkokmenyann
1994593603226857849,2025-11-29 02:25:47+00:00,0,"Kopi Tuku memilih diam di hari ketika Tumblr-nya viral. Netizen menganggap Tuku melewatkan momen, padahal bisa riding the wave. Tapi kata DNVB, itu justru disebut The Art of Strategic Silence. 

Show up itu strategi. Diam juga strategi. Bahkan seringkali diam lebih efektif.",1994593603226857849,,,in,,0,0,0,https://x.com/rizkydrahmawan/status/1994593603226857849,72490094,rizkydrahmawan
1994590718137168042,2025-11-29 02:14:19+00:00,2,"gymku ini banyak bgt godaannya. seberangnya tuku, ke kanan ada nakoa point coffee, ke kiri ada kopken famima 🙄",1994590718137168042,,,in,,0,2,0,https://x.com/heippy/status/1994590718137168042,1580888644637716480,heippy
1994587434525540562,2025-11-29 02:01:29+00:00,0,"kopi tuku
https://t.co/jCDhrAxOSM

shihlin
https://t.co/7zI8guksbS https://t.co/J9GARjQNxE",1994587487331811386,https://pbs.twimg.com/media/G64yv6mbkAQN17u.jpg,divetodeepest,in,,1,1,0,https://x.com/divetodeepest/status/1994587487331811386,1943274929912451072,divetodeepest
1994560613482467467,2025-11-29 00:14:42+00:00,0,"Promo Shopeefood

Burger Bangor
https://t.co/kYulF2rvwl

Kopi Tuku
https://t.co/plXnCytQjq

Fore Coffee
https://t.co/CMQ47Anht6

Ayam Keprabon
https://t.co/DM3huNaTqA

Animo Bakery
https://t.co/hO6rqIp2uZ

SeIndonesia
https://t.co/1KnnHqmFaA

Mie Gacoan
https://t.co/YvaUVLRYuv https://t.co/23WlkJGaYC",1994560613482467467,https://pbs.twimg.com/media/G64aTYxbkAQyo6k.jpg,,in,,0,0,0,https://x.com/3esihma/status/1994560613482467467,1847151278776111104,3esihma
1994551736275800577,2025-11-28 23:39:25+00:00,0,"minggu lalu ke kopi tuku, gataunya minggu dpn ada drama tumblr tuku https://t.co/LEWkom7Vgm",1994551736275800577,https://pbs.twimg.com/media/G64SOsFaEAEt5AK.jpg,,in,,0,0,0,https://x.com/cloudyzha/status/1994551736275800577,1208112859902693376,cloudyzha
1993709338905776608,2025-11-28 20:21:01+00:00,0,@hiwiinter @whxterose__ @fajarnugros @daisyastera Aji mumpung ya colek deh kopi tuku,1994501808023376298,,hiwiinter,in,,0,0,0,https://x.com/AIADigibuy/status/1994501808023376298,1603540919474458624,AIADigibuy
1994496072279073211,2025-11-28 20:00:34+00:00,0,@Yufuon kopi tuku ya,1994496661587202412,,Yufuon,in,,0,1,0,https://x.com/stellah2h/status/1994496661587202412,1681296573085675521,stellah2h
1994477842227511499,2025-11-28 19:00:22+00:00,0,"jam setengah 11 tadi bapak w minta dibeliin kopi yg agak manis (karena kopi di rumah pait semua) dan karena yg masih buka deket rumah cuma tuku doang, jadi dibeli lah tuku ini. abis minum kopi, belio tidur jam 12 kurang 😄 sedangkan gw gatau dah bisa tidur kapan https://t.co/9QflpdEagj",1994481510226038816,https://pbs.twimg.com/media/G63SWU7asAAytFQ.jpg,runextdo,in,,0,0,0,https://x.com/runextdo/status/1994481510226038816,969587256758476800,runextdo
1994444957407445166,2025-11-28 17:05:55+00:00,0,"@darjofess kakean kopi tuku anjrit 
gk mikir🤦‍♂️",1994452709265531033,,darjofess,in,,0,0,0,https://x.com/semnfak/status/1994452709265531033,1788565028637224960,semnfak
1994426778182681056,2025-11-28 15:22:53+00:00,0,"Jd pengen beli kopi tuku, tp jauh bgt storenya",1994426778182681056,,,in,,0,0,0,https://x.com/glumideiy/status/1994426778182681056,802849066052829185,glumideiy
1994425606239555808,2025-11-28 15:18:13+00:00,16,gimmick mba mba dan mas mas tumblr kopi tuku,1994425606239555808,,,in,,0,1,2,https://x.com/neephelae/status/1994425606239555808,1577609080914731008,neephelae
1994425175383982125,2025-11-28 15:16:31+00:00,9,"Went to Kopi Tuku today! Tenang, gue ngga beli tumbler biru. 👍🏻 https://t.co/qtlkpZsiun",1994425175383982125,https://pbs.twimg.com/media/G62fGbWakAA9igy.jpg,,in,,0,1,0,https://x.com/hebchived/status/1994425175383982125,1288062743107350529,hebchived
1994422998183694682,2025-11-28 15:07:52+00:00,0,Kayaknya dia tau yg lagi rame disini perkara tumbler kopi tuku😂😂😂,1994422998183694682,,,in,,0,0,0,https://x.com/hiitias_/status/1994422998183694682,1930606844789362688,hiitias_
1994418651576037551,2025-11-28 14:50:35+00:00,1,"Tak bawain mas. arep nasi goreng, mie goreng, ayam panggang, nasi padang lauke rendang kek tunjang kek, tak bawain mas, tak bawain…
neng posisimu ngendi..? ngomongo kowe neng ndi tak ampiri tak gowokke kopi Tuku sisan karo tumbler2e ndang… @Jichangwook https://t.co/Gx4xvHz5FK",1994418651576037551,https://pbs.twimg.com/ext_tw_video_thumb/1994378896662564864/pu/img/7rhNn-61ufcDR_SS.jpg,,in,,0,0,0,https://x.com/gapute/status/1994418651576037551,125906856,gapute
1994417253551579437,2025-11-28 14:45:02+00:00,0,"perut aku MUAL &amp; ENEK BGTT PLSSS😭😭😭 ini gimana ya, malah gua cekokin kopi tuku",1994417253551579437,,,in,,0,0,0,https://x.com/m4haeily/status/1994417253551579437,1617841293031510019,m4haeily
1994315323940475341,2025-11-28 13:49:02+00:00,0,@tempodotco Awas aja kalo kopi tuku ngendorse anita,1994403159566127193,,tempodotco,in,,0,0,0,https://x.com/4everyong22/status/1994403159566127193,1901384382331641856,4everyong22
1994401819574083664,2025-11-28 13:46:23+00:00,1,@diiianee_ Kopi tuku,1994402493401555413,,diiianee_,in,,0,0,0,https://x.com/BigRisk78/status/1994402493401555413,1911626886691635200,BigRisk78
1994335800725565680,2025-11-28 13:34:30+00:00,1,"@maman1965 @JNE_ID Pagi pagi makan gorengan
Minumnya kopi tuku
Bisa kali nelpon mantan 
Siapa tahu diajak ke penghulu https://t.co/MCMWkqH0zk",1994399505794650138,https://pbs.twimg.com/media/G62Hx-6aUAAyMfx.jpg,maman1965,in,,0,0,0,https://x.com/pradiptamaumau/status/1994399505794650138,79503999,pradiptamaumau
1994396613213909322,2025-11-28 13:23:01+00:00,0,"Toko Kopi Tuku Malang sekarang ada di ShopeeFood! Pesan Sekarang, langsung diantar. https://t.co/fCzLeCUD1P https://t.co/PT6eSeTxSq",1994396613213909322,https://pbs.twimg.com/media/G62FJb6bUAAbdEd.jpg,,in,,0,0,0,https://x.com/blublubcookies/status/1994396613213909322,1941120942828396544,blublubcookies
1994394189422051528,2025-11-28 13:13:23+00:00,0,mau kopi tuku tapi maunya minum bareng ajenk esye ditraktir ka dinda😔 when yes,1994394189422051528,,,in,,0,2,0,https://x.com/deltanlm/status/1994394189422051528,1176679348876611584,deltanlm
1994037998649004179,2025-11-28 13:04:33+00:00,0,"@Prachi_2050 Mukena, buku, kopi tuku 🙏🏻",1994391967967687012,,Prachi_2050,in,,0,0,0,https://x.com/iceicebbyvda/status/1994391967967687012,1221987137282695168,iceicebbyvda
1994388213323145374,2025-11-28 12:49:38+00:00,0,Kopi mana kopi😮‍💨 tuku enak kali ya,1994388213323145374,,,in,,0,0,0,https://x.com/natureee98/status/1994388213323145374,1888979950251958272,natureee98
1994378020573123036,2025-11-28 12:09:08+00:00,0,Kopi tuku yg enak tuh yg mana deh,1994378020573123036,,,in,,0,0,0,https://x.com/heyy_itszal/status/1994378020573123036,1795097634765672448,heyy_itszal
1992957662406058001,2025-11-28 11:45:49+00:00,0,@ksvin @UPtunate @Jiwojng Mana aku gak pernah dijajanin kopi tuku.,1994372152649461898,,ksvin,in,,0,0,0,https://x.com/Juybeon/status/1994372152649461898,1585095277899571201,Juybeon
1994371073861968282,2025-11-28 11:41:32+00:00,3,kopi tuku gbk yang mungil vs orang balik kantor and suporter ☺️☺️SEMPIT BLASSSSSSS https://t.co/y60bBhaysF,1994371073861968282,https://pbs.twimg.com/media/G61t5jlbUAAxbkO.jpg,,in,,0,1,0,https://x.com/swawberries/status/1994371073861968282,1740927947719217152,swawberries
1994360657194668094,2025-11-28 11:00:08+00:00,0,"Keren ya kopi tuku, gak riding the wave. Malah post soal bencana alam. Duh ntar ke jogja ak beli kopi tuku ah..",1994360657194668094,,,in,,0,0,0,https://x.com/mrscatbuttler/status/1994360657194668094,249193163,mrscatbuttler
1994355288669909452,2025-11-28 10:38:48+00:00,0,Udah berhari hari ga ke sby yang ku kangenin pisang bang jo sm kopi tuku hnggg karena di pasu ga ada 😓,1994355288669909452,,,in,,0,0,0,https://x.com/tmarchsa/status/1994355288669909452,1678728692791664641,tmarchsa
1993836628520128569,2025-11-28 10:33:37+00:00,0,"@pinkinseyo Ikutan ngamuk juga sih kalo emang marketing.

Tapi kalo emg sampe marketing, berati selain mempertaruhkan nama dan kredibilitas kopi tuku sendiri, pihak KAI dan bumn pasti keseret dan ini jadi biggest public rage bait in history.",1994353983574421550,,pinkinseyo,in,,0,0,0,https://x.com/roweeasley/status/1994353983574421550,1857349119825899520,roweeasley
1994324749921710570,2025-11-28 10:20:41+00:00,0,@FOOD_FESS Kopi tuku https://t.co/aHLV5XhDKA,1994350727859192313,https://pbs.twimg.com/media/G61balyaIAAUU10.jpg,FOOD_FESS,in,,0,0,0,https://x.com/intanabellaa/status/1994350727859192313,1375289892142424066,intanabellaa
1994349553638674647,2025-11-28 10:16:01+00:00,0,Tbtb pengen kopi tuku seliter,1994349553638674647,,,in,,0,0,0,https://x.com/ptrchor/status/1994349553638674647,420874074,ptrchor
1994344427980980719,2025-11-28 09:55:39+00:00,0,Kopi tukU enak ga?,1994344427980980719,,,in,,0,0,0,https://x.com/blueveries/status/1994344427980980719,1014835447434862592,blueveries
1994330790549717275,2025-11-28 09:54:30+00:00,1,"@njogolathi Sebagai bukan peminum kopi, jd aku br sekali ajah ke Tuku. 
Itu pas belinya jg pesan ke Baristanya…kopinya sedikittt saja, susunya yg banyak 😃😊",1994344139224437153,,njogolathi,in,,0,0,0,https://x.com/Petrahuang/status/1994344139224437153,48258130,Petrahuang
1994343341392011431,2025-11-28 09:53:03+00:00,8,"@icerinyu waduh 11-12 sama thoriq fuji yang waktu itu di rumorin putus, eh ternyata marketing kopken🥹
apakah mereka akan menjadi ba kopi tuku?",1994343774227464257,,icerinyu,in,,1,2,0,https://x.com/neephelae/status/1994343774227464257,1577609080914731008,neephelae
1994341697552011275,2025-11-28 09:44:48+00:00,0,"""sayang aku kehilangan tumbler :(""
""yaudah gapapa sayang, besok aku beliin yang baru ya"" 
besoknya menyerahkan sertifikat  kepemilikan outlet kopi tuku.

🤐🫡",1994341697552011275,,,in,,0,0,0,https://x.com/chichibby_/status/1994341697552011275,1205107274185760768,chichibby_
1994335143209664781,2025-11-28 09:18:45+00:00,0,gue berekspetasi tinggi sama kopi nya tuku. ternyata enakan kopi nya couvee demn,1994335143209664781,,,in,,0,0,0,https://x.com/athyobel/status/1994335143209664781,1561554390942892032,athyobel
1994324395821858984,2025-11-28 08:36:03+00:00,0,"dari sekian banyak kopi, tuku emang paling oke sih https://t.co/tzXGErjEl5",1994324395821858984,https://pbs.twimg.com/media/G61Ddz2a0AI5hx2.jpg,,in,,0,0,0,https://x.com/bluestice/status/1994324395821858984,565303368,bluestice
1994316802046754992,2025-11-28 08:05:52+00:00,1,"TERHARUUU BANGEET. DI TENGAH HURU HARA TUMBLER, TUKU JUSTRU SANGAT WISE DAN TIDAK MEMANFAATKAN MOMEN INI UNTUK KEUNTUNGAN PERUSAHAAN. TAPI TETAP FOKUS MEMILIH INFORMASI APA YANG TEPAT UNTUK DIKETAHUI MASYARAKAT, YAKNI BANJIR INI. MAKASIH YAA KOPI KESAYANGAN AKU😭

#tumblertuku",1994316802046754992,,,in,,0,0,1,https://x.com/gelinglung/status/1994316802046754992,1488815324015202307,gelinglung
1994315384737157219,2025-11-28 08:00:14+00:00,0,kaga waras nungguin kopi satu setengah jam wkaksask &lt;/3 MAKANYA DEKET KANTOR GUE DAH LU TUKU,1994315384737157219,,,in,,0,0,0,https://x.com/nstsyxx/status/1994315384737157219,1260470819773431809,nstsyxx
1994311446440673457,2025-11-28 07:44:36+00:00,0,"hai gaiss, info dong store kopi tuku tumblr biru tantrum sold out atau engga? mau belii:((

#tumblrtuku #tumblr",1994311446440673457,,,in,,0,0,0,https://x.com/salsaalayida_18/status/1994311446440673457,1724882547438682112,salsaalayida_18
1994309344993616255,2025-11-28 07:39:14+00:00,0,@sodaqueee Kopi Tuku 😀😀😀,1994310097153978792,,sodaqueee,in,,0,0,0,https://x.com/strokegassday/status/1994310097153978792,1747281061774757888,strokegassday
1994309296721702917,2025-11-28 07:36:28+00:00,0,Duit ku wes entek tuku kopi cookkkkkk pie iki 😭🙏,1994309401797349722,,awkhaaay,in,,0,0,0,https://x.com/awkhaaay/status/1994309401797349722,179500430,awkhaaay
1994308812677742772,2025-11-28 07:34:08+00:00,0,kopi susu tetangga tuku ayo kita menikah💍💐 https://t.co/T2cig4x41O,1994308812677742772,https://pbs.twimg.com/media/G601SvvbcAArv72.jpg,,in,,0,0,0,https://x.com/coffeemarklee/status/1994308812677742772,1322597270072688640,coffeemarklee
1994306999186805038,2025-11-28 07:26:55+00:00,0,"Spill voucher promo kopi shopeefood jumat

Kopi Calf
https://t.co/9JZ29zIs09

Kopi Tuku
https://t.co/vkZDvhSw1K

Kopi Philosophy
https://t.co/Q7X7vX5fiP

Kopi Kenangan
https://t.co/W98Ul1yEow

Janji Jiwa
https://t.co/4Ruwz0dceq",1994306999186805038,,,in,,0,0,0,https://x.com/ike_tjn/status/1994306999186805038,513346093,ike_tjn
1993993600921895049,2025-11-28 07:26:15+00:00,0,@draftngantuk jd pengen kopi tuku,1994306828960977223,,draftngantuk,in,,0,0,0,https://x.com/uurmdbstr/status/1994306828960977223,1130171086388076544,uurmdbstr
1994305396203311589,2025-11-28 07:20:33+00:00,0,Yang enak dari kopi tuku itu cuma 2 ini https://t.co/GvK7SoTZod,1994305396203311589,https://pbs.twimg.com/media/G60yL7Za0AMuLVr.jpg,,in,,0,0,0,https://x.com/mooniyy/status/1994305396203311589,97646351,mooniyy
1994303396694863901,2025-11-28 07:12:36+00:00,0,Mas mas kopi tuku gbk cakep bgt dari tadi eye contact mulu bikin salting jujur😩,1994303396694863901,,,in,,0,0,0,https://x.com/masonmountbf/status/1994303396694863901,1947272039519416320,masonmountbf
1993983052385800478,2025-11-27 17:00:37+00:00,0,"@esteamaniss @MasihPait Bro, resep Kopi Tuku versi viral TikTok (Es Kopi Susu Tetangga) homemade gini nih:

Bahan:
- 15g bubuk kopi robusta (atau Tuku blend)
- 100ml air panas
- 30g susu kental manis
- 40ml gula aren cair
- 100ml susu cair dingin
- Es batu secukupnya

Cara:
1. Seduh kopi dg air panas,",1994088986617536842,,esteamaniss,in,,0,0,0,https://x.com/grok/status/1994088986617536842,1720665183188922368,grok
1994084561928565121,2025-11-27 16:43:02+00:00,0,udh nyetok kopi tuku 1 liter 😁 n ini first time ngopi semester ini karna biasanya selalu tidur,1994084561928565121,,,in,,0,0,0,https://x.com/ketekazuha/status/1994084561928565121,1595763972468539392,ketekazuha
1994083700490031390,2025-11-27 16:39:37+00:00,0,"Kopi Tuku keren sih, elegan, ga riding the (negative) wave. 
Terlihat beneran highly experienced, berempati sama keadaan 😘👏",1994083700490031390,,,in,,0,0,0,https://x.com/juliuzickboy/status/1994083700490031390,22511320,juliuzickboy
1994056046797836438,2025-11-27 16:35:37+00:00,1,"@Slampdunk88 @gegevanoo Ternyata merchandise kopi Tuku seharga 300rb.

Bukan tumbler Corkcicle 32oz seharga 1jt~",1994082696319119748,,Slampdunk88,in,,0,0,0,https://x.com/var_gaso/status/1994082696319119748,1371133420064055298,var_gaso
1994082540421099770,2025-11-27 16:35:00+00:00,4,"kalo dr kacamata anak marketing (re; me)

ini secara tdk langsung jadi ‘free marketing’ Kopi Tuku wkwkkw

1. ngasih tau orang, kalau tuku punya tumblr 300k warna biru ini
2. orang yg tdk tahu Tuku itu apa, jadi tempe
3. apa lagi coba kira2 yaaa?",1994082540421099770,,,in,,0,4,0,https://x.com/elaydna/status/1994082540421099770,1896961742,elaydna
1994081548329763172,2025-11-27 16:31:04+00:00,3,"Ngomong2 soal tuku, dadi kangen digawani kopi  sakdurunge mlebu GBK hehe 😁",1994081548329763172,,,in,,0,3,0,https://x.com/StonexBlood/status/1994081548329763172,1099327337252810753,StonexBlood
1994080654984704108,2025-11-27 16:30:59+00:00,0,"Marketing sampe ngespill Bu Sondang 😭😭😭 asa jauh pisan. Marketing tuku, tapi si Alvin kerja di tempat jualan kopi lain 😭",1994081529295982949,,sintasnap,in,,0,0,0,https://x.com/sintasnap/status/1994081529295982949,222355964,sintasnap
1994078182564352443,2025-11-27 16:17:41+00:00,4,Jadi penasaran sama kopi tuku,1994078182564352443,,,in,,0,1,0,https://x.com/popcrncaramel/status/1994078182564352443,710375063493746689,popcrncaramel
1994077970210939265,2025-11-27 16:16:50+00:00,0,"tuku selalu jd pilihan gumweh krn kopinya strong dan selalu req less sugar rasa paitnya kerasa MAKIN ENAKKKK.. 
gumweh gasuka kopi yg creamy manis kek ngerasanya minum creamer dan susu aj anjrit
love tuku",1994077970210939265,,,in,,0,1,0,https://x.com/inourrplace/status/1994077970210939265,1859492388999397380,inourrplace
1994076787576590372,2025-11-27 16:12:08+00:00,0,"ㅤㅤㅤㅤ

Kopi tuku mana itu, yang tumblr warna biru tantrum?

ㅤㅤ",1994076787576590372,,,in,,0,1,0,https://x.com/watashinats/status/1994076787576590372,899968455457230848,watashinats
1994020699728675026,2025-11-27 16:04:58+00:00,0,"@neephophile Cuma 60cabang doang tuku
Kopi kenangan 1000",1994074982662722011,,neephophile,in,,0,0,0,https://x.com/rachasweet123/status/1994074982662722011,1781594245826256896,rachasweet123
1994074891486994742,2025-11-27 16:04:36+00:00,0,Tuku getting all these free marketing yee! Emng rezekinya mereka makasih karna udah bikin kopi susu seenak itu 🫶🏻,1994074891486994742,,,in,,0,0,0,https://x.com/xxzztra/status/1994074891486994742,228713638,xxzztra
1994072792128737675,2025-11-27 15:56:16+00:00,15,"stop kyk gini jg dong btw wkwkwkw as anak intern di agency kadang kl baca beginian sedih krn ga semua brand bs dipukul rata, ini jg jatohnya insult bgt ke kopi tuku yg notabenenya gaperlu tuh marketing sampah kyk gitu, mrk udh gede dan punya mental as market leader",1994072792128737675,,,in,,0,0,0,https://x.com/waduhmaksimal/status/1994072792128737675,1399224333147377669,waduhmaksimal
1994070641561972926,2025-11-27 15:47:43+00:00,2,"poin 1 aja udah aneh, “tuku kerjasama dgn KAI (bumn)” dilanjut “naming right kopi tuku di stasiun MRT (owned by pemda jkt)” 😀 cocoklogi apalagi ini",1994070641561972926,,,in,,0,0,0,https://x.com/aratakikamisato/status/1994070641561972926,1952384799777357825,aratakikamisato
1993836628520128569,2025-11-27 15:43:02+00:00,0,"@pinkinseyo Gue sempet mikir gini sih, ""weh kopi tuku dapet promosi gratis nih dr masalah ini"" bayangin gue jadi tau ada tumbler tuku, jangan sampe gue tuku tuh tumbler",1994069463432614317,,pinkinseyo,in,,0,0,0,https://x.com/youriscm__/status/1994069463432614317,1974060604114735104,youriscm__
1994068635862671742,2025-11-27 15:39:45+00:00,0,"Beli kopi ❌
Beli tumbler ✅

Tapi bukan tumbler tuku yaaaa https://t.co/2oWzIC6P6u",1994068635862671742,https://pbs.twimg.com/media/G6xa2aDWEAII_ga.jpg,,in,,0,0,0,https://x.com/tahuuubulat_/status/1994068635862671742,1811780668617347072,tahuuubulat_
1994068060043661442,2025-11-27 15:37:28+00:00,1,"Penasaran, setelah viralnya tumblr biru tuku di KAI kemarin, kira-kira omset Kopi Tuku meningkat atau justru menurun ya?",1994068060043661442,,,in,,0,3,0,https://x.com/juzmehere/status/1994068060043661442,1386993550974361600,juzmehere
1994065604815581528,2025-11-27 15:27:42+00:00,0,"ternyata tumbler tuku itu isinya bukan kopi, tapi biochemical weapon yang bisa bikin orang terbunuh hanya dengan menghirup cairannya, makanya si mbak itu ngotot nemuin tumblernya takut isinya ga sengaja kelepas ke atmosfer luas

terima kasih ke mbak Anita Widl",1994065604815581528,,,in,,0,0,0,https://x.com/mr_farhanheit/status/1994065604815581528,791453586626519040,mr_farhanheit
1993971349040320743,2025-11-27 15:24:41+00:00,0,@M_MikaelaJKT48 Kopi tuku paling enak jujur,1994064842391515271,,M_MikaelaJKT48,in,,0,0,0,https://x.com/Kallista_48/status/1994064842391515271,1651567845048975361,Kallista_48
1994063270307897498,2025-11-27 15:23:15+00:00,1,"@darilinkedin Apa cuma gue yang mikir si tumblr adalah :

1. Strategi dari marcomm sinting kopi tuku.

2. Pengalihan dari maraknya isu² tragedi bencana alam, inget ya kalo lawannya udh mafia kelas atas sekelas KAI pun apalagi 2 kroco castnya tutup mata buang citranya kalau emang mereka dibayar",1994064482629247069,,darilinkedin,in,,0,1,0,https://x.com/jgnpngglrizki/status/1994064482629247069,1290108856865980417,jgnpngglrizki
1993836628520128569,2025-11-27 14:10:40+00:00,0,"@pinkinseyo Kalo sampe ini marketing, jangan beli kopi tuku berarti",1994046215860965706,,pinkinseyo,in,,0,0,0,https://x.com/galuhtmr/status/1994046215860965706,1943541111873769473,galuhtmr
1994041277135114500,2025-11-27 13:51:02+00:00,0,gue kalo jadi owner kopi tuku dah gue tuntut si anita sama lakinya itu ajg 😭,1994041277135114500,,,in,,0,0,0,https://x.com/lapisgenit/status/1994041277135114500,1427865542447095811,lapisgenit
1994039367598530870,2025-11-27 13:43:28+00:00,0,"Kasus pemecatan petugas KAI, Argi, akibat laporan tumbler hilang terus melebar. Setelah KAI dan Kopi Tuku diserbu, kini netizen memenuhi kolom komentar Instagram Roemah Koffie, tempat suami Anita Dewi, Alvin Harris, bekerja.",1994039373453775051,,dayapikiran,in,,0,1,0,https://x.com/dayapikiran/status/1994039373453775051,1745986142112305152,dayapikiran
1994038351754866984,2025-11-27 13:39:25+00:00,0,Kopi Tuku : diem aja tetep kena fitnah https://t.co/wMhZYZ6nTt,1994038351754866984,https://pbs.twimg.com/tweet_video_thumb/G6w_Toha0AE9iGj.jpg,,in,,0,0,0,https://x.com/dilanjutgak/status/1994038351754866984,1487930216576319492,dilanjutgak
1994038261472444423,2025-11-27 13:39:03+00:00,0,tuku kopi,1994038261472444423,,,in,,0,0,0,https://x.com/maswiiieee/status/1994038261472444423,1610855592113115137,maswiiieee
1994037997050929289,2025-11-27 13:38:00+00:00,7,lu kira tuku itu kopi murahan yang perlu ngedongkrak nama pake cara sejelek itu kah,1994037997050929289,,,in,,0,0,0,https://x.com/binttot/status/1994037997050929289,4832215719,binttot
1994035797717143691,2025-11-27 13:29:16+00:00,0,tp jujur gw jd pengen beli kopi tuku malem malem gini…..,1994035797717143691,,,in,,0,0,0,https://x.com/oreofr4pe/status/1994035797717143691,1754895350954078208,oreofr4pe
1993899555667234979,2025-11-27 13:26:55+00:00,0,"@egaalice ""Gak bisa, di tumblr itu ada kopi susu tetangga less ice less sugar tuku cipete. Masih setengah tumblr lagi. Jadi harus ketemu sayang. Kalau gak aku bisa tantrum.""

Nah, ini yang gak waras.",1994035209533313401,,egaalice,in,,0,0,0,https://x.com/kingdeeuropa/status/1994035209533313401,109196861,kingdeeuropa
1993892063398547642,2025-11-27 13:24:25+00:00,26,"@alwaysthasame @tanyakanrl yang bikin sedih lagi, padahal suaminya kerja di coffee shop tapi si istri pake Tumblr tuku 😭",1994034579146248418,,alwaysthasame,in,,0,0,0,https://x.com/IlfiFauzia/status/1994034579146248418,91721067,IlfiFauzia
1994033377352049015,2025-11-27 13:19:39+00:00,0,kopi tuku emg paling gong,1994033377352049015,,,in,,0,0,0,https://x.com/nightmoonstars/status/1994033377352049015,1437260017707610114,nightmoonstars
1994033352261669312,2025-11-27 13:19:33+00:00,0,Beli kopi tuku terus ngopinya di rumahkopi boleh ga sih,1994033352261669312,,,in,,0,0,0,https://x.com/ambiranbadu/status/1994033352261669312,1908450865188651008,ambiranbadu
1993603322788602337,2025-11-27 13:15:03+00:00,0,"@bakuldimsum_ Kopi tuku jadiin BA gih dua makhluk itu 

Seeffort itu nyari tumblr yang diilangin sendiri sampe mau cek cctv KAI🤣

Mana egonya tinggi kali, mas nya dah mau gantiin malah ga di read, dah malu ya",1994032221297250672,,bakuldimsum_,in,,0,0,0,https://x.com/toobebetter/status/1994032221297250672,1411243222324572164,toobebetter
1994030953224912955,2025-11-27 13:10:01+00:00,0,"Toko Kopi Tuku namanya udah naik, sekarang makin naik lagi",1994030953224912955,,,in,,0,1,0,https://x.com/FIRSTcindykia/status/1994030953224912955,68301077,FIRSTcindykia
1993836628520128569,2025-11-27 13:06:30+00:00,160,@pinkinseyo @33nbee kalo marketing terus pegawe kai itu dapet apa? dikasih tumbler tuku se truk sama voucher kopi seumur idup?,1994030071527719368,,pinkinseyo,in,,0,0,1,https://x.com/bukanverdonk/status/1994030071527719368,1948776272,bukanverdonk
1994028905523822762,2025-11-27 13:01:52+00:00,2,"Btw ini first time aku cobain tuku karna aku sebetulnya tidak begitu suka kopi..

Direkomen sama temenku kst + less sugar + caramel sauce.
overall masih masuk diaku suka” aja karna creamy juga bukan yg encer 😂

Cuma next time kayanya gulanya normal aje wakakak https://t.co/gY1e65xRPX",1994028905523822762,https://pbs.twimg.com/media/G6w2tZdaMAAg3fj.jpg,,in,,0,2,0,https://x.com/reviewbylia/status/1994028905523822762,333232347,reviewbylia
1994025411391447495,2025-11-27 12:47:59+00:00,0,duh kopi tuku gak ada akun X apa ya,1994025411391447495,,,in,,0,0,0,https://x.com/keajunan/status/1994025411391447495,1095832954415136768,keajunan
1994025249021608423,2025-11-27 12:47:21+00:00,0,twitter emang gabole ditinggal dikit alias ribet banget mba mba anomali perkara tumbler kopi tuku -_- https://t.co/9a4WxIjCES,1994025249021608423,https://pbs.twimg.com/media/G6wzZIQbkAAxg1J.jpg,,in,,0,0,0,https://x.com/2803sites/status/1994025249021608423,1302304146406518784,2803sites
1994015361797153222,2025-11-27 12:33:24+00:00,0,"@cursedkidd Nih, lumayan kalo diisi kopi tuku 4 liter. https://t.co/L9gHTlLN8f",1994021739328831950,https://pbs.twimg.com/media/G6wwMu-a0AYYQF-.jpg,cursedkidd,in,,0,0,0,https://x.com/Ramarmdhn__/status/1994021739328831950,2855776392,Ramarmdhn__
1993874240542789685,2025-11-27 12:31:36+00:00,0,@andreqve itu kopi tuku jir,1994021288369946771,,andreqve,in,,0,0,0,https://x.com/kpli_fressh/status/1994021288369946771,1793561548302188544,kpli_fressh
1994019547968622989,2025-11-27 12:24:41+00:00,0,Kopi tuku dapet insight gede sih,1994019547968622989,,,in,,0,0,0,https://x.com/solehdluffy/status/1994019547968622989,228254017,solehdluffy
1994019460429299897,2025-11-27 12:24:21+00:00,2,Jun kalo masih ada di sini mending besok ikut merumput ma kita. Cobain bakso malang softball jun sama kopi tuku @ xiaojun,1994019460429299897,,,in,,2,5,1,https://x.com/nssy317/status/1994019460429299897,1493543058075357187,nssy317
1993912582907023689,2025-11-27 12:20:33+00:00,0,@txtdrkuliner Ternyata ak menemukan kopi terenak selain tuku yaitu animo bakery😭🫵🏼,1994018503771488722,,txtdrkuliner,in,,0,0,0,https://x.com/parahpampam/status/1994018503771488722,1943989218,parahpampam
1994016919545106613,2025-11-27 12:14:15+00:00,0,kopi tuku be like: “ada2 aja anjir bikin terlibat”,1994016919545106613,,,in,,0,0,0,https://x.com/404where/status/1994016919545106613,744859698,404where
1994016265732805094,2025-11-27 12:11:39+00:00,1,"Buset ribut sampe jadi isu nasional, ini mah yang paling cuan Kopi Tuku. free marketing",1994016265732805094,,,in,,0,0,0,https://x.com/fikriakhmd/status/1994016265732805094,1073209855878426624,fikriakhmd
1993993600921895049,2025-11-27 12:00:16+00:00,0,@draftngantuk Kopi terenak menurutku kpi tuku,1994013402281193611,,draftngantuk,in,,0,0,0,https://x.com/kurnia1819/status/1994013402281193611,1854157004199325696,kurnia1819
1994012216543379599,2025-11-27 11:55:34+00:00,1,"Kopi, TUKU.
Stasiun @mrtjakarta , TUKU.
Tumbler, TUKU.
Apa gak ada rencana ""naming"" stasiun @CommuterLine  Rawa Buntu menjadi TUKU.
Ttd 
Tetangga yang baik.
😄",1994012216543379599,,,in,,0,0,0,https://x.com/hsolichin/status/1994012216543379599,1360992242,hsolichin
1993972670224883818,2025-11-27 11:54:34+00:00,15,"@scrnsyt @tokokopituku ini sih mesti diangkat jadi DUTA KOPI TUKU....gmn, engagement naik drastis ya hari ini? 😁",1994011965857857597,,scrnsyt,in,,0,0,0,https://x.com/highwaytoXLAND/status/1994011965857857597,1800712604425637888,highwaytoXLAND
1994011312091811902,2025-11-27 11:51:58+00:00,0,"Cek Official Stainless Non Handle Tumbler, Kopi Tuku dengan harga Rp279.000. Dapatkan di Shopee sekarang! https://t.co/m8ztpZXXfh https://t.co/dCTssAD1dV",1994011312091811902,https://pbs.twimg.com/media/G6wmmFtaUAA69Fp.jpg,,in,,0,0,0,https://x.com/ClouDy57327657/status/1994011312091811902,1650756258646102016,ClouDy57327657
1994010855105843492,2025-11-27 11:50:09+00:00,0,"tuku harusnya segera tap in, kirim kopi atau apa kek ke mas2 KAI yang dipecat 😄",1994010855105843492,,,in,,0,0,0,https://x.com/sivaganiska/status/1994010855105843492,799922515648790528,sivaganiska
1994010776462561560,2025-11-27 11:49:50+00:00,0,Penjualan kopi Tuku hari ini 📈↗️,1994010776462561560,,,in,,0,0,0,https://x.com/xenophile___/status/1994010776462561560,1412226378297085953,xenophile___
1994009233139155204,2025-11-27 11:43:42+00:00,1,"just read a thread about tumbler tuku yang hilang di kereta, like whattt?! shame on you mba dan masnya. asli sakit jiwa anjr. perkara tumbler 300rb, ada orang yg kehilangam pekerjaan. gilaaaa, baru pake tumbler kedai kopi aja dah belagu gmn kalo pake corkcicle",1994009233139155204,,,in,,0,0,0,https://x.com/freakinabeel/status/1994009233139155204,1420688552,freakinabeel
1994005289256014308,2025-11-27 11:28:02+00:00,3,Local apparel pasar santa bf Bergema riuhmu di toko kopi TUKU sore istri dari masa depan tiktok 11k followers 20 si se sa following terbuang dalam waktu sound status whatsapp instagram newlyweds kita ke bandung lusa rony parulian salma spotify gf core,1994005289256014308,,,in,,0,2,0,https://x.com/QUEERAUSAHAAN/status/1994005289256014308,1403795795636150272,QUEERAUSAHAAN
1994004831397401022,2025-11-27 11:26:13+00:00,0,Kopi Tuku dapat promosi tumbler gratis nih..,1994004831397401022,,,in,,0,0,0,https://x.com/AnthonyBun/status/1994004831397401022,55858456,AnthonyBun
1994004290319655097,2025-11-27 11:24:04+00:00,0,"Cek Tuku Tukucur Kopi Susu Tetangga, Normal 1 Liter dengan harga Rp120.000. Dapatkan di Shopee sekarang! https://t.co/9LkwHtPDmV https://t.co/APUCvxwgAl",1994004290319655097,https://pbs.twimg.com/media/G6wgVb2a0AEGcfi.jpg,,in,,0,0,0,https://x.com/yolehyola/status/1994004290319655097,973077666,yolehyola
1994004180835684608,2025-11-27 11:23:38+00:00,0,"Kopi Tuku be like:

'Mayan marketing gratis'",1994004180835684608,,,in,,0,0,0,https://x.com/ArcticMooy/status/1994004180835684608,56708930,ArcticMooy
1993708778370600995,2025-11-27 11:21:51+00:00,0,"@AldhitamaR Setuju, kopi tuku bkl dpt exposure tinggi bgt",1994003734897283490,,AldhitamaR,in,,0,0,0,https://x.com/__odeeeyy/status/1994003734897283490,1752856485800099840,__odeeeyy
1994002593090019840,2025-11-27 11:17:19+00:00,1,"Rumor pemecatan pegawai KAI gara-gara tumbler Kopi Tuku yang sempat viral dibantah tegas oleh pihak KAI. Isu liar di medsos dipastikan tidak benar, KAI klaim penanganan sesuai prosedur, bukan pemecatan.

Sumber: https://t.co/WUlhSXbHj8, threads anitadewl
Sumber Visual: https://t.co/rUiXDq7w5Z",1994002593090019840,https://pbs.twimg.com/media/G6wex7ia0AAKOcp.jpg,,in,,0,0,0,https://x.com/theogidn/status/1994002593090019840,1893972431888592897,theogidn
1994001921934544937,2025-11-27 11:14:39+00:00,0,"1 hal lucu dari kasus tumbler ini adalah si istri pake tumbler tuku &amp; kayaknya pelanggan kopi tuku juga, padahal suaminya kerja jadi qc staff di merk es kopi saingannya tuku wkwkwk",1994001921934544937,,,in,,0,0,0,https://x.com/wlnmstk/status/1994001921934544937,364678844,wlnmstk
1993932975021728179,2025-11-27 11:12:44+00:00,6,@SimoTheSnyper @sitsnoe @KAI121 @CommuterLine Tadi ada yg komen katanya masih ada kopinya banyak (gk tau isi kopi Tuku atau bukan). Mungkin dia emng pecinta kopi Tuku jd tantrum gtu masih banyak isian kopinya,1994001438679404799,,SimoTheSnyper,in,,1,0,0,https://x.com/appleessii/status/1994001438679404799,917062432526233600,appleessii
1994000773123068075,2025-11-27 11:10:05+00:00,3,"mungkin dia nih baby blues kali ya, umumnya ibu2 abis melahirkan yg lebih penting mah pumpingan dan cooler bagnya. tumblr tuku bisa beli lagi, karena dibanding beli kopi ditumblr urgensinya lebih ke alat buat mengasihi anaknya, tp yaaaa🤷🏼‍♀️",1994000773123068075,,,in,,0,0,0,https://x.com/azzartz/status/1994000773123068075,1016203912854921216,azzartz
1994000506222694562,2025-11-27 11:09:02+00:00,0,Kopi tuku pls boikot anita &amp; suami,1994000506222694562,,,in,,0,0,0,https://x.com/taegurl_/status/1994000506222694562,812145880924991488,taegurl_
1993956277945553442,2025-11-27 11:06:56+00:00,0,"@RefublikAteis Bener juga

Alvin aja beli kopi di Tuku. Berarti dia lebih tahu mana yang lebih enak.",1993999977962721510,,RefublikAteis,in,,0,1,0,https://x.com/ViyataBhakti/status/1993999977962721510,1603576722263543808,ViyataBhakti
1993997437909053767,2025-11-27 10:56:50+00:00,2,"Kali ini makin luas labelling orang tentang ""mbak mbak kopi tuku"" jir wkwkw.

Ga ikutan labelling, tapi komen orang sekarang arahnya langsung classify golongan tertentu dan itu seremmm.",1993997437909053767,,,in,,0,1,0,https://x.com/rxzkammr_/status/1993997437909053767,844895260614438913,rxzkammr_
1993997062392918197,2025-11-27 10:55:21+00:00,1,"Siapa yang besok siang nganggur? Temenin aku dong. Cwk only yach, aku jajanin kopi tuku ntar. Trims!",1993997062392918197,,,in,,0,7,0,https://x.com/tempeultra/status/1993997062392918197,49618948,tempeultra
1993900129305149752,2025-11-27 10:49:03+00:00,0,"@itsSoeprapto @tanyarlfes Kopi Tuku bisa bgt jadi pahlawan di moment ini, rekrut Abangnya jd Karyawan, terus blacklist seumur hidup Pasutri kontol itu, kopi Tuku dipihak netizen behh apa gak naik itu sales dan popularitas.",1993995478305001840,,itsSoeprapto,in,,0,1,0,https://x.com/verylateblossom/status/1993995478305001840,1332094435,verylateblossom
1993995062683029848,2025-11-27 10:48:32+00:00,0,"@masyazidhm Harga tumbler TUKU bervariasi tergantung model. Di situs resmi, Mug Stainless Rp 85.000 dan Cangkir Stainless Rp 175.000. Yang viral belakangan ini sekitar Rp 225.000. Cek detail di https://t.co/l44YAneqtG!",1993995348994658748,,masyazidhm,in,,0,0,0,https://x.com/grok/status/1993995348994658748,1720665183188922368,grok
1993924805113110792,2025-11-27 10:45:26+00:00,0,@pipis Kopi tuku bagian marketingnya kurang hot,1993994569227358284,,pipis,in,,0,0,0,https://x.com/tohaaam_/status/1993994569227358284,513231992,tohaaam_
1993626982257729815,2025-11-27 10:45:14+00:00,32,"@dimanchenue @ssnappeas kalo mau keren sih Kopi Tuku rekrut Mas Argi, dan blacklist Pasutri kontol itu seumur hidup, pajang mukanya disetiap toko kopinya, Kopi TUKU Tidak terima Customer Pasutri Problematik!",1993994517918437478,,dimanchenue,in,,0,1,2,https://x.com/verylateblossom/status/1993994517918437478,1332094435,verylateblossom
1993870943358472439,2025-11-27 10:45:06+00:00,1,"@ardi_tama1 Lakinya barista? Tp tetap beli tuku?
Kopi buatan laki u se gaenak itu kah wkwkw",1993994483579678728,,ardi_tama1,in,,0,0,0,https://x.com/adtcsr/status/1993994483579678728,251562828,adtcsr
1993993408957042789,2025-11-27 10:40:49+00:00,0,saking perfectnya kopi tuku yg bikin jelek costumernya sendiri wkwk,1993993408957042789,,,in,,0,0,0,https://x.com/abdullahfadlan/status/1993993408957042789,725484343,abdullahfadlan
1993989021127856613,2025-11-27 10:39:16+00:00,0,"@BismillahLurah @problusher ㅤㅤㅤ
Bner. Khusus kopi tuku.
  ⠀",1993993016655401131,,BismillahLurah,in,,0,0,0,https://x.com/thehscode/status/1993993016655401131,1135497252028395521,thehscode
1993992005563895852,2025-11-27 10:35:15+00:00,1,"Nih tumblernya Mba Anita, tumbler kopi tuku. gede lagi 🤣",1993992005563895852,,,in,,0,0,0,https://x.com/muhammedprayudi/status/1993992005563895852,115079712,muhammedprayudi
1993991531347542257,2025-11-27 10:33:22+00:00,0,Seru banget ngikutin kasusnya mbak-mbak tumblr kopi tuku.,1993991531347542257,,,in,,0,0,0,https://x.com/rielsit/status/1993991531347542257,1965667364399460352,rielsit
1993989578299232560,2025-11-27 10:25:36+00:00,0,"Saya kira tuku kolaborasi sama KAI, tuku jualan kopi di kereta

Ga taunya masalah tumbler🗿",1993989578299232560,,,in,,0,0,0,https://x.com/syahbara/status/1993989578299232560,723445320,syahbara
1993989318902468809,2025-11-27 10:24:34+00:00,1,"8. BARU AJA PEMRED @mnctrijaya @gaibfiles MUJI2 KOPI TUKU! Makasih pak @jokowi 7️⃣ pernah bikin memori indah terkait KOPI TUKU. Saya ingat banget, sejak itu animo  NGOPI KOPI LOKAL bergairah lagi sampai sekarang! Salah 1 jejak langkah pak jokowi. Thank sir! https://t.co/PA560LSsYR",1993989318902468809,https://pbs.twimg.com/media/G6wSt-6aYAA67WX.jpg,,in,,0,0,0,https://x.com/intanalyze/status/1993989318902468809,218477659,intanalyze
1993989307825324118,2025-11-27 10:24:32+00:00,0,POV Kopi Tuku : promo gratis nih guysss,1993989307825324118,,,in,,0,0,0,https://x.com/diarprahandy/status/1993989307825324118,206740732,diarprahandy
1993856827788845436,2025-11-27 10:06:55+00:00,0,"@tanyakanrl karena yg jadi masalah tumblernya Tuku, alangkah bijak kalau Kopi Tuku menghire mas Agri jadi pegawainya. Sambil nyindir tipis tipis ke KAI dan mbak yg viralin 😅",1993984876195008708,,tanyakanrl,in,,0,0,0,https://x.com/indrotolo/status/1993984876195008708,590600131,indrotolo
1993870943358472439,2025-11-27 09:58:50+00:00,143,"@ardi_tama1 gue kalo jadi tim kopi tuku mah ambil moment memperkerjakan mas agri, dan kopi gratis buat mas-mas yang kena sp, bikin campign tumblr desain baru",1993982839705227765,,ardi_tama1,in,,1,9,9,https://x.com/theevedel/status/1993982839705227765,1376397944358805510,theevedel
1993981632274157712,2025-11-27 09:54:02+00:00,0,Yopo iki arep tuku paket mpasi malah sing metu perlengkapan kopi! Anake lahir ga di kei asi malah di gawekno japanese v60! https://t.co/xmpY797f3t,1993981632274157712,https://pbs.twimg.com/media/G6wLueMbUAAKuuS.jpg,,in,,0,0,0,https://x.com/ashabulcoffe/status/1993981632274157712,532119153,ashabulcoffe
1993981487298040053,2025-11-27 09:53:27+00:00,0,"Jagad maya ramai masalah tumbler Tuku,

Aku hari ini butuh waktu 1 shift kerja buat ngabisin 1 cup kopi Tuku.
Kopi Tuku beli di deket SPBU BP, no Ice, makanya nggak jadi encer seiring waktu.

Let's see lambungku bagaimana.",1993981487298040053,,,in,,0,0,0,https://x.com/krisna_dimas/status/1993981487298040053,126180001,krisna_dimas
1993980604233261224,2025-11-27 09:49:57+00:00,0,Pihak kopi Tuku nggak mau ngeluarin promo buat beli Tumblr biru tantrumnya? biar lucu dan biar ~riding the wave~ https://t.co/tlSFspLTZ5,1993980604233261224,https://pbs.twimg.com/tweet_video_thumb/G6wKyRCa0AE8VyF.jpg,,in,,0,0,0,https://x.com/JustChillMaan69/status/1993980604233261224,1408263934793064449,JustChillMaan69
1993978886313443356,2025-11-27 09:43:07+00:00,1,"Pokoknya, buat Kopi Tuku, yang namanya “ANITA” jangan diladenin! Apalagi kalau namanya “YATI”. 😡",1993978886313443356,,,in,,0,0,0,https://x.com/hiraishin33/status/1993978886313443356,94752612,hiraishin33
1993978669614911818,2025-11-27 09:42:15+00:00,48,"Bentar, dari struk yang terlihat di gambar Tumbler Kopi TUKU, ternyata harganya Rp99 ribu sekian.

CUMA DEMI TUMBLER TUKU RP100 RIBU ELU BIKIN ORANG DIPECAT.

Sakit jiwa.",1993978669614911818,,,in,,2,6,8,https://x.com/6_arung/status/1993978669614911818,1805234582926864384,6_arung
1993912582907023689,2025-11-27 09:28:53+00:00,0,"@txtdrkuliner Terakhir minggu lalu minum kopi tuku malemnya gabisa tidur dan perut bergas banget. Tumbenan kopinya kenceng bgt, biasanya aman",1993975302721270104,,txtdrkuliner,in,,0,0,0,https://x.com/larastianisa/status/1993975302721270104,268014399,larastianisa
1993974754278297861,2025-11-27 09:26:42+00:00,0,Widih calon brand ambassador kopi tuku ni wkwk,1993974754278297861,,,in,,0,0,0,https://x.com/gero_refly38/status/1993974754278297861,1878306251983253504,gero_refly38
1993974400048353607,2025-11-27 09:25:17+00:00,1,"Sebentar lagi TUKU akan memberikan Tumblr gratis kepada petugas TUKU yg Viral dan membuat Kopi TUKU semakin fly to the moon

Nice Marketing secara Gratis

Itulah dunia digital bekerja dengan memanfaatkan kasus VIRAL menjadi Marketing Produk",1993974400048353607,,,in,,0,0,0,https://x.com/paketaren/status/1993974400048353607,1223226425806737409,paketaren
1993974238513131766,2025-11-27 09:24:39+00:00,0,Kok yo ono wong tuku kopi espressone 16 shot 🥴,1993974238513131766,,,in,,0,1,0,https://x.com/boisonthedock/status/1993974238513131766,1798995741400313856,boisonthedock
1993973525237948520,2025-11-27 09:21:49+00:00,0,"😭😭😭😭😭
Semoga tuku makin jaya aja akibat masalah ini. Soalnya kopi favoritku",1993973525237948520,,,in,,0,0,0,https://x.com/lucykazu/status/1993973525237948520,83994831,lucykazu
1993972545956270329,2025-11-27 09:17:55+00:00,0,Sehebat apa sih tumbler tuku ini dlm menjaga panas kopi sampai segini rame nya?,1993972545956270329,,,in,,0,0,0,https://x.com/RicoBalige/status/1993972545956270329,1142661307776192513,RicoBalige
1993954582419165409,2025-11-27 09:15:47+00:00,0,"@Lilszaynie katanya itu tumblr kopi tuku (ato apapun namanya) beb, dr sananya emg harganya 300k (katanyaaaa). si petugas mau ganti tp si bego (anita) kaga mau, maunya harus ketemu itu tumblr. ya keknya si bego minta viral sih beb, dan jadilah viral",1993972006342312030,,Lilszaynie,in,,0,1,0,https://x.com/melodydaeroo/status/1993972006342312030,1731526433158332416,melodydaeroo
1993968393712521485,2025-11-27 09:01:25+00:00,0,"Perkara tumbler, satu endonesa ribut.. KAI, Tuku, Kantornya tempat investasi, Toko Kopi ampe temen lamanya yang diutangin kesebut semuaaaaa",1993968393712521485,,,in,,0,0,0,https://x.com/fayarboutz/status/1993968393712521485,110135293,fayarboutz
1993874240542789685,2025-11-27 09:01:01+00:00,0,@andreqve Lakinya kerja di roemahkoffie tp bini nya beli kopi sampai ke tumbler2 nya di tuku 😭🤣,1993968291275264376,,andreqve,in,,0,0,0,https://x.com/rikosha2/status/1993968291275264376,993220244,rikosha2
1993968182462198170,2025-11-27 09:00:35+00:00,1,Tolong mentionin akun kopi tuku gez... Biar argi diterima kerja di kopi tuku... Best riding wave,1993968182462198170,,,in,,0,1,0,https://x.com/ZoneVenomWar/status/1993968182462198170,398798880,ZoneVenomWar
1993708778370600995,2025-11-27 08:57:27+00:00,0,"@AldhitamaR poin selanjutnya, anita sekeluarga diblacklist dari kopi tuku biar ga beli",1993967392423366789,,AldhitamaR,in,,0,0,0,https://x.com/sesilianade/status/1993967392423366789,1360695852965130242,sesilianade
1993965589988298984,2025-11-27 08:50:17+00:00,1,"“Aa, Bapak pernah minum Tuku ga sih? Enak ga?” 
“Blm keknya, Aa jarang bawa Tuku juga kerumah. Gojek pun jauh mls. Kita mah sekeluarga team Indomaret Point &amp; Kopi Liong lagian juga” 

Kata gua ini Kakek-Kakek liat berita dihpnya dah 😂",1993965589988298984,,,in,,0,0,0,https://x.com/gajelaslonyet/status/1993965589988298984,825441728295424002,gajelaslonyet
1993963995657851321,2025-11-27 08:43:57+00:00,0,Stasiun Rawa Buntu Kopi Tuku,1993963995657851321,,,in,,0,0,0,https://x.com/prodbysugaofbts/status/1993963995657851321,2456598302,prodbysugaofbts
1993925916079399282,2025-11-27 08:36:35+00:00,0,"@urcalicow enyaakkk! tadi pagi aku beli ini. kopinya lebih creamy dibanding tuku, tapi dia lebih mahal dibanding kopi gerobakan lainnya",1993962141238673741,,urcalicow,in,,0,1,0,https://x.com/ceftazidimee/status/1993962141238673741,1451701161267023873,ceftazidimee
1993960515429937537,2025-11-27 08:30:07+00:00,74,"Sebelumnya, warganet ramai menyerbu akun Instagram Alvin, akun Threads Anita, akun PT KAI, akun resmi Kopi Tuku, hingga akun Instagram tempat Alvin bekerja, Roemah Koffie, sebagai bentuk protes atas sikap Anita dan Alvin sekaligus dukungan terhadap Argi.

Update berita https://t.co/cuEDnE82Lh",1993960515429937537,https://pbs.twimg.com/media/G6v4gNXboAAVfXC.jpg,,in,,4,17,27,https://x.com/Beritasatu/status/1993960515429937537,154102750,Beritasatu
1993957509162520769,2025-11-27 08:18:10+00:00,0,Kopi Tuku saatnya kau bersinar,1993957509162520769,,,in,,0,0,0,https://x.com/valscherry_/status/1993957509162520769,1384520566305005570,valscherry_
1993952309135724677,2025-11-27 08:12:26+00:00,0,@diselangkangen Takut banget abis ini dia d jadiin duta kopi tuku wkwkwk,1993956065847963889,,diselangkangen,in,,0,0,0,https://x.com/ishaisha88/status/1993956065847963889,1542853824687534081,ishaisha88
1993955963494387848,2025-11-27 08:12:02+00:00,1,"Btw ini faktap bgt kalo ternyata gimmick marketing tumbler Kopi Tuku. 

And already too late untuk iklan layanan Lost and Found KAI",1993955963494387848,,,in,,0,0,0,https://x.com/deemaz85/status/1993955963494387848,79986709,deemaz85
1993955253419647417,2025-11-27 08:09:12+00:00,0,"dunia gw sibuk banget sampe gw ketinggalan rame2 kopi tuku, ada apa si gaes",1993955253419647417,,,in,,0,0,0,https://x.com/gelapguwita/status/1993955253419647417,1134812020010758146,gelapguwita
1993912582907023689,2025-11-27 08:07:50+00:00,0,"@txtdrkuliner Udah nyoba banyak cabang, tetep gak suka kopi nya tuku hehe",1993954908715016617,,txtdrkuliner,in,,0,0,0,https://x.com/Dsasakman/status/1993954908715016617,1480511484597727233,Dsasakman
1993833680801005613,2025-11-27 08:06:50+00:00,0,"@piyindasaf1 @jouhnnyjsuh Sebelum KOPI TUKU  nya ada, tu TUMBLR udah ada dulu, jadi plis hargain guysss😋😋🤭",1993954655144153116,,piyindasaf1,in,,0,0,0,https://x.com/saltedeggay/status/1993954655144153116,1990922494455455744,saltedeggay
1993954632281018422,2025-11-27 08:06:47+00:00,0,"Warganet langsung simpati kepada Argi dan marah kepada Anita. Kolom komentar akun @anitadwdl diserbu hingga akhirnya ia menutup komentar. Nama Kopi Tuku—produk tumbler yang hilang—juga ikut terseret, bahkan ditagih netizen agar mempekerjakan Argi.",1993954645195325737,,Beritasatu,in,,0,1,0,https://x.com/Beritasatu/status/1993954645195325737,154102750,Beritasatu
1993708778370600995,2025-11-27 08:05:05+00:00,0,"@AldhitamaR Ayo Kopi Tuku, Bisa!",1993954213416849806,,AldhitamaR,in,,0,0,0,https://x.com/puthudhima/status/1993954213416849806,210369275,puthudhima
1993953269128024108,2025-11-27 08:01:19+00:00,1,Lu mau leading ke tumbler kan?!!!?  Wkwkwk kopi tuku tetangga no sugar enak banget no debat 🤤😌😋,1993953269128024108,,,in,,0,0,0,https://x.com/zarasyaa/status/1993953269128024108,42479056,zarasyaa
1993933040549257698,2025-11-27 07:53:51+00:00,0,@lesssimplesugar nda adapi mks tpi klo mau rasanya yg lebih enak dri tuku coba ki kds nya kopi sena,1993951388586659844,,lesssimplesugar,in,,0,1,0,https://x.com/bolbolwater/status/1993951388586659844,1430202480,bolbolwater
1993666895783035003,2025-11-27 07:53:35+00:00,0,"@_urcoffeemate Demi 99rb bikin mata pencaharian orang ilang sattttttt, semiskin apa hatimu met jamet

Si paling kopi tapi kopinya TUKU",1993951321465184440,,_urcoffeemate,in,,0,0,0,https://x.com/ambivalenceds/status/1993951321465184440,50182673,ambivalenceds
1993912582907023689,2025-11-27 07:50:39+00:00,0,"@txtdrkuliner tuku ni ada yg dkt Binus kl ga salah, apa gue salah masuk ya? mnrt gue enak, kek kopi pada umumnya. entah apa krn gue gbs bedain rasa kopi atau gmn??😩🙏",1993950581380284800,,txtdrkuliner,in,,0,0,0,https://x.com/ajegerezka/status/1993950581380284800,1871783760636841984,ajegerezka
1993804867928981564,2025-11-27 07:49:16+00:00,0,@shoemaker_lavy9 @simpelman_28 Btw Klo beli langsung di merchantnya itu lagi promo 99rb kak boleh di cek di merchant kopi tuku terdekat :),1993950236038054014,,shoemaker_lavy9,in,,0,0,0,https://x.com/kangcilok1910/status/1993950236038054014,1755231354017734656,kangcilok1910
1993942449270739176,2025-11-27 07:40:07+00:00,0,@irfendy Damn... Good PR for tuku... Ga ada akun x nya lagi tuh kopi,1993947932689912099,,irfendy,in,,0,1,0,https://x.com/ZoneVenomWar/status/1993947932689912099,398798880,ZoneVenomWar
1993947900070777046,2025-11-27 07:39:59+00:00,3,Coba tanya Anita Dewi dia mungkin lebih paham review Kopi Tuku 😀😃😊,1993947900070777046,,,in,,0,2,0,https://x.com/njogolathi/status/1993947900070777046,44338807,njogolathi
1993874240542789685,2025-11-27 07:39:51+00:00,0,@andreqve Adain tumbler ukuran 1.500lt biar sii anita kenyang di glonggongin kopi tuku,1993947865350328643,,andreqve,in,,0,0,0,https://x.com/Echyyy___/status/1993947865350328643,1231206388476416001,Echyyy___
1993946857534562727,2025-11-27 07:35:51+00:00,0,sebetulnya mbaknya ini pgn viral aja mau sampe dinotice pihak tuku nya diganti tumblr plus dikasi kopi setruk😭,1993946857534562727,,,in,,0,0,0,https://x.com/upeakaboogt/status/1993946857534562727,1570433163306102784,upeakaboogt
1993946098759778342,2025-11-27 07:32:50+00:00,1,"Tuku coffee kata w, Take the waves make up your brand awareness, hire mas2 yg dpecat sama @KAI121",1993946098759778342,,,in,,0,0,0,https://x.com/nyoM00N/status/1993946098759778342,1990011366032453632,nyoM00N
1992100237251629503,2025-11-27 07:27:59+00:00,2,@sintasnap @anitadewii @CommuterLine @KAI121 hayoo...ini mas argi akhirnya di hire balik sm @KAI121 atau malah sm Kopi Tuku? hihihi...sabi ini jadi film pendek di youtube,1993944880847179931,,sintasnap,in,,0,0,0,https://x.com/rhr24_/status/1993944880847179931,1210763196149059585,rhr24_
1993944523626746229,2025-11-27 07:26:34+00:00,0,wkwkwk anjg lah ngerusak brandingan tuku aje. kopi paporit aing😭,1993944523626746229,,,in,,0,0,0,https://x.com/sugaringchannie/status/1993944523626746229,1457695557045022720,sugaringchannie
1993875343376281989,2025-11-27 07:26:17+00:00,0,"@lonerhelios yg dulu minum janji jiwa udah lulus terus kerja sekarang ganti minumannya kopi tuku
btw jusi lusinya mana wkwk",1993944451987984495,,lonerhelios,in,,0,0,0,https://x.com/DennySeggssegar/status/1993944451987984495,1492848282355515395,DennySeggssegar
1993939104921534968,2025-11-27 07:20:13+00:00,0,@irfanteguh @ucingsunda Aslina wa https://t.co/szkJ9FM60R,1993942924921590050,,irfanteguh,in,,0,1,0,https://x.com/mudofarisme/status/1993942924921590050,232851872,mudofarisme
1993942740166709354,2025-11-27 07:19:29+00:00,0,Ga jadi beli kopi Tuku. Beli kopi Starling aja...,1993942740166709354,,,in,,0,1,0,https://x.com/debapirez/status/1993942740166709354,134413496,debapirez
1993942449270739176,2025-11-27 07:18:20+00:00,0,Kopi tuku bisa riding the wave nih...,1993942449270739176,,,in,,0,2,0,https://x.com/ZoneVenomWar/status/1993942449270739176,398798880,ZoneVenomWar
1993942439800025464,2025-11-27 07:18:17+00:00,0,jadi pengen kopi tuku,1993942439800025464,,,in,,0,0,0,https://x.com/meythilda/status/1993942439800025464,1106606655523835904,meythilda
1993941880770580592,2025-11-27 07:16:04+00:00,0,senengbgt.. aku bilanh aku lagi butuh kopi n my mom offered kopi tuku or fore… dis is life yall ilovemymom,1993941880770580592,,,in,,0,0,0,https://x.com/puyiing/status/1993941880770580592,1815376249575157760,puyiing
1993941713409462376,2025-11-27 07:15:24+00:00,0,"Udah masuk BDS, masih mending kopinya Point Coffee, Tuku, Tomoro, Fore etc

Tumbler2 mereka lucu2 semua sih, tapi gw mending beli tumbler yg modelnya sama dari coffee shop lokal, apalagi yg underrated. Looking at y'all, Sandaé &amp; Impression Cafe.",1993941713409462376,,,in,,0,0,0,https://x.com/Ratryoshka/status/1993941713409462376,18886702,Ratryoshka
1993833680801005613,2025-11-27 07:09:44+00:00,2,@piyindasaf1 @jouhnnyjsuh Emang Kopi Tuku udah ada dari zaman nenek moyangnya kah😭😭😭,1993940284284309565,,piyindasaf1,in,,0,1,0,https://x.com/ahacugemoy/status/1993940284284309565,1314446527029362689,ahacugemoy
1993874240542789685,2025-11-27 07:05:59+00:00,0,@andreqve Menurut ku sih petugas kai yg dipecat boleh lah dapet endorse dari kopi tuku,1993939340662313353,,andreqve,in,,0,0,0,https://x.com/peeekaboy/status/1993939340662313353,1040119846766145536,peeekaboy
1993938827170476301,2025-11-27 07:03:56+00:00,0,rame banget tuka tuku jadi pengen kopi,1993938827170476301,,,in,,0,0,0,https://x.com/fayedust/status/1993938827170476301,1619969374328344576,fayedust
1993936723550810544,2025-11-27 06:55:35+00:00,0,"Spill promo kopi ayo klaim sekarang

Kopi Calf
https://t.co/9JZ29zIs09

Kopi Tuku
https://t.co/vkZDvhSw1K

Kopi Philosophy
https://t.co/Q7X7vX5fiP

Kopi Kenangan
https://t.co/W98Ul1yEow

Janji Jiwa
https://t.co/4Ruwz0dceq",1993936723550810544,,,in,,0,0,0,https://x.com/ike_tjn/status/1993936723550810544,513346093,ike_tjn
1993936006127734902,2025-11-27 06:52:44+00:00,0,Semoga lelahmu menjadi tumblr kopi tuku,1993936006127734902,,,in,,0,0,0,https://x.com/Firdaus_H_I/status/1993936006127734902,1562743831,Firdaus_H_I
1993912582907023689,2025-11-27 06:51:47+00:00,9,"@txtdrkuliner Bingung bisa beda rasa. Sejauh ini paling enak di GBK. Kalo langganan di Kemanggisan. 

Sering beli beansnya juga. Kalo mau bikin ala-ala kopi Tuku di rumah, paje yang Tetangga Blend. Arabica sih, tapi roastingannya gelap dan kuat kopinya.",1993935768818213190,,txtdrkuliner,in,,0,0,0,https://x.com/guardiamoavant/status/1993935768818213190,1602931440,guardiamoavant
1993935303007195638,2025-11-27 06:49:56+00:00,0,Tuku tolonglah nih orang banned aja beli kopi di kalian,1993935303007195638,,,in,,0,0,0,https://x.com/seasunskies/status/1993935303007195638,1255967717066067969,seasunskies
1993935289744805923,2025-11-27 06:49:53+00:00,0,Sa Endonesia ka Useup ku marketing kopi tuku? Wkwkw,1993935289744805923,,,in,,0,0,0,https://x.com/Despairpart/status/1993935289744805923,1285833354,Despairpart
1993867906279723074,2025-11-27 06:49:02+00:00,0,"@bea___d morninggggg mbuy jgn lama2 mia nya ntr aku kgn:&lt; aku kl ke tuku kopi susu tetangga less sugar, fore triple peach/berry manuka, tomoro suka bgt sm matcha pistachio, sisanya kl butuh cepet selalu latte atau americano!! matcha ga specific tp selalu pesen yg less sugarr^___^",1993935076783268318,,bea___d,in,,0,1,0,https://x.com/84everzn/status/1993935076783268318,1846618946906345473,84everzn
1993934395754082422,2025-11-27 06:46:20+00:00,0,"Kopi Tuku catching stray bullets today. Tumbler murah, jelek LOL",1993934395754082422,,,in,,0,0,0,https://x.com/RefinedM5/status/1993934395754082422,86534136,RefinedM5
1993222760118861877,2025-11-27 06:42:57+00:00,0,"@txtdrkuliner Kopi no 1 favorit gue yang jelas.
Kedua Tuku.",1993933545199616015,,txtdrkuliner,in,,0,0,0,https://x.com/supinasi/status/1993933545199616015,625276388,supinasi
1993932749842075969,2025-11-27 06:39:47+00:00,6,Meanwhile Kopi Tuku enjoying free publicity dari kasus ini from afar https://t.co/NgbeCMfbTY,1993932749842075969,https://pbs.twimg.com/tweet_video_thumb/G6vfQ4SasAAjqJe.jpg,,in,,0,0,0,https://x.com/MilanOutLoud/status/1993932749842075969,1498733456,MilanOutLoud
1993867412836319502,2025-11-27 06:32:14+00:00,1,"@allisfairy @dameeechan @tanyarlfes ga ada yg belain kakk, aku jg gedek. cuma lurusin aja kalo liat dari struk itu dia beli kopi 25k &amp; nomor antrian 99k (no antrian tuku emg gede). soalnya jd pada bilang harga tumbler 99k",1993930848488612249,,allisfairy,in,,0,0,0,https://x.com/qqtrk/status/1993930848488612249,918519846794510336,qqtrk
1993930084915532216,2025-11-27 06:29:12+00:00,0,Apasi kopi tuku ni,1993930084915532216,,,in,,0,0,0,https://x.com/reiberasumsi/status/1993930084915532216,1911110807850799104,reiberasumsi
1993867412836319502,2025-11-27 06:28:45+00:00,0,"@tanyarlfes Ngeselin banget ini pasutri ckckck.

Anw, Kopi Tuku bisa lho step up riding the wave buat rekrut Mas Argi. Just saying.",1993929974118797317,,tanyarlfes,in,,0,0,0,https://x.com/xxtrashot8/status/1993929974118797317,243022886,xxtrashot8
1993929716685001015,2025-11-27 06:27:44+00:00,1,"Enak bgt, bahkan ibuku yang tidak pernah minat minum kopi sampe rela ikut antri tuku😭",1993929716685001015,,,in,,0,0,0,https://x.com/doyoulofmee/status/1993929716685001015,1095075259550556161,doyoulofmee
1993929698196509114,2025-11-27 06:27:40+00:00,9,"(Ringkasan dari @grok , diedit oleh @OpenAI)

Insiden viral baru-baru ini melibatkan seorang penumpang KRL bernama Anita yang kehilangan tumbler merek Tuku Kopi di dalam kereta. Kejadian bermula ketika Anita menitipkan cooler bag berisi tumbler tersebut kepada petugas Passenger",1993929698196509114,,,in,,0,1,0,https://x.com/yonathandinata/status/1993929698196509114,50264178,yonathandinata
1993870943358472439,2025-11-27 06:26:37+00:00,5693,"@ardi_tama1 terobsesi ama tumblr, kopi tuku, naik krl, tinggal di bsd, jahat ke sesama pekerja wkwk
tipikal kmn ngehe bgd tebak band favoritnya pasti jusi lusi wkwk",1993929435154927850,,ardi_tama1,in,,139,127,398,https://x.com/DennySeggssegar/status/1993929435154927850,1492848282355515395,DennySeggssegar
1993929192027918626,2025-11-27 06:25:39+00:00,4,"Next bahas Makmur Jaya ama tuku dong min…
Sekilas gua liat rasa kopi mereka mirippp bngttt 
Dan personally I would Say Makmur Jaya better than Tuku

In terms of their Kopsus 😆",1993929192027918626,,,in,,1,1,0,https://x.com/Juann_lee/status/1993929192027918626,1166610839627075584,Juann_lee
1993928594503143436,2025-11-27 06:23:16+00:00,0,"Temen""nya anita sama haris pada ngebelain katanya si mbaknya stres skrg padahal lg menyusui, dan menyalahkan petugas pas serah terima barang ga ngecek dulu. Gpp, gw bantu doa aja biar asi nya keluar kopi Tuku biar anaknya kenyang trus, amin 🤲",1993928594503143436,,,in,,0,0,0,https://x.com/adiovlad/status/1993928594503143436,139681306,adiovlad
1993924805113110792,2025-11-27 06:22:01+00:00,13,"@pipis Kalo mau riding the wave, Tuku bisa mempekerjakan ex karyawan KAI tsb. Kalo mau lebih petty lagi, kirim kopi ke alamat pasutri tsb di BSD, divideoin, dijadikan konten. Gimana kalo si pasutri ga setuju? Ya harus setuju, kan kopinya sudah nyampe depan rumah mereka.",1993928277485031538,,pipis,in,,0,1,1,https://x.com/RealMulyono/status/1993928277485031538,150961245,RealMulyono
1993927679893266745,2025-11-27 06:19:38+00:00,0,gara2 dia gw jd pen minum tuku pdhl ga suka kopi 😔,1993927679893266745,,,in,,0,0,0,https://x.com/pingwipingwi/status/1993927679893266745,71979323,pingwipingwi
1993915347691557358,2025-11-27 06:18:42+00:00,0,@kelixmann @KAI121 Tatapiii kopi tuku tumbler ilang...,1993927445054148899,,kelixmann,in,,0,0,0,https://x.com/el_jastip/status/1993927445054148899,1644687268299563009,el_jastip
1993924121588322449,2025-11-27 06:05:30+00:00,0,"ngakak bgt. jadi free marketing buat tuku, amal ibadah lu karna udah buat kopi enak.
thanks tuku 🫶 love youu",1993924121588322449,,,in,,0,0,0,https://x.com/oormiek/status/1993924121588322449,1323931565374672896,oormiek
1993923859716952263,2025-11-27 06:04:43+00:00,0,"kopi tuku
https://t.co/nzlR44X5FJ

shihlin
https://t.co/dV52osIeKw https://t.co/rECovjIFxA",1993923923411665143,https://pbs.twimg.com/media/G6vXPcJa0AA2i0Y.jpg,dyysyeee,in,,0,1,0,https://x.com/dyysyeee/status/1993923923411665143,1937115249125306368,dyysyeee
1993923833158619576,2025-11-27 06:04:21+00:00,0,Omzet penjualan kopi tuku : 📈📈📈📈,1993923833158619576,,,in,,0,0,0,https://x.com/kylvy_/status/1993923833158619576,1743113780845043712,kylvy_
1993923567852114099,2025-11-27 06:03:18+00:00,0,pantesan dari kemarin pengen donat mochi bunaaca pengen donat kopi tuku pengen donat donat donat ternyata karena mau datang bulan,1993923567852114099,,,in,,0,0,0,https://x.com/27fone/status/1993923567852114099,1502982643385712640,27fone
1993708778370600995,2025-11-27 06:00:59+00:00,1,@AldhitamaR Ternyata kopi tuku ada kemasan gini https://t.co/n2CAsDBo73,1993922985397469321,,AldhitamaR,in,,1,0,1,https://x.com/wendysaldillaa/status/1993922985397469321,892706603287232512,wendysaldillaa
1993922399990174152,2025-11-27 05:58:40+00:00,3,"Jadi free marketing buat tuku ye, amal ibadah loe karna uda buat kopi enak.
Thanks @tuku",1993922399990174152,,,in,,0,0,0,https://x.com/Rarestofflower/status/1993922399990174152,1844583996568764420,Rarestofflower
1993921287341892033,2025-11-27 05:54:14+00:00,5,"pasti anita dewi ini tipikal cewek bawa scoopy, fazzio, atau stylo pake helm bogo tapi kakinya gak nyampe, dan beli kopi tuku terus piknik2 gitu di hutan kota gbk. tipikal.",1993921287341892033,,,in,,0,2,0,https://x.com/patrickthemoney/status/1993921287341892033,719066785,patrickthemoney
1993920623484260788,2025-11-27 05:51:36+00:00,0,Gua ngakak baca ignya kopi tuku perkara kasus tumbler 😭,1993920623484260788,,,in,,0,1,0,https://x.com/yafnqing/status/1993920623484260788,924803228264382464,yafnqing
1993919842983071783,2025-11-27 05:48:30+00:00,0,Soal ribut-ribut tumbler Tuku: orang Indonesia kayaknya belum bisa mentarget sesuatu dengan efektif. Me-review negatif kedai kopi yang kemungkinan bukan milik ybs is lazy.,1993919842983071783,,,in,,0,0,0,https://x.com/RealMulyono/status/1993919842983071783,150961245,RealMulyono
1993918690358964354,2025-11-27 05:43:55+00:00,0,"Kau teguk Tuku, kudiam turu
Pergi ke Fore, kuhanya bisa jadi tim hore
Mencoba Makmur Jaya, terbujur kaku tak pernah berdaya
Semua Kenangan lenyap sesap dalam cangkir kopi tak bertuan
#BikinLirik #Bars #Tuku #Fore #MakmurJaya",1993918690358964354,,,in,,0,0,0,https://x.com/constantane/status/1993918690358964354,57517177,constantane
1993804867928981564,2025-11-27 05:40:19+00:00,0,"@Rimmer48 @simpelman_28 Tumbler yang hilang adalah Tumbler Stainless Handle TUKU (brand Kopi Tuku), harga Rp225.000, stainless steel 350ml dengan pegangan, tahan panas 8 jam &amp; dingin 18 jam. Warna biru seperti di foto postingan Anita.",1993917783973982517,,Rimmer48,in,,0,0,0,https://x.com/grok/status/1993917783973982517,1720665183188922368,grok
1993916583278989420,2025-11-27 05:35:33+00:00,0,butuh kopi tuku,1993916583278989420,,,in,,0,0,0,https://x.com/Aseteride/status/1993916583278989420,97616318,Aseteride
1993915741532492086,2025-11-27 05:32:12+00:00,0,"List Promo Shopeefood ⏬

Momoyo
https://t.co/lR5VckbpTo

Mie Gacoan
https://t.co/zhw8ShZX59

Sushi Yay
https://t.co/nP5G7M4fBm

Kopi Tuku
https://t.co/MfGSI6GHkv

HokBen
https://t.co/wlHXpzBzoN

Solaria
https://t.co/gbYufBVYdi

Hotways Chicken
https://t.co/Qs0zTyAh7N https://t.co/HB2PzWv8pA",1993915741532492086,https://pbs.twimg.com/media/G6vPy5FacAACATO.jpg,,in,,0,0,0,https://x.com/m_mola9591/status/1993915741532492086,1882643851107848192,m_mola9591
1993914961207455807,2025-11-27 05:29:06+00:00,0,Tuku kalo si anita dateng bli kopi tolak aj,1993914961207455807,,,in,,0,1,0,https://x.com/babsonsaeng/status/1993914961207455807,1308305120426221571,babsonsaeng
1993892063398547642,2025-11-27 05:28:59+00:00,0,"@yaya_anya4 @tanyakanrl Post itu keluhan seseorang yang kehilangan tumbler ""Tuku-ku"" (mungkin dari Kopi Tuku) di kereta karena petugas PT KAI tidak bertanggung jawab. Tumblernya hilang, dia sedih 😭. Lalu kritik soal tumbler murah yang malah mematikan rezeki orang lain 🤡. Gambarnya meme pasangan kecewa",1993914930052124734,,yaya_anya4,in,,0,0,0,https://x.com/grok/status/1993914930052124734,1720665183188922368,grok
1993914222946996254,2025-11-27 05:26:10+00:00,0,seketika kopi tuku 📈,1993914222946996254,,,in,,0,0,0,https://x.com/callmeucuuuuu/status/1993914222946996254,1779537078294040576,callmeucuuuuu
1993913368571441657,2025-11-27 05:22:46+00:00,0,🧠kopi tuku : asik exsposuree naik,1993913368571441657,,,in,,0,0,0,https://x.com/jeemmira/status/1993913368571441657,2915650028,jeemmira
1993912582907023689,2025-11-27 05:19:39+00:00,953,Spill your honest review about Kopi Tuku https://t.co/0dKxzthIOl,1993912582907023689,https://pbs.twimg.com/media/G6vM69vbUAA_SvY.jpg,,in,,125,149,67,https://x.com/txtdrkuliner/status/1993912582907023689,1227546111662907392,txtdrkuliner
1993900129305149752,2025-11-27 05:16:36+00:00,0,"@tanyarlfes Gaesss stop dulu viralin tumbler kopi tuku ini, bisa minta tolong perhatiannya ke wilayah SUMATERA yg sedang kena musibah??? Hari ini aku dapet info di sumatera utara sana kena angin puting beliung dan di X malah TUMBLR TUKU YG TRENDING!!!",1993911813239656658,,tanyarlfes,in,,0,1,0,https://x.com/Sekai_burago/status/1993911813239656658,1670376443627581443,Sekai_burago
1993603322788602337,2025-11-27 05:16:31+00:00,6,@KAKEKME78455142 @bakuldimsum_ 98% akurat ... bedanya kopi tuku aja https://t.co/bMU6uwcp33,1993911794872803713,https://pbs.twimg.com/media/G6vMNeIa0AUHrhE.jpg,KAKEKME78455142,in,,0,0,0,https://x.com/lofiboy69/status/1993911794872803713,1274558865313427456,lofiboy69
1993603322788602337,2025-11-27 05:15:41+00:00,0,"@bakuldimsum_ Gaesss stop dulu viralin tumbler kopi tuku ini, bisa minta tolong perhatiannya ke wilayah SUMATERA yg sedang kena musibah??? Hari ini aku dapet info di sumatera utara sana kena angin puting beliung dan di X malah TUMBLR TUKU YG TRENDING!!!",1993911585656721527,,bakuldimsum_,in,,0,0,0,https://x.com/Sekai_burago/status/1993911585656721527,1670376443627581443,Sekai_burago
1993712699382042640,2025-11-27 05:15:12+00:00,0,"@DutGendutt Gaesss stop dulu viralin tumbler kopi tuku ini, bisa minta tolong perhatiannya ke wilayah SUMATERA yg sedang kena musibah??? Hari ini aku dapet info di sumatera utara sana kena angin puting beliung dan di X malah TUMBLR TUKU YG TRENDING!!!",1993911463497630128,,DutGenddutt,in,,0,0,0,https://x.com/Sekai_burago/status/1993911463497630128,1670376443627581443,Sekai_burago
1993610702062489951,2025-11-27 05:13:37+00:00,0,"@puuuttttt @KAI121 @CommuterLine Gaesss stop dulu viralin tumbler kopi tuku ini, bisa minta tolong perhatiannya ke wilayah SUMATERA yg sedah kena musibah??? Hari ini aku dapet info di sumatera utara sana kena angin puting beliung dan di X malah TUMBLR TUKU YG TRENDING!!!",1993911064363454715,,puuuttttt,in,,0,0,0,https://x.com/Sekai_burago/status/1993911064363454715,1670376443627581443,Sekai_burago
1993908255056384181,2025-11-27 05:02:27+00:00,0,ane kalo minum kopi susu tetangganya Tuku pasti abis itu sakit perut. Eh ternyata pernah baca resepnya dikasih santan dikit. oh pantaslah,1993908255056384181,,,in,,0,1,0,https://x.com/imamer/status/1993908255056384181,125579184,imamer
1993905075438473636,2025-11-27 04:49:49+00:00,0,Perkara Tumbler kopi tuku satt,1993905075438473636,,,in,,0,0,0,https://x.com/SusuSapiSegar78/status/1993905075438473636,843299084739870720,SusuSapiSegar78
1993902514622828752,2025-11-27 04:39:39+00:00,0,"Menurutku sih mending si anita2 itu viralin kisahnya POV sedih banget tumbler Tuku kesayangan hilang pdhl setia banget beli kopi Tuku dan tumbler itu dah nemenin lalalalala gitu...trus viralin, insyaaAllaah sama Tuku dikasih tumbler baru sekalian promosi. Iyo opo ra, ges?",1993902514622828752,,,in,,0,0,0,https://x.com/BeginiCeritany1/status/1993902514622828752,1276567658968702977,BeginiCeritany1
1993900256707400109,2025-11-27 04:30:40+00:00,32,"btw, kalian tau gasih kalo setiap kamis itu ada potongan harga spesial dari Kopi Tuku bagi siapapun yang bawa TUMBLER, iya, TUMBLER 😭 kamu gak salah baca kok🙂‍↕️😭 https://t.co/cUsdOru4M5",1993900256707400109,https://pbs.twimg.com/media/G6vBt2ZbkAAeL2H.jpg,,in,,0,31,0,https://x.com/faradiseye/status/1993900256707400109,1982816477259702273,faradiseye
1993691661327896650,2025-11-27 04:28:47+00:00,0,"@DutGendutt Kopi Tuku kudu gercep antisipasi, kalo ngga kebawa dampak ngga langsung, repot",1993899783359226244,,DutGenddutt,in,,0,0,0,https://x.com/mandegani/status/1993899783359226244,37363721,mandegani
1993603322788602337,2025-11-27 04:24:30+00:00,0,@bakuldimsum_ Gegara tumbler kopi Tuku yang isinya es teh jumbo 5rb,1993898702252200337,,bakuldimsum_,in,,0,0,0,https://x.com/manusiaberpasir/status/1993898702252200337,1787447879784943616,manusiaberpasir
1993898617351098419,2025-11-27 04:24:09+00:00,0,"aku lagi di kopi Tuku di Bandung, adakah yang mau jastip??",1993898617351098419,,,in,,0,1,0,https://x.com/jaeyoomi/status/1993898617351098419,1710516814634156032,jaeyoomi
1993712699382042640,2025-11-27 04:17:27+00:00,12,@DutGendutt Semoga air susu anita keluarnya air kopi tuku,1993896929038881161,,DutGenddutt,in,,4,2,0,https://x.com/Fdypwdn/status/1993896929038881161,183557082,Fdypwdn
1993721288557510827,2025-11-27 04:16:40+00:00,1,@dizzy_xxiv @ezash Wahh jangan sampe ikut merembet ke kopi tuku hanya karena deket dengan pelaku 🤣 langsung putus hubungan pertemanan,1993896733420736595,,dizzy_xxiv,in,,0,0,0,https://x.com/alcpnee/status/1993896733420736595,488288107,alcpnee
1993708778370600995,2025-11-27 04:16:34+00:00,0,@AldhitamaR yg aku pikirkan kak wkwkwkwk 👍🏻 plot twist nya gini hehe malu gaktu yg cari tumblr kopi tuku,1993896709102162065,,AldhitamaR,in,,0,0,0,https://x.com/yook_can_dothis/status/1993896709102162065,1177793991992954882,yook_can_dothis
1993895966039298302,2025-11-27 04:13:37+00:00,0,jahat banget mbanya...gua beliin dah tumblr tuku yang gede biar puas lu minum kopi,1993895966039298302,,,in,,0,0,0,https://x.com/woosden/status/1993895966039298302,1785470115670315008,woosden
1993856827788845436,2025-11-27 04:13:28+00:00,1,"@tanyakanrl owner kopi tuku lirik mas ini pliss, rekrut jadi manager",1993895926012985821,,tanyakanrl,in,,0,0,0,https://x.com/trafalgarrrlaw_/status/1993895926012985821,1970607920560881664,trafalgarrrlaw_
1993884256968515674,2025-11-27 03:27:06+00:00,0,Cuma gara2 tumblr kopi tuku ya jancokkkk sampe di pecat itu mas mas😭 aseli nangis banget orang kok pada tega sih 😭😭😭,1993884256968515674,,,in,,0,1,0,https://x.com/silverhonghong/status/1993884256968515674,1196646468,silverhonghong
1993884110654460306,2025-11-27 03:26:31+00:00,1,"Again, you owe this team a martabak djuara + kopi tuku bang @eaJPark 😭☝🏻",1993884110654460306,,,in,,0,1,0,https://x.com/projenfroze/status/1993884110654460306,989728631336222721,projenfroze
1993603322788602337,2025-11-27 03:17:51+00:00,0,@vinsney @bakuldimsum_ Campaign tumblr kopi tuku ga sih.. Ngapain pagi2 beli tumblr 😌 lagi sibuk banget telat ngantor di stasiun dukuh atas,1993881932183294429,,vinsney,in,,0,0,0,https://x.com/_kkhusky/status/1993881932183294429,105649251,_kkhusky
1993603322788602337,2025-11-27 03:15:07+00:00,0,@bakuldimsum_ Ini campaign tumblr kopi tuku ga sih.. 🙃,1993881241125589350,,bakuldimsum_,in,,0,1,0,https://x.com/_kkhusky/status/1993881241125589350,105649251,_kkhusky
1993626982257729815,2025-11-27 03:11:36+00:00,8,@dimanchenue @ssnappeas Campaign tumblr kopi tuku ga sih... 🙃,1993880359516426646,,dimanchenue,in,,0,1,0,https://x.com/_kkhusky/status/1993880359516426646,105649251,_kkhusky
1993691423527551015,2025-11-27 03:09:44+00:00,1,@txtfrombrand Kopi Tuku please do your magic......Tuku please rekrut mas Argi,1993879888659665029,,txtfrombrand,in,,0,0,0,https://x.com/dj_ule/status/1993879888659665029,51670577,dj_ule
1993867412836319502,2025-11-27 03:00:54+00:00,234,"@tanyarlfes kopi Tuku gak minat riding the wave kah ? misal nyari mas agri, kasih free tumbler 😁

gelar tiker aja, menyaksikan dari jauh",1993877665468830170,,tanyarlfes,in,,1,1,12,https://x.com/jlamprung/status/1993877665468830170,48994439,jlamprung
1993875444538712126,2025-11-27 02:52:05+00:00,0,"Minum kopi tuku:  ⭐️ ⭐️ ⭐️ ⭐️
Minum kopi tuku pagi2: ⭐️ ⭐️ ⭐️ ⭐️ ⭐️ ⭐️ ⭐️",1993875444538712126,,,in,,0,0,0,https://x.com/stursign/status/1993875444538712126,1202545911877881856,stursign
1993874434265141745,2025-11-27 02:51:06+00:00,0,biar bisa beli lagi tumblr tuku sekalian ambil alih kepemilikan toko kopi tuku biar kalo ilang krn kecerobohan mba sendiri jadi nggak menyusahkan orang lain🫡,1993875199364919707,,asnosize,in,,0,0,0,https://x.com/asnosize/status/1993875199364919707,1765586143930912768,asnosize
1993873268353454485,2025-11-27 02:46:18+00:00,0,"@SateTong Tumblernya dari Kopi Tuku, bentuknya unik mirip telur, bahan stainless steel, kapasitas 350ml, harganya sekitar 300rb. Banyak yg bilang murahan tapi bikin rame gegara kasus itu. Foto bisa cek di Shopee atau IG Kopi Tuku! 😊",1993873988985270746,,SateTong,in,,0,0,0,https://x.com/grok/status/1993873988985270746,1720665183188922368,grok
1993685483411718177,2025-11-27 02:41:09+00:00,20,"@ocichu Istrinya beli kopi tuku, lakinya kerja di rumah kofi, kasian amat istrinya ga support suaminya",1993872693192740867,,ocichu,in,,0,0,1,https://x.com/eqrzq/status/1993872693192740867,306505564,eqrzq
1993869999459737718,2025-11-27 02:30:26+00:00,0,"menye menye menye, jangan lupa minum kopi tuku ya min khususon staff HRnya",1993869999459737718,,,in,,0,0,0,https://x.com/mchptrnto/status/1993869999459737718,536984656,mchptrnto
1993846255118897374,2025-11-27 02:29:20+00:00,0,@poockiemay Udah tuku kopi urung?,1993869721385812319,,poockiemay,in,,0,1,0,https://x.com/poockiemark/status/1993869721385812319,1743657140089446400,poockiemark
1993866014808002700,2025-11-27 02:20:10+00:00,0,"@kurniadji97 Tumbler Tuku yang hilang itu berbentuk silinder seperti botol minum stainless steel tanpa pegangan, berwarna biru, dengan logo Kopi Tuku. Kapasitas sekitar 350-650 ml, harganya Rp300 ribu berdasarkan cerita viral.",1993867412358431209,,kurniadji97,in,,0,0,0,https://x.com/grok/status/1993867412358431209,1720665183188922368,grok
1993866576882491569,2025-11-27 02:16:50+00:00,10,"Hidup lu bedua gak bakal tenang, tiap naik krl/semua moda transportasi di bawah PT KAI, tiap lu minum kopi TUKU kesukaan lu, tiap lu pumping, tiap lu liat cooler bag, bahkan tiap lu liat anak lu sendiri, lu bakal selalu dihantui rasa gak nyaman gara2 hal ini",1993866576882491569,,,in,,0,0,0,https://x.com/STstnonon/status/1993866576882491569,1435190253501833219,STstnonon
1993861698412007514,2025-11-27 01:57:27+00:00,0,Duta botol tumblr kopi tuku,1993861698412007514,,,in,,0,0,0,https://x.com/casantepsi/status/1993861698412007514,177418604,casantepsi
1993603322788602337,2025-11-27 01:52:14+00:00,1,@DianOnno @radenrauf @bakuldimsum_ @KAI121 @CommuterLine eh trnyta endingnya kopi tuku dgn gagahnya nge hire mas nya jd pegawai 🙏🏻 seakan ngmg pada netijen “dr kmrn tumblr tuku di mention2 dah w pekerjakan aja ini ptugas yg kmrn dipecat gra2 tumblr tuku” 👏🏻,1993860383095050394,,DianOnno,in,,0,0,0,https://x.com/yook_can_dothis/status/1993860383095050394,1177793991992954882,yook_can_dothis
1993765533041480138,2025-11-27 01:52:10+00:00,126,"@senjatanuklir Kalau aku owner atau HR Tuku bakal langsung hire mas Argi ex. pegawai KAI itu sih.

Ini seharusnya juga jadi momentum buat kedai kopi lainnya untuk berbuat kebaikan kecuali Roemah Koffie, tempat kerjanya suami Anita.",1993860368230211925,,senjatanuklir,in,,0,0,6,https://x.com/gerbongbagasi/status/1993860368230211925,78883179,gerbongbagasi
1993847683694645659,2025-11-27 01:50:25+00:00,27,@stockmapping Siap mengirimkan segerbong kopi tuku https://t.co/BjzULo2L8Y,1993859926213480530,https://pbs.twimg.com/media/G6uc8-xaEAAg_N5.jpg,stockmapping,in,,0,1,7,https://x.com/0xJrWolfftorger/status/1993859926213480530,1981490042649665537,0xJrWolfftorger
1993683738602184753,2025-11-27 01:50:04+00:00,0,@heybogosipeo ataugak barangkali kopi tuku mau ngehire petugas kai buat kerja di kopi tuku 🙃,1993859837839421872,,heybogosipeo,in,,0,0,0,https://x.com/yook_can_dothis/status/1993859837839421872,1177793991992954882,yook_can_dothis
1993739593561329993,2025-11-27 01:42:50+00:00,1,"@argothrottle @KAI121 @CommuterLine Ehh ketikung duluan sama Kopi Tuku, si mas pegawai KAI nya di hire kesana.

Jadi lah public enemy part 2, Tuku nya jadi harum semerbak. 

Sekalian beli naming right stasiun pake nama Tuku, behhh",1993858018107134055,,youwahwad,in,,0,0,0,https://x.com/youwahwad/status/1993858018107134055,121645932,youwahwad
1993854199709487146,2025-11-27 01:27:39+00:00,0,gue yang tiap ngantri kopi tuku aja pengen bgt beli tumbler tuku tapi masih kaum mendang mending bukan ga mampu beli tapi sadar diri kalo ilang gak bisa nyalahin siapa2 karena ya berarti gue sendiri yang teledor. anita alvin bisa mikir begini gak ya?,1993854199709487146,,,in,,0,0,0,https://x.com/fluvvee/status/1993854199709487146,2502704809,fluvvee
1993852885441106110,2025-11-27 01:22:26+00:00,0,"Kehilangan barang bawaan bukannya tanggung jawab KAI? 
Mas Argi juga bertanggungjawab ganti tumbler nya.
KAI pecat Mas Argi. 

Bagaimana perasaan Si Anita? Gara2 cuitannya sampai menghilangkan pekerjaan seseorang. Perkara Tumbler. 

Kopi Tuku saatnya bersinar, gaas hire Mas Argi.",1993852885441106110,,,in,,0,0,0,https://x.com/yamyudh/status/1993852885441106110,569798313,yamyudh
1993708778370600995,2025-11-27 01:16:40+00:00,32,@LumpingKud11129 @AldhitamaR Weehhh kebetulan yg kebetulan ayo kopi tuku hire mas mas nya,1993851436128764004,,LumpingKud11129,in,,0,0,2,https://x.com/ssaayyangku/status/1993851436128764004,1622169732865753088,ssaayyangku
1993603322788602337,2025-11-27 01:13:44+00:00,0,"@bakuldimsum_ Perkara ilang tumbler murahan udh diramein kyk macem ilang Iphone.

Masih mending kalo tumblernya Corkcicle atau Stanley, ini mah tumblernya gratisan dari kopi Tuku 😭",1993850696727449836,,bakuldimsum_,in,,0,0,0,https://x.com/Xiephong69/status/1993850696727449836,1904088851242749952,Xiephong69
1993849495113859563,2025-11-27 01:08:58+00:00,0,"pagi ini sudah bersedih hati tiba2 moodnya bagus lagi gara2 makan croffle tuku yg ternyata lezat sekali, omg thank you.. kiranya kopi susunya juga membuat mood membaik wkwk ojok nangis ae talah",1993849495113859563,,,in,,0,0,0,https://x.com/bsauty/status/1993849495113859563,877015712,bsauty
1993848290530742669,2025-11-27 01:04:11+00:00,0,"Tuku padahal anteng, jual kopi. Eh kena tipis tipis",1993848290530742669,,,in,,0,0,0,https://x.com/febyandrian_/status/1993848290530742669,191801049,febyandrian_
1993835814812623006,2025-11-27 00:14:36+00:00,0,"Promo Shopeefood

Ayam Goreng Mak Dura
https://t.co/pEWgIcOb3f

Kopi Tuku
https://t.co/U4CbVtHMv5

HokBen
https://t.co/teYXdxA4CS

Fore Coffee
https://t.co/sW8ww6baDS

Mang Katsu
https://t.co/omtgpZUkVp

SeIndonesia
https://t.co/32dGJJYdhD

Mie Gacoan
https://t.co/3q6bxd47ao https://t.co/fV4FSBEGqL",1993835814812623006,https://pbs.twimg.com/media/G6uHGaWbwAAG9Ms.jpg,,in,,0,0,0,https://x.com/3esihma/status/1993835814812623006,1847151278776111104,3esihma
1993810615245369749,2025-11-27 00:02:16+00:00,0,@613image Mungkin dia sedikit menyesal karna gk bisa dpt disc kopi tuku tanpa tumblr itu🫢 (kalau ada program disc yaa),1993832712076177806,,613image,in,,0,0,0,https://x.com/nurinfitriaa/status/1993832712076177806,2876336592,nurinfitriaa
1993832104623550943,2025-11-27 00:02:14+00:00,201,"Oiya dan kehilangan bukan tanggungjawab brand. 

Dear kopi tuku, ga usah diganti tumblernya. Biarin ilang.",1993832702114713674,,hrdbacot,in,,0,5,48,https://x.com/hrdbacot/status/1993832702114713674,501800437,hrdbacot
1993814269356593574,2025-11-27 00:00:45+00:00,1,@CommuterLine heheee *nyimak sambil minum kopi di tumblr tuku,1993832330042167508,,CommuterLine,in,,0,0,0,https://x.com/farisababy/status/1993832330042167508,293930108,farisababy
1993831561356267802,2025-11-26 23:57:42+00:00,30,YAELAH LAKI SI ANITADEWI KIPAK TERNYATA CUMA BARISTA TP AROGAN BGT SM PEGAWAI KAI MERASA TINGGI APA GIMANA KAH SI BURUK RUPA ITU???? BINI U YG JELEK JEDING ITU AJA SAMPE BELINYA KOPI TUKU KIPAK BERATI KOPI BUATAN U GA ENAK,1993831561356267802,,,in,,0,1,0,https://x.com/0haebaobei/status/1993831561356267802,1678072655763894275,0haebaobei
1993829784376529262,2025-11-26 23:50:38+00:00,5,Lah gua mah mending minum tolak angin tiap hari daripada kopi tuku tiap hari wkwkwk. Kuncinya mah banyak minum air putih. Dah.,1993829784376529262,,,in,,0,0,1,https://x.com/tiuwtiw/status/1993829784376529262,2662512480,tiuwtiw
1993827685093789783,2025-11-26 23:42:18+00:00,0,"Benci bgt sm manusia modelan gini. Yg teledor diri sendiri, trus viralin. Skrg petugasnya udh dipecat tp si yg viralin ini masih bisa melanjutkan hidup nyeruput kopi pake tumblr tuku kesayangannya itu",1993827685093789783,,,in,,0,0,0,https://x.com/calbamazepine/status/1993827685093789783,703447455333900288,calbamazepine
1993816532053578023,2025-11-26 23:07:23+00:00,0,Terus harusnya begitu ada barang ditemukan langsung masukin kantong plastik bersegel. Dah muntah2 dah itu besoknya ngambil tumblr isi kopi udah basi 🤣 Itu tumblr tuku berat btw jadi ya pasti makin berat kalo isinya full,1993818899733991917,,RichHealthyFun,in,,0,2,0,https://x.com/RichHealthyFun/status/1993818899733991917,60196625,RichHealthyFun
1993622895239876861,2025-11-26 22:51:37+00:00,1,@6_arung di rangkas kayaknya ga ada kopi tuku ya,1993814929019949549,,6_arung,in,,0,1,0,https://x.com/DennySeggssegar/status/1993814929019949549,1492848282355515395,DennySeggssegar
1993683738602184753,2025-11-26 22:48:32+00:00,0,"@heybogosipeo akun kopi tuku yang mana sih, coba tag biar miminnya komentar. ga lucu juga kalo misalnya ini niat jadi konten ujungnya bikin orang dipecat.",1993814156013953368,,heybogosipeo,in,,1,0,0,https://x.com/navarchitect/status/1993814156013953368,204010724,navarchitect
1993810639526219948,2025-11-26 22:34:34+00:00,0,Kita lihat gimana reaksi PR Kopi Tuku,1993810639526219948,,,in,,0,0,0,https://x.com/bangtarommm/status/1993810639526219948,298899162,bangtarommm
1993721288557510827,2025-11-26 22:22:31+00:00,0,"@ezash Mau tag brand nya, gatau usn kopi tuku",1993807608109781159,,ezash,in,,0,0,0,https://x.com/pinokiyowo/status/1993807608109781159,1126449466116960256,pinokiyowo
1993523360924680234,2025-11-26 21:23:51+00:00,0,@CommuterLine Itu tumbler kopi tuku bukan min?,1993792843371171957,,CommuterLine,in,,0,0,0,https://x.com/faruq212/status/1993792843371171957,64288081,faruq212
1993775141495689593,2025-11-26 20:13:30+00:00,0,Ini gegara kopi tuku atau aku nya aja yg banyak pikiran sampai susah tidur🫠,1993775141495689593,,,in,,0,0,0,https://x.com/Newreulll/status/1993775141495689593,535072509,Newreulll
1993603322788602337,2025-11-26 19:11:25+00:00,8,@buavitamengkudu @Ridwannurm @biolahitam @bakuldimsum_ Pantes nyariin kopi sama tumbler tuku anyink itu bio lakinya aja coffee enthusiast😭😭😭😭😭😭😭😭😭😭😭😭😭😭😭😭,1993759514143900020,,buavitamengkudu,in,,0,0,0,https://x.com/Suckerzpunch/status/1993759514143900020,1089833473831890944,Suckerzpunch
1993753366758084808,2025-11-26 18:46:59+00:00,3,besok kopi jaya atau tuku ya enaknya,1993753366758084808,,,in,,0,3,0,https://x.com/alchemystri/status/1993753366758084808,1527490555911245825,alchemystri
1993739970998399288,2025-11-26 17:53:45+00:00,0,Semoga meledak tuh pas pumping keluar kopi tuku,1993739970998399288,,,in,,0,0,0,https://x.com/tastybastion/status/1993739970998399288,409068389,tastybastion
1993603322788602337,2025-11-26 17:51:17+00:00,0,@bakuldimsum_ Pake tumble roemahkoffee dong jangan pake tumbler TUKU. Gak yakin kah kopi suami nya lebih enam dari brand lain?,1993739350409138351,,bakuldimsum_,in,,0,0,0,https://x.com/realmeAT/status/1993739350409138351,2941960908,realmeAT
1993626982257729815,2025-11-26 17:43:36+00:00,4199,"@ssnappeas Setelah ku baca-baca:

* Argi sudah menawarkan untuk mengganti
* Anita viralin
* Alvin menolak &amp; minta cek CCTV
* Argi info cek CCTV susah &amp; proses panjang
* Alvin minta di proses sesuai SOP
* Argi dipecat

Perkara
Tumbler
Kopi Tuku
300k
Anjing!

(sumber: https://t.co/63wmPki17P) https://t.co/2tq4jPTHW8",1993737417757696243,https://pbs.twimg.com/media/G6stnSWa0AAN7-F.jpg,ssnappeas,in,,68,117,488,https://x.com/dimanchenue/status/1993737417757696243,1987580125249146880,dimanchenue
1993716762211401983,2025-11-26 17:15:06+00:00,0,@dlwlrmaaa__ Mana tumblr putihmu yg buat beli point coffee itu??? Ga selevel sama tumblr tuku ini,1993730245292384277,,dlwlrmaaa__,in,,0,0,0,https://x.com/notsoariry/status/1993730245292384277,1937044752928800768,notsoariry
1993728523396317363,2025-11-26 17:08:16+00:00,0,Suami tumbler kopi tuku. Ckckck,1993728523396317363,,,in,,0,0,1,https://x.com/4alif/status/1993728523396317363,60524367,4alif
1993728260291899420,2025-11-26 17:07:13+00:00,0,"Perkara tumbler 300rb aja sampe matiin rezeki orang mbak, semoga asi mu keluar kopi tuku",1993728260291899420,,,in,,0,0,0,https://x.com/heenniya/status/1993728260291899420,1302971804793729024,heenniya
1993721288557510827,2025-11-26 16:39:31+00:00,2363,"Kayaknya bakalan jadi big w move banget kalo Kopi Tuku besok langsung ada statement hiring mas Argi as one of their staff

Dunno, just my two cent 🙏🏻",1993721288557510827,,,in,,22,46,407,https://x.com/ezash/status/1993721288557510827,105080250,ezash
1993717529785847907,2025-11-26 16:24:35+00:00,0,"Jadi kepoh kan... itu tumbler tuku sebagus apa sih sampe jadi super heboh diposting2 dan orang sampe dipecat gegara postingannya.

Tumbler tuku dan kopi tukunya sih ga salah apa-apa.

https://t.co/yVhQIDvBRE",1993717529785847907,,,in,,0,0,0,https://x.com/jenn0455/status/1993717529785847907,1876518748661878784,jenn0455
1993716323252367850,2025-11-26 16:19:47+00:00,0,"wah anjeng, pas baca chat wa nya mas arghi ke penumpang ini beneran jahat bgt penumpangnya. udh dibilang mau diganti biar ga dipecat kaga digubris setan. tumbler tuku kalo lo isi perhiasan, emas dll mah terserah. org isinya jg kopi. beli tuku eceran lagi emg gabisa ape?",1993716323252367850,,,in,,0,0,0,https://x.com/dekisugii_kun/status/1993716323252367850,575503947,dekisugii_kun
1993634907172823183,2025-11-26 16:14:23+00:00,0,"@akundabmas @SelebtwitMobil @innovacommunity Ada bu, dpt kupon 10rb beli kopi tuku didepannya hehehe",1993714965904232861,,akundabmas,in,,0,1,0,https://x.com/joki_berbakat/status/1993714965904232861,900033730361688064,joki_berbakat
1993603322788602337,2025-11-26 16:07:06+00:00,102,"@mbahkieso @biolahitam @bakuldimsum_ Semoga pas menyusui, keluarnya kopi tuku",1993713132272013506,,mbahkieso,in,,4,10,4,https://x.com/jenaarubyjane/status/1993713132272013506,1454472282672222212,jenaarubyjane
1993712689785520587,2025-11-26 16:05:21+00:00,0,"Tuku, kamu kopi terbaik klo bisa bantu pekerjakan Mas Argi 🥺",1993712689785520587,,,in,,0,0,0,https://x.com/dwirahayuks/status/1993712689785520587,249505481,dwirahayuks
1993710219806024017,2025-11-26 15:55:32+00:00,1,"Hoki juga ini si Tuku, jualan tumblernya jadi dapet promosi gratis dari netinjing. Gw yg ga pernah beli kopi Tuku aja jadi tau bentuk tumblernya. Lucu tp overprice, pantesan pada pengen nyolong.",1993710219806024017,,,in,,0,0,0,https://x.com/unclehendra/status/1993710219806024017,151329100,unclehendra
1993671176196108721,2025-11-26 15:52:39+00:00,8,@aldapstsr ak klo jd ownernya kopi tuku bakal ku kasih gratis tumbler ama kopi ke petugas KAInya,1993709493029671027,,aldapstsr,in,,0,0,1,https://x.com/mbooonnn/status/1993709493029671027,276325815,mbooonnn
1993708778370600995,2025-11-26 15:49:48+00:00,38482,"Kalo gue jadi owner Kopi Tuku, ini bakal gue hire petugas KAInya buat kerja di Tuku.

1. Good Promosinya dapet ✅
2. Petugas KAI yg dipecat dapat kerjaan ✅
3. KAI biar intropeksi ✅
4. Anitadewl emang taik ✅",1993708778370600995,,,in,,261,342,6956,https://x.com/AldhitamaR/status/1993708778370600995,1682765791161384960,AldhitamaR
1993708374958239899,2025-11-26 15:48:12+00:00,1,"Tuku besok-besok kalo si anita mau beli kopi, tolong langsung usir aja. Gak sudi melayani orang jahat.",1993708374958239899,,,in,,0,1,0,https://x.com/SkuterRoda3/status/1993708374958239899,1242923196,SkuterRoda3
1993705554905281012,2025-11-26 15:37:00+00:00,15,Kopi tuku take note. Tumbler kamu viral 😏 https://t.co/XuotHFtsFC,1993705554905281012,https://pbs.twimg.com/media/G6sQofibUAAwemx.jpg,,in,,0,0,0,https://x.com/sibapaknewbie/status/1993705554905281012,1788080450579378176,sibapaknewbie
1993704068381077705,2025-11-26 15:31:05+00:00,0,"Pernah minum kopi ini tapi kopinya kurang masuk di lidah gue, akhirnya nge tuku lagi 😅 soalnya ada yg bilang salah satu kopinya mirip tuku, jadi beli",1993704068381077705,,,in,,0,0,0,https://x.com/gojoeu/status/1993704068381077705,4140497712,gojoeu
1993703256019870122,2025-11-26 15:27:52+00:00,1,Kopi Tuku bisa tuh jump in di kasus yang lagi rame. Hire ex pegawai yang dipecat KAI gara-gara mba-mba tolol kehilangan tumblr Tukunya.,1993703256019870122,,,in,,0,0,1,https://x.com/yaudahawas/status/1993703256019870122,706644506,yaudahawas
1993702171410604188,2025-11-26 15:23:33+00:00,0,"Agak kangen sama lokasi kantor lama yg semua kopi ada, tuku point fore tomoro kopken janji jiwa, pergi kerja beli kopi sesuai mood",1993702171410604188,,,in,,0,0,0,https://x.com/kanehanehaa/status/1993702171410604188,1619672595154223110,kanehanehaa
1993701888920084744,2025-11-26 15:22:26+00:00,2,"Tipe kopi yang creamy, mirip ama Tuku. Harga juga mirip. Bedanya menu Calf lebih beragam, dan lebih sering promo di gofood/grab.

Kalo dari store saya paling suka beli yang kaleng karena isinya banyak. Kalo dari gerobak tuh kalengnya kecil jadi malah berasa mihil 😂",1993701888920084744,,,in,,0,0,0,https://x.com/mumtazal_/status/1993701888920084744,162922053,mumtazal_
1993603322788602337,2025-11-26 15:22:12+00:00,42,@buavitamengkudu @Ridwannurm @biolahitam @bakuldimsum_ Coffee enthusiasts tapi tumbler tuku ilang aja ribet banget ngentot.,1993701831650980320,,buavitamengkudu,in,,1,0,1,https://x.com/MarceloRiyadhi/status/1993701831650980320,1517776458847952896,MarceloRiyadhi
1993700574458749263,2025-11-26 15:17:12+00:00,29,"Ayo tuku kopi hire mas Argi 🥲
Dia tipe pekerja bertanggungjawab loh. Padahal bukan dia yang hilangin, tapi mau ganti yang baru 🙏",1993700574458749263,,,in,,0,1,1,https://x.com/bucinflashsale/status/1993700574458749263,1024935000775376896,bucinflashsale
1993699058322747424,2025-11-26 15:11:11+00:00,17,Saat yang tepat buat Kopi Tuku hire Argi buat naikin brand awareness mereka,1993699058322747424,,,in,,0,2,1,https://x.com/garisabuabu/status/1993699058322747424,831495926933975040,garisabuabu
1993696538368061682,2025-11-26 15:01:10+00:00,0,Semoga air susumu keluar kopi tuku mbak,1993696538368061682,,,in,,0,1,0,https://x.com/anggrka/status/1993696538368061682,1835925829987217408,anggrka
1993603322788602337,2025-11-26 14:39:04+00:00,101,"@bakuldimsum_ 300ribu ngentotttt, customer kopi tuku banyak anomali, pasti tipe orang yg bikin lama antrian tuh sok asik anjing katro. Nyari kerja susah lu malah bikin orang dipecat, Anita anjing",1993690978704920957,,bakuldimsum_,in,,0,1,14,https://x.com/vallankumous20/status/1993690978704920957,1793670619688841216,vallankumous20
1993687793218818462,2025-11-26 14:26:25+00:00,0,Hall lucu semalem adalah tiba2 gue mimpi fansign sama vernon dan wonwoo seventeen di blok m 🤣🤣🤣 kaya bjir ngapain mrka fansign disana 😭 mau beli kopi tuku 😭😭,1993687793218818462,,,in,,0,1,0,https://x.com/biitaaroo/status/1993687793218818462,1293263796,biitaaroo
1993603322788602337,2025-11-26 14:24:29+00:00,0,@bakuldimsum_ Kopi tuku ada akun X nya ga? Kali aja mau ambil mas nya jd pegawai.,1993687307753595030,,bakuldimsum_,in,,0,0,0,https://x.com/Cuankie99/status/1993687307753595030,69230060,Cuankie99
1993663548187378159,2025-11-26 14:14:19+00:00,0,@Diaku169 Kangen kopi tuku,1993684746212430070,,Diaku169,in,,0,1,0,https://x.com/fvckversion10/status/1993684746212430070,1652736306244644865,fvckversion10
1993682218829455689,2025-11-26 14:04:16+00:00,1,"""Kurangnya motivasi belajar akibat kurang minum tuku"" 

hah kok tuku? 

Apa? 

Kopi susu tetangga less sugar normal ice?",1993682218829455689,,,in,,0,0,0,https://x.com/inijely/status/1993682218829455689,1356435307688681472,inijely
1993681286960148706,2025-11-26 14:03:26+00:00,0,@goxrgeouss tuku sepele dibanding kopi manapun di bandung,1993682009370374595,,goxrgeouss,in,,0,0,0,https://x.com/agathapeaks/status/1993682009370374595,2658899126,agathapeaks
1993680036847816971,2025-11-26 13:55:36+00:00,2,drama perkara tumbler tuku ini like SIS ITU CUMA TUMBLER KOPI MURAHAN BUSET??? https://t.co/DN7QK6oL70,1993680036847816971,https://pbs.twimg.com/media/G6r5aQubEAACRQh.jpg,,in,,0,1,0,https://x.com/rioinfani/status/1993680036847816971,356840111,rioinfani
1993621244261056731,2025-11-26 13:48:01+00:00,0,@tinyhwajjong ya Allah penasaran bgt rasa kopi tuku,1993678128972214306,,tinyhwajjong,in,,0,1,0,https://x.com/legendhwa/status/1993678128972214306,1742570622457401344,legendhwa
1993662941976232019,2025-11-26 12:47:40+00:00,8,"Aku wes tuku jerseymu (sebagai Customer)
Saiki tak tagih janjimu (sebagai Suporter) 

Banus kopi tokk gaonok rokok e yo sepoh cak @persebayaupdate https://t.co/swzAZ80iBO",1993662941976232019,https://pbs.twimg.com/media/G6rp3zmasAAFIDO.jpg,,in,,0,5,2,https://x.com/Arvinrizta/status/1993662941976232019,252967381,Arvinrizta
1992866971822813369,2025-11-24 08:04:46+00:00,1,"bilang lagi ilang suaranya malah dibeliin kopi tuku se liter, akhirnya ambil satu gelas sisanya berbagi sama yang lainnn, ini kalo besok suara gw masih ilang ya karna ini kopi 😭😭😭

btw tuku ini masih lambung friendly buat aku ya, asal manis 🙏🏻🙏🏻 https://t.co/xF5HGMCElj",1992866971822813369,https://pbs.twimg.com/media/G6gV8etaoAA0lby.jpg,,in,,0,0,0,https://x.com/1stsunnyhyuck/status/1992866971822813369,1481559136311853056,1stsunnyhyuck
1992862030257356999,2025-11-24 07:45:08+00:00,0,"Makan siang di Ayam Berkah
*cakep

Ngopi sorenya di Kopi Tuku
*manteb",1992862030257356999,,,in,,0,1,0,https://x.com/Senandika_kala/status/1992862030257356999,1338122455689269251,Senandika_kala
1992857204060483807,2025-11-24 07:26:03+00:00,0,"kopi tuku
https://t.co/nzlR44X5FJ

shihlin
https://t.co/dV52osIeKw https://t.co/zKY2H5HDyT",1992857228031017264,https://pbs.twimg.com/media/G6gMuz4bgAA1Ilg.jpg,dyysyeee,in,,0,1,0,https://x.com/dyysyeee/status/1992857228031017264,1937115249125306368,dyysyeee
1992854907922375164,2025-11-24 07:16:50+00:00,0,"Kalau mau yang coffee lebih strong ya calf, kalau mau yang lebih creamy ya tuku",1992854907922375164,,,in,,0,1,0,https://x.com/apipajeri/status/1992854907922375164,1135818094541066240,apipajeri
1992829688746770852,2025-11-24 07:06:52+00:00,0,@ElsaHaryuni langsung kopi tuku 10 shot,1992852401989304554,,ElsaHaryuni,in,,0,1,0,https://x.com/anakmamanurr/status/1992852401989304554,1286326135828017154,anakmamanurr
1992851866737324232,2025-11-24 07:04:45+00:00,0,Pengen kopi tuku gak ada jir disini,1992851866737324232,,,in,,0,0,0,https://x.com/gooddayfreez3/status/1992851866737324232,1254117525622644736,gooddayfreez3
1992850289003831770,2025-11-24 06:58:28+00:00,0,"Tuku 🙏🏻
walau bikin bloated tp tuku 🤣

Paling suka karena bisa beli gula pisah

Calf terlalu kopi tukang menurut selera saya",1992850289003831770,,,in,,0,1,0,https://x.com/oktarinamunaf/status/1992850289003831770,100703235,oktarinamunaf
1991438764762362046,2025-11-24 06:46:50+00:00,0,"@DikaKhusuma1 maaf tuku, tapi calf all the way krn kyk..... aku pecinta kopi yg se-creamy itu T_T",1992847358695268506,,DikaKhusuma1,in,,0,0,0,https://x.com/cimiwne/status/1992847358695268506,140391147,cimiwne
1992846548838064452,2025-11-24 06:43:37+00:00,1,"Gw aja sekarang beralih dari tuku ke calf 
Gw ga tau kenapa kopi dia bisa nggak watery dan kentel padahal udah dipakein es",1992846548838064452,,,in,,0,1,0,https://x.com/frnsskr/status/1992846548838064452,728121278616346625,frnsskr
1992814249501245440,2025-11-24 06:40:29+00:00,0,@musesmable Di penjara ada kopi tuku gak?,1992845760938049840,,Waaynight,in,,0,1,0,https://x.com/PeemwasuStyled/status/1992845760938049840,2354849168,PeemwasuStyled
1992845515449626765,2025-11-24 06:39:30+00:00,0,Emangg. Pokonya tahta tertinggi kopi buat gwe adalah tuku dan calf,1992845515449626765,,,in,,0,0,0,https://x.com/semanggee/status/1992845515449626765,1981371546175492098,semanggee
1992830024274370794,2025-11-24 06:25:23+00:00,0,@basterula cobain tuku yg cold drip sore aja udah kalo mau kopi mah,1992841959476744341,,basterula,in,,0,1,0,https://x.com/bachr0on/status/1992841959476744341,1951541208796561408,bachr0on
1992841154174570631,2025-11-24 06:22:11+00:00,0,kopi tuku emg seenak apa sih? kopinya ngopi banget kah?,1992841154174570631,,,in,,0,1,0,https://x.com/pprettyplzzz/status/1992841154174570631,1936700182781214720,pprettyplzzz
1992840638333899211,2025-11-24 06:20:08+00:00,0,"Promo shopeefood edisi kopi favoritmu 🫶

Kopi Calf
https://t.co/9JZ29zIs09

Kopi Tuku
https://t.co/vkZDvhSw1K

Kopi Philosophy
https://t.co/Q7X7vX5fiP

Kopi Kenangan
https://t.co/W98Ul1yEow

Janji Jiwa
https://t.co/4Ruwz0dceq",1992840638333899211,,,in,,0,0,0,https://x.com/ike_tjn/status/1992840638333899211,513346093,ike_tjn
1992415501973397740,2025-11-24 06:06:25+00:00,0,"@cabiuw Buat yg pengen bgt nyobain Tuku tp takut terlalu strong, cocok bgt pilih Calf ini. Top 1 kopi affordable anjay!",1992837188959232120,,cabiuw,in,,0,0,0,https://x.com/satriyaaaa/status/1992837188959232120,780783133826265089,satriyaaaa
1992830432447217758,2025-11-24 05:41:49+00:00,0,"Salah satu dari banyak hal yang membuat betah tinggal dan hidup di sini. Kopi Tuku.

Ini Toko Kopi Tuku di dekat Danau Sunter. https://t.co/T7XuBl80v1",1992830998128775658,https://pbs.twimg.com/media/G6f1OcxbcAAZtHX.jpg,exaudiosiregar,in,,0,0,0,https://x.com/exaudiosiregar/status/1992830998128775658,181883907,exaudiosiregar
1992829021617549327,2025-11-24 05:33:58+00:00,0,"beneran seneng banget waktu dibilang dibeliin kopi, tuku lagi ☺️",1992829021617549327,,,in,,0,0,0,https://x.com/nat3working/status/1992829021617549327,1674748165302677509,nat3working
1992822165239156928,2025-11-24 05:08:14+00:00,0,@Shopee__ID tuku kopi nya terlalu strong,1992822547013071155,,Shopee__ID,in,,0,1,0,https://x.com/flowerbean_I/status/1992822547013071155,1731658566732550144,flowerbean_I
1992584333740376439,2025-11-24 05:04:35+00:00,0,@paopaopaw Tuko (tuku kopi),1992821628204712026,,paopaopaw,in,,0,0,0,https://x.com/Andrean1996Ari/status/1992821628204712026,1925589096795398144,Andrean1996Ari
1991438764762362046,2025-11-24 04:19:59+00:00,2,"@niqmk10 @DikaKhusuma1 Di Kopi Tuku, pakai Tetangga Blend (campuran Arabica-Robusta lokal), biasanya 15-20g biji untuk espresso, campur gula aren 20-30g, susu full cream 100ml, es batu. Untuk Calf, pakai biji Arabica Indonesia, resep serupa tapi varian seperti Magic Cheese (kopi + keju). Cek menu resmi",1992810405354434871,,niqmk10,in,,0,0,1,https://x.com/grok/status/1992810405354434871,1720665183188922368,grok
1991438764762362046,2025-11-24 04:18:38+00:00,0,@DikaKhusuma1 @grok calf pake biji apa di tuku? berapa gr kopi dengan campuran apa?,1992810064063918244,,DikaKhusuma1,in,,0,1,0,https://x.com/niqmk10/status/1992810064063918244,135823863,niqmk10
1992808056355430825,2025-11-24 04:10:39+00:00,0,"Karena aku suka yang basic2 aja kalau kopi, I prefer Tuku. Basicnya Calf tidak berkesan di aku.",1992808056355430825,,,in,,0,0,0,https://x.com/ymresque/status/1992808056355430825,252444433,ymresque
1992562883570577629,2025-11-24 03:55:10+00:00,1,"@zalmrshm98 masih ada kak, tp demennya kopi tuku🤝",1992804159016534171,,zalmrshm98,in,,0,0,0,https://x.com/sobatLRT/status/1992804159016534171,1660593445352919047,sobatLRT
1992802321152303424,2025-11-24 03:47:52+00:00,0,"Warga wargi Semarang, open jastip ☕️
TUKUCUR KOPI TUKU all varian 
Sampai semarang Selasa (25/11) sore ⛅️
Kopi Susu Tetangga: 130k 
Earl Grey Milk Tea: 130k
Chocolate: 130k 
Es Teh Renon: 100k
Langsung DM yaaa ☺️ https://t.co/iavh46PDUq",1992802321152303424,https://pbs.twimg.com/media/G6fbJQMa4AEvknK.jpg,,in,,0,0,0,https://x.com/rizqiuwais/status/1992802321152303424,71475296,rizqiuwais
1992800025798394217,2025-11-24 03:38:45+00:00,0,"Spill voucher promo kopi shopeefood

Kopi Calf
https://t.co/9JZ29zIs09

Kopi Tuku
https://t.co/vkZDvhSw1K

Kopi Philosophy
https://t.co/Q7X7vX5fiP

Kopi Kenangan
https://t.co/W98Ul1yEow

Janji Jiwa
https://t.co/4Ruwz0dceq",1992800025798394217,,,in,,0,0,0,https://x.com/ike_tjn/status/1992800025798394217,513346093,ike_tjn
1992799336028086472,2025-11-24 03:36:00+00:00,0,"Hey -dips! dan Warga wargi Semarang, open jastip ☕️
TUKUCUR KOPI TUKU all varian 
Sampai semarang Selasa (25/11) sore ⛅️
Kopi Susu Tetangga: 130k 
Earl Grey Milk Tea: 130k
Chocolate: 130k 
Es Teh Renon: 100k https://t.co/oKOxURRKpI",1992799336028086472,https://pbs.twimg.com/media/G6fYb3CXQAAfo-V.jpg,,in,,0,0,0,https://x.com/undipmfs2/status/1992799336028086472,1938014810056364032,undipmfs2
1992794834437083601,2025-11-24 03:18:07+00:00,0,"Toko Kopi Tuku sekarang ada di ShopeeFood! Pesan Sekarang, langsung diantar. 
👉 https://t.co/MIXUgi88mz https://t.co/yi7FiSa3Hf",1992794834437083601,https://pbs.twimg.com/media/G6fUVpObYAAP7E5.jpg,,in,,0,1,0,https://x.com/m_mola9591/status/1992794834437083601,1882643851107848192,m_mola9591
1992786438916911528,2025-11-24 02:44:45+00:00,0,"udh ada aja versi gerobak dan bikin merch jg
H2H sama kopi tuku ini 
hrgnya 15rban ..hmm👀",1992786438916911528,,,in,,0,0,0,https://x.com/zainudyn/status/1992786438916911528,109871061,zainudyn
1992772246398710070,2025-11-24 01:49:39+00:00,0,@loveleewestie Kopi tuku yukkk 😍😍😍 https://t.co/t2BxJeXTKB,1992772570161307742,https://pbs.twimg.com/media/G6fAF1YbAAAfH6k.jpg,loveleewestie,in,,0,1,0,https://x.com/miiaaa_MJ/status/1992772570161307742,280046137,miiaaa_MJ
1992766084978819292,2025-11-24 01:23:53+00:00,0,"aku sebagai pecinta kopi creamy, jadi aku pilih tuku. signaturenya kopi susu tetangga udah oke bgt creamynya, kalo mau creamy yg non coffee tuh ada earl grey milk teanya https://t.co/OTk1nxLYhw",1992766084978819292,https://pbs.twimg.com/media/G6e6LmNaEAAeTPf.jpg,,in,,0,0,0,https://x.com/82leemarkeu/status/1992766084978819292,1127151440495923200,82leemarkeu
1992415501973397740,2025-11-24 00:57:01+00:00,92,"@cabiuw Emanggg, ril enak bgttt, rasanya gurih kentel kek ngopi bgt gt, biasanya minum kopi di kafisop sekali tenggak langsung abis ibaratnya, kalo calf (sama tuku) tuh disruput dikit2 udah ada kepuasan gt jadi awet ga langsung abis, gimana ya jelasinnya 😭",1992759325430002074,,cabiuw,in,,3,6,2,https://x.com/rahasiakuajaya/status/1992759325430002074,1547752362638725121,rahasiakuajaya
1992753538406154386,2025-11-24 00:34:01+00:00,102,Kalau di Surabaya not both ever karena di Surabaya kopi Calf dan Tuku sama-sama gosoooooong. 🥲,1992753538406154386,,,in,,2,13,7,https://x.com/representatif/status/1992753538406154386,861254530670837760,representatif
1992752158035616151,2025-11-24 00:28:32+00:00,0,"Buat gue kopi yg pas bya gue
1. Fore
2. Tuku
3. Point
4. Calf",1992752158035616151,,,in,,0,0,0,https://x.com/sunnycloudy20/status/1992752158035616151,1091146270708662272,sunnycloudy20
1992747309235634467,2025-11-24 00:09:16+00:00,0,"Promo Shopeefood

Kopi Tuku
https://t.co/plqiSslukN

Familymart
https://t.co/AO8mXG5koo

Animo Bakery
https://t.co/nGZABxuQQH

Kopi Domu
https://t.co/WYAI6hyoiN

HokBen
https://t.co/WmWF3hYgj1

Republic Kebab
https://t.co/y8ZKjt42EN

Mie Gacoan
https://t.co/Fu0c53FCc2 https://t.co/ATO8dtBRkf",1992747309235634467,https://pbs.twimg.com/media/G6epHM9bYAAIv7-.jpg,,in,,0,0,0,https://x.com/3esihma/status/1992747309235634467,1847151278776111104,3esihma
1992415501973397740,2025-11-23 23:12:21+00:00,0,@cabiuw Di tempatku gaada tuku tapi ada calf. Jadi mayan lah kalo pen kopi enak kek tuku masih bisa beli calf buat tombo kangen,1992732984336957828,,cabiuw,in,,0,0,0,https://x.com/taracinamidee/status/1992732984336957828,1024222964269498368,taracinamidee
1991438764762362046,2025-11-23 22:58:21+00:00,0,"@DikaKhusuma1 TUKU!!!!
Mau coffee atau non coffee nya atau tukudapan nyaaaa.
Aaakkk @jae_lani",1992729463050903908,,DikaKhusuma1,in,,0,1,0,https://x.com/trismaaaaa/status/1992729463050903908,98569967,trismaaaaa
1992721457701654830,2025-11-23 22:26:33+00:00,0,sepagi ini gue bm kopi tuku,1992721457701654830,,,in,,0,0,0,https://x.com/mcKeenaa4/status/1992721457701654830,1863202621441593344,mcKeenaa4
1992415501973397740,2025-11-23 21:26:40+00:00,0,"@cabiuw kalo lebih suka yg creamy bgt calf, kalo lebih suka yg kopi nya strong tuku",1992706389547028557,,cabiuw,in,,0,0,0,https://x.com/selfdevjunkie/status/1992706389547028557,407557689,selfdevjunkie
1992203948564877649,2025-11-23 20:03:19+00:00,0,"@tanyarlfes kopi : kopsu tetangga tuku
teh : jasmine tea tongtji
jus : strawberry, cranberry
soda : coca cola
susu : oatside, ultramilk,vsoy",1992685412339569036,,tanyarlfes,in,,0,0,0,https://x.com/chezeyces/status/1992685412339569036,1855867931659542528,chezeyces
1903808517275807745,2025-11-23 18:42:25+00:00,1,"📍Toko Kopi Tuku - Dukuh Atas.

Dear mas kaos biru, maaf masuk frame. Pas banget ditengah soalnya 🙃 https://t.co/y8nSv8f2Cn",1992665052164542789,https://pbs.twimg.com/media/G6deSX3bIAANKxd.jpg,El_Guavoo,in,,0,1,0,https://x.com/El_Guavoo/status/1992665052164542789,1401320446142734336,El_Guavoo
1992276166124917227,2025-11-22 16:57:07+00:00,0,Kopi Tuku bisa dipesan via https://t.co/dgOMYRwsw4 telp 085 100 5 999 85 sms/WA/telegram 082325797999 LINE ID pesansaja #kopituku https://t.co/2GIFVo5d4W,1992276166124917227,https://pbs.twimg.com/media/G6X8m8CbcAAMhiI.jpg,,in,,0,0,0,https://x.com/PesanSaja/status/1992276166124917227,394565449,PesanSaja
1992270489151267259,2025-11-22 16:34:33+00:00,0,"Pen bet kopi tuku, jastip ke Lampung  berapa yaak",1992270489151267259,,,in,,0,0,0,https://x.com/febriyustian_/status/1992270489151267259,1916779291,febriyustian_
1992203948564877649,2025-11-22 16:31:54+00:00,0,"@tanyarlfes Kopi : TUKU
Teh :  NU green tea less sugar
Jus : melon, stroberi, semangka
Soda : fanta orange
Susu : ff stroberi, ultramilk coklat",1992269819769651678,,tanyarlfes,in,,0,0,0,https://x.com/mixtofutofu/status/1992269819769651678,1794743631515140096,mixtofutofu
1992203948564877649,2025-11-22 15:58:54+00:00,0,"@tanyarlfes Kopi : nescafe semua varian, indocafe, tuku, tomoro
Teh :  pucuk ampe kobam
Jus :  semua jus suka but ult tetep strawberry
Soda :  fanta
Susu : frisian flag matcha, cimory matcha",1992261516171833606,,tanyarlfes,in,,0,0,0,https://x.com/suamikujisung/status/1992261516171833606,1482015203923755011,suamikujisung
1992249433267040504,2025-11-22 15:10:53+00:00,0,Infokan inek rasa kopi tuku,1992249433267040504,,,in,,0,0,0,https://x.com/thegayning2/status/1992249433267040504,790948068166213632,thegayning2
1992203948564877649,2025-11-22 15:10:22+00:00,0,"@tanyarlfes Kopi : americano tomoro, long black tuku, kopsu kopisop (lupa namanya)
Teh :  tongtji apa aja/sari wangi
Jus : melon, belimbing, strawberry
Soda : -
Susu : ultramilk full cream, indomilk banana, dancow coklat, oat m*lknya oatside",1992249301750411718,,tanyarlfes,in,,0,0,0,https://x.com/gapapaterusss/status/1992249301750411718,1105087196103467008,gapapaterusss
1992248176427077940,2025-11-22 15:05:54+00:00,0,"Kopi : tuku mocca less sugar 
Teh :  tong ji baunya enakk
Jus : mangga, strawberry mix nanas 
Soda : greensand
Susu : oatside coklat enak parah",1992248176427077940,,,in,,0,0,0,https://x.com/sleepyfoam/status/1992248176427077940,1745661775025262592,sleepyfoam
1992246705220358155,2025-11-22 15:00:03+00:00,0,"Kopi : Fore, Tuku, Calf, Kopken
Teh :  Lychee, Jasmine
Jus : Alpukat, Leci, Jeruk
Soda : Green Sands
Susu : Ultra",1992246705220358155,,,in,,0,0,0,https://x.com/sweetdreams9514/status/1992246705220358155,1833761148430327808,sweetdreams9514
1992245324413604205,2025-11-22 14:54:34+00:00,4,"Aku, Kopi Tuku, dan Malam Minggu ✨ https://t.co/LCJpG3SmlE",1992245324413604205,https://pbs.twimg.com/media/G6XgjUwaAAAV34q.jpg,,in,,0,1,0,https://x.com/haiihanaaa/status/1992245324413604205,1106021592545411072,haiihanaaa
1992203948564877649,2025-11-22 14:47:04+00:00,0,"@tanyarlfes kopi: kst tuku, ksk famima
teh: hampir semua jenis teh aku suka, paling suka oolong, chamomile sama jasmine
jus: 🍓🍍🍋🍐
soda:  cola zero sugar (sblm boikot), skrg beralih ke nipis madu &amp; chi sparkling water yg leci
susu: gak doyan susu kecuali dicampur minuman lain (kopi, teh)",1992243438251880886,,tanyarlfes,in,,0,0,0,https://x.com/sawakomitsu/status/1992243438251880886,1693481986055409664,sawakomitsu
1992203948564877649,2025-11-22 14:41:58+00:00,0,"@tanyarlfes Kopi : tuku, calf
Teh :  lychee tea
Jus : naga, alpukat
Soda : jarang minum
Susu : milo",1992242155231076601,,tanyarlfes,in,,0,0,0,https://x.com/blaxcurrent/status/1992242155231076601,1489247196893515777,blaxcurrent
1992185076860252568,2025-11-22 14:40:59+00:00,0,"@maideneev @sbyfess Kopi Susu Tetangganya Tuku, Kopi Kenangan Mantan nya KopKen, Butterscotch Latte nya Harlan+Holden",1992241905795788849,,maideneev,in,,0,0,0,https://x.com/arizalmania/status/1992241905795788849,43924657,arizalmania
1992203948564877649,2025-11-22 13:55:19+00:00,0,"@tanyarlfes Kopi : tuku
Teh :  gaksuka teh
Jus : alpukat
Soda : cola
Susu : fullcream",1992230416733118666,,tanyarlfes,in,,0,0,0,https://x.com/lifeofdinih/status/1992230416733118666,2835346315,lifeofdinih
1992203948564877649,2025-11-22 13:52:29+00:00,0,"@tanyarlfes kopi : tuku
susu : tiga sapi, buat bikin kopi sendiri :))",1992229702891938162,,tanyarlfes,in,,0,0,0,https://x.com/spamwithshbrn/status/1992229702891938162,1262112829290819584,spamwithshbrn
1992226004417519771,2025-11-22 13:37:47+00:00,0,"Kopi : Mocha-nya Tuku
Teh :  Twining tapi lupa rasanya apa, pokonya yg warna merah dapet darimana gitu. kalo yg sering sih Tong Tji
Jus : Jambu
Soda : Fanta jeruk 
Susu : Coklat",1992226004417519771,,,in,,0,0,0,https://x.com/lilnione/status/1992226004417519771,1407592240369655814,lilnione
1991752417353097457,2025-11-22 13:18:05+00:00,0,"@rifasaefudin Aku saiki senenge tuku kopi bubuk, terus gawe dewe nangomah mbah. Hahha
Wingi tuku mocapot, next tuku cups seng nggo Vietnam drip uhuy",1992221045231915350,,rifasaefudin,in,,0,0,0,https://x.com/EllaAriyunita/status/1992221045231915350,1485447026,EllaAriyunita
1992196243842596956,2025-11-22 11:39:32+00:00,0,Oscar kl mau nangis gpp nangis aja ya allah adik onlen ku😭 ayo jajan os mau apa tuku? Mau point coffee ayo gue bayarin,1992196243842596956,,,in,,0,0,0,https://x.com/nymsfbryn/status/1992196243842596956,634234093,nymsfbryn
1992112792971903244,2025-11-22 11:31:48+00:00,0,"@Taedpunk Enaak! Aku suka tuku, dia thick dan strong! Terus kan dia pencetus kopi susu gula aren, jadi kaya.. ini lah rasa original.",1992194296616034803,,Taedpunk,in,,0,0,0,https://x.com/jakesiim/status/1992194296616034803,3182400202,jakesiim
1992194194618867851,2025-11-22 11:31:23+00:00,0,pgn beli tuku tapi bokap baru beliin kopi bubuk...,1992194194618867851,,,in,,0,0,0,https://x.com/shutupdong/status/1992194194618867851,1115490956541747200,shutupdong
1992186836475957647,2025-11-22 11:02:09+00:00,28,"1st coffee - Tuku
Udah sampai di tahap disapa barista tuku di halte TJ 😭🙏 https://t.co/jHLBYKvY0P",1992186836475957647,https://pbs.twimg.com/media/G6WrT-iaQAA6D9k.jpg,,in,,1,1,0,https://x.com/iamrobiinn/status/1992186836475957647,1791466054948179968,iamrobiinn
1992033694903857352,2025-11-22 00:53:37+00:00,0,"Promo Shopeefood

Circle K
https://t.co/iS11ZulD8p

Kopi Tuku
https://t.co/jc87rVfRCC

Familymart
https://t.co/wR8vF9vgqz

HokBen
https://t.co/eT228NULZ6

SeIndonesia
https://t.co/C9uThFcJFV

Point Coffee
https://t.co/Mm5NJxFRnn

Ayam Keprabon
https://t.co/Uge09mY7cR https://t.co/IgQCayv67x",1992033694903857352,https://pbs.twimg.com/media/G6UgFPzaEAASqMm.jpg,,in,,0,0,0,https://x.com/3esihma/status/1992033694903857352,1847151278776111104,3esihma
1992027944462815556,2025-11-22 00:30:46+00:00,0,"Kopi Tuku diskon 15ribu

https://t.co/SJfUxJ7T7E https://t.co/RtVr4xUnl8",1992027944462815556,https://pbs.twimg.com/media/G6Ua229awAE454w.jpg,,in,,0,0,0,https://x.com/AkuSukaRacun/status/1992027944462815556,1344004785934979073,AkuSukaRacun
1991547592271097983,2025-11-21 21:28:13+00:00,0,"@SamFerkyFerslm @senjatanuklir Ada kopi hitam tetangga(tuku) bisa opsi tanpa gula, dan ada Americano atau black tea/rossele tea and so on yg tanpa gula juga, ada latte yang emang basic nya tanpa gula

Cuting gula itu hal yang sangat mudah pokonya, hanya cuting tepung2an yang  sangat teramat susah",1991982004276183216,,SamFerkyFerslm,in,,0,0,0,https://x.com/rikoberacun/status/1991982004276183216,1752251773312778240,rikoberacun
1991981745709945275,2025-11-21 21:27:12+00:00,0,sebagai non avid coffee drinker (only drink when Really needed) gue akui kopi yg beneran enak cuma tuku sama djournal. good thing im not addicted ya karena pr juga kalo harus jajan itu tiap hari haha,1991981745709945275,,,in,,0,1,0,https://x.com/brokendscenes/status/1991981745709945275,811689104719155201,brokendscenes
1991976181034553498,2025-11-21 21:05:05+00:00,1,"jujur tuku, calf membuat gue berak sekebon jir sakit kali perutku habis meminum kopi calf",1991976181034553498,,,in,,0,2,0,https://x.com/melfostilia/status/1991976181034553498,1410186595546796041,melfostilia
1991937692490465620,2025-11-21 18:32:08+00:00,0,jam segini bngttt pengen kopi tuku 🥺🥺🥺🥺🥺🥺🥺🥺,1991937692490465620,,,in,,0,0,0,https://x.com/najmabintayya/status/1991937692490465620,1249718525268070402,najmabintayya
1991931652667576548,2025-11-21 18:08:08+00:00,0,"Should i give calf 2nd try? Pernah cobain sekali dan lbh milih tuku
Tp skrg daily coffee to go gw tuh pilona. Yg bold 2.0 mantep",1991931652667576548,,,in,,0,0,0,https://x.com/pejuanggaris95/status/1991931652667576548,96118981,pejuanggaris95
1991897974969078118,2025-11-21 17:35:21+00:00,0,"@jogja_base aku pas itu jogging trus ke kopi tuku pke otfit olahraga malah diliatin orng"" aneeh mungkin ya pagi"" ngotpit lari 😭😭😭😭😭",1991923400227581970,,jogja_base,in,,0,0,0,https://x.com/auroraababyyy/status/1991923400227581970,1485228414542168064,auroraababyyy
1991918939283312955,2025-11-21 17:17:37+00:00,1,sumpah lambung gw belum pernah nyobain kopi tuku ?,1991918939283312955,,,in,,0,0,0,https://x.com/saturnusbb/status/1991918939283312955,1206546869226049536,saturnusbb
1991918275920580805,2025-11-21 17:14:59+00:00,1,Jadi pengen beli kopi tuku🛵,1991918275920580805,,,in,,0,0,1,https://x.com/bucindonghae/status/1991918275920580805,1164442274677215233,bucindonghae
1991908320907841793,2025-11-21 16:35:26+00:00,0,Lgi mual liat kopi susu selain tuku ga tau knp akhir-akhir ini hoak hoek sama kopsus,1991908320907841793,,,in,,0,0,0,https://x.com/vltchz/status/1991908320907841793,801882289,vltchz
1991897974969078118,2025-11-21 15:54:19+00:00,1,"Lur enak kali ya pagi2 ke kopi tuku, anyone ?",1991897974969078118,,,in,,0,3,0,https://x.com/jogja_base/status/1991897974969078118,1902629414741143553,jogja_base
1991887235738927132,2025-11-21 15:15:21+00:00,0,@baecorgi Nah ini kadang masih yang ada gulanya kadang kopi item apalagi kopi tuku tetangga 😭😭,1991888169147793894,,baecorgi,in,,0,0,0,https://x.com/dreamtomyself/status/1991888169147793894,1143122642108502016,dreamtomyself
1991884343967621138,2025-11-21 15:00:09+00:00,0,Orang orang terlalu banyak memuja kopi tuku enak padahal rasanya kek air kopi kobokan😭😭 https://t.co/6YDyqfgvjO,1991884343967621138,https://pbs.twimg.com/media/G6SYPyibYAIzPtt.jpg,,in,,0,0,0,https://x.com/cipewakum/status/1991884343967621138,1571830421041852416,cipewakum
1991883899308498980,2025-11-21 14:58:23+00:00,0,cinta sekali w kopi tuku!!,1991883899308498980,,,in,,0,0,0,https://x.com/noellenoova/status/1991883899308498980,1744672171170086912,noellenoova
1991879736331739507,2025-11-21 14:41:51+00:00,0,Kalo ditanya kopi apa yang empuk aku akan menjawab calf n tuku,1991879736331739507,,,in,,0,0,0,https://x.com/Telortahutempe/status/1991879736331739507,1227523057,Telortahutempe
1991870502525403321,2025-11-21 14:05:09+00:00,2,"️️
 ️️
 ️️

𝗗𝗘𝗟𝗜𝗩𝗘𝗥𝗬 𝗙𝗢𝗥 𝗦𝗨𝗔𝗥𝗔𝗦𝗔
Nih, kopi Tuku dan Cimol Bojot sesuai request kalian. Mohon untuk diterima gua di band-ung ini.

 ️️
 ️️
 ️️ https://t.co/JKt694h4uO",1991870502525403321,https://pbs.twimg.com/media/G6SLqTAbAAAZjJm.jpg,,in,,4,0,4,https://x.com/VESCTIGIAL/status/1991870502525403321,723967963175501825,VESCTIGIAL
1991864620353728775,2025-11-21 13:41:47+00:00,0,Ojo lali tuku kopi nggo bengong https://t.co/SlcvKU5WKy,1991864620353728775,https://pbs.twimg.com/media/G6SGUODasAAZhCO.jpg,,in,,0,0,0,https://x.com/sukochoarbi/status/1991864620353728775,432159985,sukochoarbi
1991687876988530712,2025-11-21 13:26:18+00:00,0,"@Aphorisem Kalo echa mau yang aren, ada namanya Calf Premium. Rasanya mirip tuku, tapi ini lebih creamy. Kalo menu lain, yang butterscotch enak juga. Non coffee yang enak aromatic tea. Itu milk tea tapi wangi banget.",1991860726189953509,,Aphorisem,in,,0,1,0,https://x.com/actanoverb/status/1991860726189953509,1909191611072000000,actanoverb
1991849375883243960,2025-11-21 12:41:12+00:00,0,tinggal nompo undangan wae mengko tak amplopi gawe tuku kopi,1991849375883243960,,,in,,0,0,0,https://x.com/emunivers_/status/1991849375883243960,1619946509050732549,emunivers_
1991725270018191445,2025-11-21 04:28:03+00:00,1,"Both. Menurutku keduanya punya ciri yg beda di kopinya (ofc yg biasa aku order), dan keduanya sama2 masuk di aku.
Tuku taste bitternya pas banget di aku, my coffee to go dah.
Kalo calf (yg smooth series) definisi citarasa baru dilidahku. Loov banget😭🫶🏻",1991725270018191445,,,in,,0,1,0,https://x.com/gandaputrimaa/status/1991725270018191445,1288310970805178368,gandaputrimaa
1991723661804597454,2025-11-21 04:21:40+00:00,0,"Calf dongg, tuku rasanya kyk kopi susu pada umumnya aj",1991723661804597454,,,in,,0,0,0,https://x.com/skautx/status/1991723661804597454,1529446662531596288,skautx
1991438764762362046,2025-11-21 04:19:24+00:00,0,"@DikaKhusuma1 jelas tukuu calf menang creamy doang, kalo tuku kopi nya ngopi bgttt",1991723095187652976,,DikaKhusuma1,in,,0,0,0,https://x.com/ramachance/status/1991723095187652976,324686562,ramachance
1991715405023650169,2025-11-21 03:48:51+00:00,10,"baru beli langsung mblayu nang tuku kopi. gemezzzzz

ayo tebak harga tumblr https://t.co/i4KBCEIzM5",1991715405023650169,https://pbs.twimg.com/media/G6P-mO1bcAA89r9.jpg,,in,,0,6,0,https://x.com/shtpstngalready/status/1991715405023650169,1160868649067880448,shtpstngalready
1991438764762362046,2025-11-21 03:43:10+00:00,0,"@DikaKhusuma1 calf, menurut gw tuku masih dominan di creamy nya, jadi terlalu gurih, khususnya untuk varian kopi susunya.",1991713975730590067,,DikaKhusuma1,in,,0,0,0,https://x.com/wismacibanteng/status/1991713975730590067,883145691954003969,wismacibanteng
1991438764762362046,2025-11-21 03:42:59+00:00,0,@DikaKhusuma1 Tuku! Rasanya soft susu kopi balance kaya enakk bgttt even udah cair esnya.. calf baru nyoba sekali enakk tapi tuku masih bestt,1991713926992785502,,DikaKhusuma1,in,,0,0,0,https://x.com/bbhyune0692/status/1991713926992785502,1092258500082692097,bbhyune0692
1991438764762362046,2025-11-21 03:41:43+00:00,0,"@DikaKhusuma1 pilihan sulit tp kalau emg harus pilih satu bakal pilih tuku, i don't know why aku biasanya gk seberapa suka kopi yg terlalu ""thick"" gitu cuma kalau tuku itu pengecualian 😂",1991713609366532221,,DikaKhusuma1,in,,0,0,0,https://x.com/sijeuni_m/status/1991713609366532221,1276567168511905792,sijeuni_m
1991305859390132686,2025-11-21 03:33:59+00:00,0,"@theonlyoneWoo_ gausah mancing-mancing deh, kopi tuku kopi tuku hufffttt ayo deh gass beli pas selasa tgl 25",1991711664664965389,,theonlyoneWoo_,in,,0,0,0,https://x.com/dzdishe/status/1991711664664965389,1136914052188237824,dzdishe
1991710643041497298,2025-11-21 03:29:56+00:00,0,"Belum pernah nyoba tuku, tapi calf bikin lambung gw geter anjrit. Pdhl gw biasanya gak bermasalah klo minum kopi 😭",1991710643041497298,,,in,,0,3,0,https://x.com/asbunism_/status/1991710643041497298,1637080752511913984,asbunism_
1991707653815562658,2025-11-21 03:18:03+00:00,0,"Kalo mau creamy ke tuku, kalo mau kopi yg strong calf. Bothhh enaakkk dan harganya gk jauh bedaa",1991707653815562658,,,in,,0,0,0,https://x.com/Helianthusisme/status/1991707653815562658,393387753,Helianthusisme
1991305859390132686,2025-11-21 03:16:31+00:00,0,@dzdishe Kopi tuku enak,1991707267537010967,,dzdishe,in,,0,1,0,https://x.com/theonlyoneWoo_/status/1991707267537010967,1517170358524461056,theonlyoneWoo_
1991705906862788908,2025-11-21 03:11:06+00:00,15,Bm kopi tuku 🥺,1991705906862788908,,,in,,0,0,0,https://x.com/Sayallohaa/status/1991705906862788908,1445268737712537600,Sayallohaa
1991704956244750440,2025-11-21 03:07:20+00:00,0,"Suka banget sama TUKU tapi setiap habis minum itu bener2 langsung muntah. 

Kalo kopi-kopi lain mungkin cuma tahap mual doank, tp klo ini bener-bener gk bisa nerima lambung gw, tetep aja sih kadang suka beli klo lg mumet. 🤲🥲",1991704956244750440,,,in,,0,0,0,https://x.com/aublanchee/status/1991704956244750440,1729545762122719234,aublanchee
1991703004203057563,2025-11-21 02:59:34+00:00,0,"Tuku lahh, soalnya lebih smooth. Calf gw langsung sakit perut 😭 but both adalah kopi andalan gw",1991703004203057563,,,in,,0,0,0,https://x.com/kuromisibls/status/1991703004203057563,1304212425172856832,kuromisibls
1991701652089536626,2025-11-21 02:54:12+00:00,0,Tuku. Soalnya punya americano/black coffee. 🥹,1991701652089536626,,,in,,0,1,0,https://x.com/lalapan_hijau/status/1991701652089536626,1475678364119666688,lalapan_hijau
1991701015314460818,2025-11-21 02:51:40+00:00,0,"klo kopi nya sih jelas calf, tp tuku punya jajanan enak haahah",1991701015314460818,,,in,,0,0,0,https://x.com/winkjiaer/status/1991701015314460818,1109304530389221376,winkjiaer
1991438764762362046,2025-11-21 02:38:20+00:00,0,@DikaKhusuma1 tentu saja tuku krn kopi nya ga terlalu strong kaya calf. tuku lebih enak bgt kl extra milk tp sayangnya menurutku tiap outlet rasanya beda2 deh,1991697660450074861,,DikaKhusuma1,in,,0,0,0,https://x.com/Noonecaresyou_/status/1991697660450074861,415339667,Noonecaresyou_
1991438764762362046,2025-11-21 02:17:32+00:00,5,"@DikaKhusuma1 tim tuku, kalo calf menurut gw kopi nya agak gosong gitu gasih after taste nya tpi enak juga kok creamy dan dan ga terlalu manis",1991692423597289798,,DikaKhusuma1,in,,0,0,0,https://x.com/Esra00Silalahi/status/1991692423597289798,1613167953129934853,Esra00Silalahi
1991438764762362046,2025-11-21 01:56:33+00:00,0,"@DikaKhusuma1 Tuku yg kopi susu tetangga bessttt sihh, soon dehh nyobain calf huhuhuuu",1991687144541475042,,DikaKhusuma1,in,,0,0,0,https://x.com/inafadila06/status/1991687144541475042,2923271874,inafadila06
1991678351246057834,2025-11-21 01:21:37+00:00,1,"Depends! Bolder coffee goes to Calf Premium, creamy and sweeter. Perbandingannya kalo beli Normal Tuku = Less sugar nya CALF. Buat kopi nya aku lebih suka rasa dari TUKU, yang masi rich tapi smooth. Dan juga CALF tidak aman buat lambung di pagi hari….. 🙂‍↔️",1991678351246057834,,,in,,0,2,0,https://x.com/sheanira/status/1991678351246057834,1462402779821981698,sheanira
1991460871932191124,2025-11-20 11:02:21+00:00,1,@copiismine Mau tuku😭😭 enak bgt yaa jd org kota semudah itu beli tuku. Disini gaada tuku pls suruuu bukaaaaaaaa di lombokk😭 capeeee ke bali trs kalo mau cari tuku. Wkwkwk semenjak beli yg kopsu tetangga lidah aku ga cocok sama kopi yg lain😭 sejauh ini blm ada yg ngalahin tuku,1991462110212288524,,copiismine,in,,0,1,0,https://x.com/wannagotoeurope/status/1991462110212288524,1723940482647203840,wannagotoeurope
1991454094658097306,2025-11-20 10:31:51+00:00,0,@FWBaseSby kopi tuku,1991454434245898338,,FWBaseSby,in,,0,0,0,https://x.com/ssycuna/status/1991454434245898338,4610408052,ssycuna
1991453317592195215,2025-11-20 10:27:24+00:00,0,tiap ngajak ke kopi tuku kalau jawabnyaa “rameee” itu tandanya apa yaa? 😂,1991453317592195215,,,in,,0,0,0,https://x.com/Mannovelle/status/1991453317592195215,1975434822874243072,Mannovelle
1991443781800063426,2025-11-20 09:50:31+00:00,0,"""eddy koraono iki""
""eddy tukukno sego aku luwe""
""eddy ngkok mampiro tuku kopi yo. tukuo pisan tak bayari""
""pesen o, dy. nyoh duit e""",1991444033961677155,,manganhebat,in,,0,0,0,https://x.com/manganhebat/status/1991444033961677155,1980090332294553600,manganhebat
1991441106563920369,2025-11-20 09:38:53+00:00,0,"Bosen kopi yang rasanya plain? 😩☕ Coba Toko Kopi Tuku—creamy, bold &amp; bikin mood balik lagi! Cek menu + promonya 👉 https://t.co/BGytujbj52 https://t.co/7MR49kJmjj",1991441106563920369,https://pbs.twimg.com/media/G6MFGokacAIP82a.jpg,,in,,0,0,1,https://x.com/witrisyahputri/status/1991441106563920369,71719121,witrisyahputri
1991438172086243571,2025-11-20 09:27:14+00:00,0,kopi tuku made my day,1991438172086243571,,,in,,0,0,0,https://x.com/riuh/status/1991438172086243571,47405386,riuh
1991434930694569993,2025-11-20 09:14:21+00:00,0,"yeaaa point coffee semakin dekat rumah ☝🏻
sambi tuku masako 😭",1991434930694569993,,,in,,0,0,0,https://x.com/sumekarjati/status/1991434930694569993,161193801,sumekarjati
1991423344546312248,2025-11-20 08:28:18+00:00,0,"tbtb keingett, aku terakhir minum kopi tuku kapan yaaa?😭😭",1991423344546312248,,,in,,0,0,0,https://x.com/frappepucino/status/1991423344546312248,1082184507829022720,frappepucino
1991410356133196031,2025-11-20 07:36:42+00:00,0,"Promo kopi shopeefood favoritmu

Kopi Calf
https://t.co/9JZ29zIs09

Kopi Tuku
https://t.co/vkZDvhSw1K

Kopi Philosophy
https://t.co/Q7X7vX5fiP

Kopi Kenangan
https://t.co/W98Ul1yEow

Janji Jiwa
https://t.co/4Ruwz0dceq",1991410356133196031,,,in,,0,0,0,https://x.com/ike_tjn/status/1991410356133196031,513346093,ike_tjn
1991395427430854730,2025-11-20 06:37:22+00:00,0,"Promo Shopeefood

Kopi Tuku
https://t.co/tfpJK31Va0

Hi Kebab
https://t.co/vDOXJnflft

HokBen
https://t.co/G20mtSWnZ3

Momoyo
https://t.co/TfyfhjKrsw

Sushimate
https://t.co/Cks1coKDmE

UENA
https://t.co/t1nsOUeeVY

Mixue 
https://t.co/FfmOKwJU3J https://t.co/mnCSjaVNIa",1991395427430854730,https://pbs.twimg.com/media/G6LblMKa0AAqvDT.jpg,,in,,0,0,0,https://x.com/3esihma/status/1991395427430854730,1847151278776111104,3esihma
1991390104682918217,2025-11-20 06:16:13+00:00,1,"gw kalo jd ar udh gila sih, ngurusin dua org dgn watak yg sama bebalnya gini (bapaknya dan abangnya), smgt ya arrr, nanti ak beliin km kopi tuku 1 liter",1991390104682918217,,,in,,0,0,0,https://x.com/bittersweeetyyy/status/1991390104682918217,1748732117104885760,bittersweeetyyy
1991375715200364615,2025-11-20 05:19:17+00:00,0,"kopi tuku
https://t.co/jCDhrAxOSM

shihlin
https://t.co/7zI8guksbS https://t.co/5Azfh3p3J0",1991375777229861339,https://pbs.twimg.com/media/G6LJtzJbYAAJCOr.jpg,divetodeepest,in,,0,1,0,https://x.com/divetodeepest/status/1991375777229861339,1943274929912451072,divetodeepest
1991372934355775719,2025-11-20 05:08:00+00:00,0,"Atasanku kan ngajak beli Tuku. Aku kan merasa bersalah ya ngopi terus. Lalu ku katakan saja lantang-lantang, ""Aku kan akan bekerja keras hari ini. Aku butuh dan deserve kopi."" 

Kemudian, Pak Konselor ketawa ngakak, ""Schéa mah nyari-nyari validasi aja biar beli kopi!""

HEHE. 🙂",1991372934355775719,,,in,,1,0,0,https://x.com/moreofschones/status/1991372934355775719,1950810345469345792,moreofschones
1991347070796722373,2025-11-20 04:45:12+00:00,0,"@retrophlie tuku enak banget ❌
telah terjadi persetubuhan hebat antara aku dan kopi tuku ✅",1991367197743370373,,retrophlie,in,,0,0,0,https://x.com/carnaftion/status/1991367197743370373,3193442789,carnaftion
1991362868491743439,2025-11-20 04:28:00+00:00,0,"Udah ke tuku eh malah tutup pulak gara2 renov.  Beli kopi lain harga mehong, yaudahlah yaa 🫠",1991362868491743439,,,in,,0,0,0,https://x.com/fingerxbp/status/1991362868491743439,1959262978165051392,fingerxbp
1991356037832778051,2025-11-20 04:00:51+00:00,0,"pagi2 abang2 bawa tuku literan tp udh dikasih warning ""hawra jangan yaaa hawraa"" knowing i'm usually not good with coffee, tp gue dgn keyakinan penuh....

hours later: hitting the jackpot 🙃",1991356037832778051,,,in,,0,0,0,https://x.com/klarisaurus/status/1991356037832778051,834393691619983361,klarisaurus
1991137055066226706,2025-11-20 03:16:32+00:00,0,@trix11ee @Hariztsyah_14 butuh kopi tuku 2liter bang🫴🏻 (2),1991344886386479307,,inggtrovertt,in,,0,1,0,https://x.com/matchaaataroo/status/1991344886386479307,1801959756116238336,matchaaataroo
1991335335037710689,2025-11-20 02:38:35+00:00,0,"Hari ini terpantau mendung, jadi enak buat jogging, biasanya jam 6 mataharinya uda panas. Lanjut ke pom bp HR, dan ditutup dengan kopi tuku 
Hari yg indah 🫶 https://t.co/KR6zi2YD6p",1991335335037710689,https://pbs.twimg.com/media/G6Kk7oLaEAAPtNT.jpg,,in,,0,0,0,https://x.com/iisaanisaa/status/1991335335037710689,1304008084528922626,iisaanisaa
1991321083258237433,2025-11-20 01:53:35+00:00,0,@kiaawo Kopi tuku,1991324009322201307,,kiaawo,in,,0,1,0,https://x.com/hastwoashtwo/status/1991324009322201307,1188984956589993985,hastwoashtwo
1991137055066226706,2025-11-20 01:47:35+00:00,0,@Hariztsyah_14 butuh kopi tuku 2liter bang🫴🏻,1991322497959227587,,Hariztsyah_14,in,,0,2,0,https://x.com/inggtrovertt/status/1991322497959227587,1288864151083745287,inggtrovertt
1990812796737470631,2025-11-18 16:02:12+00:00,0,gue mau bikin kopi tp ni orang depan kamar lg ngeplotting resep tuku buat danusan😭,1990812796737470631,,,in,,0,0,0,https://x.com/irisyrise/status/1990812796737470631,1376206532912668672,irisyrise
1990810830284497044,2025-11-18 15:54:24+00:00,0,besok harus bli kopi tuku 300ml sekali tenggak biar ngilangin sial,1990810830284497044,,,in,,0,0,0,https://x.com/pivfle/status/1990810830284497044,1329081643215118339,pivfle
1990256299142238657,2025-11-18 15:32:44+00:00,0,"@representatif Entah kenapa setelah menikmati tren kopsu mulai dari ksk, famima, tomoro, janjiw, kopken, calf, tuku, bahkan kedai kopi lokal, jadi bosen :( ga ada lagi spark minum beginian bahkan less sweet pun masih manis banget",1990805379736015120,,representatif,in,,0,0,0,https://x.com/nadiakputri/status/1990805379736015120,65580931,nadiakputri
1990606843891310947,2025-11-18 15:29:56+00:00,1,"@bagindo_kopi wes mandek sik tuku pertalite bosok, timbang libom sing mogok tambah entek akeh dan''e,

Iki ae motor mrembet nang dinamo stater e gara'' mogak mogok wingenane. Asyyyuuuu",1990804673817948390,,bagindo_kopi,in,,0,0,0,https://x.com/jee_creepers/status/1990804673817948390,2917116386,jee_creepers
1990793675832803773,2025-11-18 14:46:14+00:00,2,"Studi kasusnya satu semester ini mobil listrik, kopi fore, kopi tuku. Semua gada yang relate karena daerah w ngga ada.
Kalo point/gold coffee gue maju paling depan.",1990793675832803773,,,in,,0,1,0,https://x.com/nat_diklofenak/status/1990793675832803773,1310178245069819904,nat_diklofenak
1990789210333474879,2025-11-18 14:28:29+00:00,0,tadi beli tuku trus maunya minum di sana pas minuman w jadi PENUH njir pdhal pas w dteng spot fav aku masih kosong akhirnya w geser ke satu kopi beli kopi lagi,1990789210333474879,,,in,,0,0,0,https://x.com/teletabjtch/status/1990789210333474879,1727685994110205952,teletabjtch
1990788760834093101,2025-11-18 14:26:42+00:00,0,"Gapernah terbesit dlm bayangan gw, ada yg open jastip kopi tuku😭😭😭😭😭😭 kata gw emang kopi tuku waktunya buka outlet ke seluruh pelosok negeri😭☝🏻",1990788760834093101,,,in,,0,0,0,https://x.com/bittersweeetyyy/status/1990788760834093101,1748732117104885760,bittersweeetyyy
1990765482488819749,2025-11-18 12:54:12+00:00,0,Ini degdegan perkara hbs minum kopi tuku atau psikis emang udh kena jadi curiga tiap ada ketenangan khawatir bakal ada darderdor,1990765482488819749,,,in,,0,0,0,https://x.com/xxxdusttt/status/1990765482488819749,1860262544,xxxdusttt
1990765478520946872,2025-11-18 12:54:11+00:00,0,kopi tuku gua ilang di kulkas kantor https://t.co/BW5QmuL5IO,1990765478520946872,https://pbs.twimg.com/tweet_video_thumb/G6CepS1bkAA6PB1.jpg,,in,,0,0,0,https://x.com/ibanibunn/status/1990765478520946872,1140607491044044801,ibanibunn
1990758443498840568,2025-11-18 12:26:14+00:00,0,kgn kopi tuku https://t.co/pf4n9bfh3o,1990758443498840568,https://pbs.twimg.com/media/G6CYQJBbQAA1GKK.jpg,,in,,0,0,0,https://x.com/Sosoolaaa25/status/1990758443498840568,1978218433339850752,Sosoolaaa25
1990749295172350026,2025-11-18 11:49:52+00:00,0,Ra sido budal tuku kopi karo dimsum aku bangsaaaaattttttt.,1990749295172350026,,,in,,0,0,0,https://x.com/moornidge/status/1990749295172350026,1183295717940457473,moornidge
1990746692250161600,2025-11-18 11:39:32+00:00,0,"opo jajal nelateni dodolan kopi wae yaa,sopo ngerti iso tuku club",1990746692250161600,,,in,,0,0,0,https://x.com/vascodgamaaaa/status/1990746692250161600,1887561999867084800,vascodgamaaaa
1990741425986675164,2025-11-18 11:18:36+00:00,0,"Pencapaian bener makan siang cuma pake kebab + kopi tuku dari acara kantor dan bakpao famima 1 biji.
Semoga kaga asem lambung lagi aje ini",1990741425986675164,,,in,,0,0,0,https://x.com/moo_timomo/status/1990741425986675164,1329829190527459330,moo_timomo
1990650809504456939,2025-11-18 11:14:55+00:00,1,@pandiiii_a Kopi tuku,1990740498005328049,,pandiiii_a,in,,0,0,0,https://x.com/RisFinity/status/1990740498005328049,1377526966941667331,RisFinity
1990665845312512258,2025-11-18 11:03:37+00:00,0,@nemovialax ayo coba kopi tuku trus isi kuesionerku mwehehe,1990737653805850844,,nemovialax,in,,0,1,0,https://x.com/quailescent/status/1990737653805850844,1472799872621285376,quailescent
1990714099806650661,2025-11-18 09:30:01+00:00,0,"Tor monitor ketua, kopi tuku saya habis ketua, besok sudah tidak bisa ngopi tuku ketua 😔✊🏻",1990714099806650661,,,in,,0,0,0,https://x.com/urlittleleoboy/status/1990714099806650661,1609885234086154240,urlittleleoboy
1990366568916955345,2025-11-18 09:24:45+00:00,0,"@AestheticalAnne aku tuku kopi + gorengan 10k, nambahe 1k jingan",1990712773769068801,,AestheticalAnne,in,,0,0,0,https://x.com/woleslur_/status/1990712773769068801,1082330727796985856,woleslur_
1990697804994654512,2025-11-18 08:25:16+00:00,0,Kopi tuku enak kali ya,1990697804994654512,,,in,,1,0,0,https://x.com/forworstt/status/1990697804994654512,1826811217249533953,forworstt
1988884760806953459,2025-11-18 07:33:51+00:00,0,"@koganenohikari Buat yg kopi addict kek gua, gua akui kopi beli jadi gitu paling enak rasanya adalah kopi tuku",1990684865390637203,,koganenohikari,in,,0,0,0,https://x.com/syhrlsetiawan/status/1990684865390637203,564333646,syhrlsetiawan
1990678251266846827,2025-11-18 07:07:34+00:00,1,"Adus, macak ngganteng, budhal tuku mie ayam, muleh e tuku kopi
Jan joss tenan",1990678251266846827,,,in,,0,0,0,https://x.com/Invidia_Ira1202/status/1990678251266846827,873923475999555584,Invidia_Ira1202
1990283672340377810,2025-11-17 04:59:39+00:00,0,"ga beres.
biasanya minum kopi sebulan sekali doang sangking ga kuatnya!
ini gue udah 2 bulan, setiap hari ga skip minum kopi sama sekali.
pulang ngampus pasti kalo ga tuku, kopken, ya warjo.
kalau libur, beli jago.
PERUT GUE KEBAL JUGA SEKARANG.",1990283672340377810,,,in,,0,0,0,https://x.com/yeortaa/status/1990283672340377810,1400452476290043907,yeortaa
1990278604266385823,2025-11-17 04:39:31+00:00,0,"kopi susu astro kalau less sugar enakkk yee, huuuu kemana aja selama wfh malah order tuku yg jauh-jauh",1990278604266385823,,,in,,0,0,0,https://x.com/keeptures/status/1990278604266385823,1215835553129619458,keeptures
1990256299142238657,2025-11-17 03:10:53+00:00,155,"Salah satu dampak yang aku enggak suka dari tren kopsus gula aren terutama pasca Kopi Tuku, Calf, dsb dkk:

Ekspektasi sensori creamy yang harus berat di lidah.

Semakin creamy semakin diasosiasikan murni fresh milk.

Padahal fresh milk enggak se-creamy itu.",1990256299142238657,,,in,,4,9,28,https://x.com/representatif/status/1990256299142238657,861254530670837760,representatif
1916415385420832814,2025-11-17 02:41:51+00:00,0,"@Rienoir ditemenku kak, tiap 2 minggu sekali biasanya open jastip kopi TUKU",1990248990982738306,,Rienoir,in,,0,1,0,https://x.com/urihuimang218/status/1990248990982738306,1291397676924145670,urihuimang218
1990241076838592693,2025-11-17 02:17:36+00:00,0,@terfebyfeby sung saja kopi tuku,1990242891265118519,,terfebyfeby,in,,0,0,0,https://x.com/pawanggacoan/status/1990242891265118519,1469480861925998592,pawanggacoan
1990240915257205182,2025-11-17 02:09:45+00:00,3,"menyambut hari senin dengan bekerja ditemani kopi tuku, donat, sama........ kengthomas.............. 🙏 https://t.co/bLgDJSlyZQ",1990240915257205182,https://pbs.twimg.com/media/G57Bj6LbMAAa5QM.jpg,,in,,2,0,0,https://x.com/geminuls/status/1990240915257205182,1256390058132697088,geminuls
1990230484581016042,2025-11-17 01:28:18+00:00,0,kepo bgt sm rasa tuku si kopi favorit org org,1990230484581016042,,,in,,0,1,0,https://x.com/negeriberkisah/status/1990230484581016042,1250617790202957825,negeriberkisah
1990224290420253088,2025-11-17 01:03:47+00:00,0,"kopi tuku
https://t.co/nzlR44X5FJ

shihlin
https://t.co/dV52osIeKw https://t.co/AQ9Xa5kJRE",1990224313996521499,https://pbs.twimg.com/media/G56s4v6asAAks2f.jpg,dyysyeee,in,,0,1,0,https://x.com/dyysyeee/status/1990224313996521499,1937115249125306368,dyysyeee
1990223225557758013,2025-11-17 00:59:28+00:00,0,"kopi tuku di MRT Bundaran HI udah buka, dan antre dong... termasuk vending machine dia yg tepat di sebrangnya. pinter lah emang.. lokasi di dekat ex-starbak ya, yg keluar di kedutaan Yaban.",1990223225557758013,,,in,,1,0,0,https://x.com/kusumamia/status/1990223225557758013,324736043,kusumamia
1990213575051559167,2025-11-17 00:21:07+00:00,0,"Promo Shopeefood

Republic Kebab
https://t.co/CWZD2bbNYv

Kopi Tuku
https://t.co/6NgftKQDeW

Mie Gacoan
https://t.co/WJBxOXXXDN

Familymart
https://t.co/F1GF1jvGQj

Republic Kebab
https://t.co/vUi6yr3gHv

Fish Streat
https://t.co/hSx5LSGNtR

Fore Coffee
https://t.co/ShkOlq2KuX https://t.co/1mJt8wd5CS",1990213575051559167,https://pbs.twimg.com/media/G56osVwbgAEFxnq.jpg,,in,,0,0,0,https://x.com/3esihma/status/1990213575051559167,1847151278776111104,3esihma
1990208509095649658,2025-11-17 00:00:59+00:00,3,"Mau beli Tuku Kopi gila sih lihat antriannya BP yg deket Delta Plaza... BPnya antri, Tukunya jg antri sampai luar depan pintu storenya.",1990208509095649658,,,in,,1,2,1,https://x.com/lulutratna/status/1990208509095649658,135761785,lulutratna
1990202689427472675,2025-11-16 23:37:51+00:00,0,kemarin baru nyobain tuku lagi kan yg di bdg trs ternyata aku baru ngeh jg klo aku gasuka kopi yg asem gtu(?) dan akhirnya tetep lebih suka makmur jayaa,1990202689427472675,,,in,,0,0,0,https://x.com/heeseungyoun/status/1990202689427472675,1202857730416865284,heeseungyoun
1990182623755501936,2025-11-16 22:18:07+00:00,0,"Franchise Kopi Tuku brp sih, mau buka di Semarang apa ya? Wkwk",1990182623755501936,,,in,,0,1,0,https://x.com/pack_dudung/status/1990182623755501936,1462474534259355654,pack_dudung
1990129609547882995,2025-11-16 18:47:28+00:00,0,"depok random bgt daahh, ngopi di kopi tuku ada pengamen pake kostum pocong trs ga lama ada kuda lumping atraksi nyembur api bejirrrr",1990129609547882995,,,in,,0,0,0,https://x.com/sfathzee/status/1990129609547882995,1406697740,sfathzee
1990115092013477993,2025-11-16 17:49:47+00:00,0,I Promise akustikan gitu prasmanannya apa ya? kambing guling? atau zuppa soup? bonus kopi tuku sm eskrim free refill enak gaksi?,1990115092013477993,,,in,,0,1,0,https://x.com/shuakatto/status/1990115092013477993,1466444166066589712,shuakatto
1990036440714276995,2025-11-16 17:11:00+00:00,0,@Ccookk_ pas 2019 pernah suka sama salah satu coffee shop local yg punya kopi susu signature seenak itu. saking enaknya gua berani bilang lebih enak dari tuku trs tbtb setahun kemudian beli lg eh berubah total gaenak bgt malah enakan kopi sachet😭😭,1990105334652829848,,Ccookk_,in,,0,0,0,https://x.com/sateayamyum/status/1990105334652829848,1836983158505623552,sateayamyum
1990105293368484126,2025-11-16 17:10:50+00:00,1,Ternyata aku cuma gakuat kopi tuku. Hari ini beli kopi golden gapapa tuh. Bye2 tuku,1990105293368484126,,,in,,0,0,0,https://x.com/endearingtyong/status/1990105293368484126,989880539170533376,endearingtyong
1751430901320544642,2025-11-16 16:58:16+00:00,0,siangnya duduk di lapangan softball dan mampir ke kopi tuku di gbk ⭐️⭐️⭐️⭐️ https://t.co/BkUg8DLLou,1990102128556171764,https://pbs.twimg.com/media/G55DVFva8AAdRm3.jpg,metmeinthewoood,in,,0,1,0,https://x.com/metmeinthewoood/status/1990102128556171764,1651564734435696640,metmeinthewoood
1990100084432797917,2025-11-16 16:50:09+00:00,0,"Kenapa klo minum kopinya calf, tuku, fore (kopi dari tani) lama habisnya? Ngga segampang klo lg beli/minum famima, kopken, tomo2 🤔😂",1990100084432797917,,,in,,0,0,0,https://x.com/nukyagie/status/1990100084432797917,42336636,nukyagie
1989539568887149020,2025-11-16 16:31:35+00:00,0,"@drhaltekehalte Bukan seri F-91W sih tapi dah punya produknya. So, ku tunggu mimin kirimin kopi tuku buatku besok ya! https://t.co/IDiZz3X1rH",1990095414394237310,https://pbs.twimg.com/media/G549O64aYAA4e0E.jpg,drhaltekehalte,in,,0,0,0,https://x.com/BangCokssss/status/1990095414394237310,1795510287682228224,BangCokssss
1989624662364676292,2025-11-16 15:53:03+00:00,0,@punlegend KOPI TUKU BESTTTT,1990085717205123348,,punlegend,in,,0,0,0,https://x.com/niacinamidezzz/status/1990085717205123348,1242530827474362368,niacinamidezzz
1990082625277509633,2025-11-16 15:40:46+00:00,0,Life update: udah nyobain kopi tuku.,1990082625277509633,,,in,,0,0,0,https://x.com/serpentits/status/1990082625277509633,1434851732,serpentits
1990078285531721786,2025-11-16 15:23:31+00:00,0,teh susu kopi tuku anj enak bgt lu,1990078285531721786,,,in,,0,1,0,https://x.com/baboyskiiee/status/1990078285531721786,1648923309248245760,baboyskiiee
1990056991302222284,2025-11-16 14:54:28+00:00,0,"@beelszebul klo mau kopi yg strong tp rasanya “sopan” di mulut, aku dulu suka pesen avogato (klo gasalah ini namanya wkwkw) kopi tuku. itu alpukat coklat pake espresso",1990070973219954888,,beelszebul,in,,0,1,0,https://x.com/narusearima/status/1990070973219954888,1443152017497595905,narusearima
1990062717584208185,2025-11-16 14:21:40+00:00,0,KAPAN YA AKU PUNYA WAKTU UNTUK KE GERBEL BELI MOCCACINO TUKU KOPI YANG KATA NABIL ENAK,1990062717584208185,,,in,,0,1,0,https://x.com/aimebleur/status/1990062717584208185,766656518796304384,aimebleur
1990051801199227048,2025-11-16 13:38:17+00:00,3,tuku boleh ga si ciptain botol muat 7 litter kopi 😭😭,1990051801199227048,,,in,,0,1,0,https://x.com/abeellaa__/status/1990051801199227048,1763923362789920768,abeellaa__
1989964085795123509,2025-11-16 13:16:48+00:00,0,"@karinabjir Kopi, kopi apa yg suka ngelawak? Tuku arwana🤣🤣🤣🤣",1990046396813304008,,karinabjir,in,,0,1,0,https://x.com/cintakminjeong/status/1990046396813304008,1786771847058722817,cintakminjeong
1989900499903283390,2025-11-16 13:16:42+00:00,0,@journeywithApr kak April rekomen kopi tuku yang gak terlalu kopi banget dunkk🫠,1990046370754101460,,journeywithApr,in,,0,1,0,https://x.com/bujangmwarkli/status/1990046370754101460,1560870152220348418,bujangmwarkli
1990039498810614045,2025-11-16 12:49:24+00:00,1,kopi terenak dan teramah di perut diwan en onli tuku huhu,1990039498810614045,,,in,,0,1,0,https://x.com/diumot/status/1990039498810614045,1007998016584708097,diumot
1990039313560773117,2025-11-16 12:48:40+00:00,0,"thread lg ngomongin krimer kopi tuku, banyak yg bilang minum tuku bikin mual, tremor, mules. itu efek kaffein ya kackkk. kenapa bisa di kopi A gak begitu kopi B begitu, karena beansnya beda, persentasenya beda, semua ada efeknya",1990039313560773117,,,in,,0,1,0,https://x.com/Istanyoucapt_/status/1990039313560773117,1874420664964431872,Istanyoucapt_
1990035515681489146,2025-11-16 12:33:34+00:00,0,"Kopi Tuku ini enaknya ga masuk akal 😭🤎 wajib coba!

👉 Cek menu + promo di sini ⬇️
https://t.co/LbdfzNnJVh https://t.co/eRT05yqwHf",1990035515681489146,https://pbs.twimg.com/media/G54GwBRbwAAat8f.jpg,,in,,0,0,0,https://x.com/witrisyahputri/status/1990035515681489146,71719121,witrisyahputri
1990034705765531992,2025-11-16 12:30:21+00:00,0,Gue cinta banget kopi Tuku masyallah,1990034705765531992,,,in,,0,0,0,https://x.com/punyajejjjew/status/1990034705765531992,1196946456310996992,punyajejjjew
1990022196241281309,2025-11-16 12:26:52+00:00,0,@iminalabb Titip kopi tuku dong kamu kan baik hati pintar dan tidak sombong😭,1990033830951162352,,iminalabb,in,,0,0,0,https://x.com/pantai_gunung/status/1990033830951162352,1935533242813468672,pantai_gunung
1990033348719497248,2025-11-16 12:24:58+00:00,1,"allahumma barik, akhirnya me time juga😭🫶🏻
📍Soora sushi club
📍Kopi Tuku
📍 Ayam wangi mbok ti https://t.co/hxctfU8mEi",1990033348719497248,https://pbs.twimg.com/media/G54Exh6aYAAJRCo.jpg,,in,,0,1,0,https://x.com/bbrienda/status/1990033348719497248,480070761,bbrienda
1990030422399668322,2025-11-16 12:13:20+00:00,0,kopi tuku bintang 4☝🏻☝🏻☝🏻☝🏻,1990030422399668322,,,in,,0,0,0,https://x.com/nnalaliyaa/status/1990030422399668322,1711364697608585216,nnalaliyaa
1989868891636719816,2025-11-16 12:03:02+00:00,9,"@pandji KOPI:
- Klinik Kopi (kopi filter / dirty latte)
- Couvee (kopi susu, better than Tuku for me)

BAKMI JAWA:
- Bakmi Gandok (ada kopinya juga)

GUDEG MALAM:
- Gudeg Yu Yah",1990027831787815380,,pandji,in,,0,0,0,https://x.com/depannya_D/status/1990027831787815380,273323095,depannya_D
1990021262165610637,2025-11-16 11:36:56+00:00,12,"Finally mampir ke Toko Kopi Tuku Kotabaru, Yogyakarta 😍 Senang bisa #BertetanggaBaik disini hohohoo https://t.co/gnUzl4FWh5",1990021262165610637,https://pbs.twimg.com/media/G535vfHasAA01--.jpg,,in,,0,1,0,https://x.com/uglysinner123/status/1990021262165610637,1008668492747296769,uglysinner123
1990002404574859591,2025-11-16 10:58:53+00:00,0,@providied Ini dia highlight of the day (kopi tuku),1990011688092107168,,providied,in,,0,1,0,https://x.com/ssleepknot/status/1990011688092107168,2818710096,ssleepknot
1989710938145263818,2025-11-16 09:31:50+00:00,0,@bengkeldodo Jadi yg katanya investor udah antri kayak antrinya kopi tuku itu udah berapa yang masuk??,1989989780755800266,,bengkeldodo,in,,0,0,0,https://x.com/el_bendoyo/status/1989989780755800266,85696478,el_bendoyo
1989984859163603118,2025-11-16 09:12:17+00:00,0,"Spill promo shopeefood edisi kopi recomended

Kopi Calf
https://t.co/9JZ29zIs09

Kopi Tuku
https://t.co/vkZDvhSw1K

Kopi Philosophy
https://t.co/Q7X7vX5fiP

Kopi Kenangan
https://t.co/W98Ul1yEow

Janji Jiwa
https://t.co/4Ruwz0dceq",1989984859163603118,,,in,,0,0,0,https://x.com/ike_tjn/status/1989984859163603118,513346093,ike_tjn
1989966949183619270,2025-11-16 08:01:07+00:00,0,From this to this bgt ni ceritanya. 40 menit untuk kopi tuku 😭 https://t.co/A2uIRmYs0y,1989966949183619270,https://pbs.twimg.com/media/G53IYsjb0AEUHfP.jpg,,in,,0,0,0,https://x.com/Dayenamn/status/1989966949183619270,924107712144617472,Dayenamn
1989965823918969029,2025-11-16 07:56:38+00:00,0,"Spill voucher promo shopeefood spesial kopi recomended

Kopi Calf
https://t.co/9JZ29zIs09

Kopi Tuku
https://t.co/vkZDvhSw1K

Kopi Philosophy
https://t.co/Q7X7vX5fiP

Kopi Kenangan
https://t.co/W98Ul1yEow

Janji Jiwa
https://t.co/4Ruwz0dceq",1989965823918969029,,,in,,0,0,0,https://x.com/ike_tjn/status/1989965823918969029,513346093,ike_tjn
1989928800927584271,2025-11-16 07:30:35+00:00,0,"@secanqueerkopi Livinfest mandiri ce, ada tenant kopi Tuku, antrinya 2 lajur 🤣",1989959267420668233,,sagupussy,in,,0,0,0,https://x.com/sanihanii/status/1989959267420668233,1059230938402451457,sanihanii
1989937415893790965,2025-11-16 06:03:45+00:00,1,Entah lebih suka Fore dibandingkan dengan kopi Tuku. Masalah selera kali yak. https://t.co/OlvyGJEPO2,1989937415893790965,https://pbs.twimg.com/media/G52tiMAa8AApxlh.jpg,,in,,0,0,0,https://x.com/Kapal333/status/1989937415893790965,1615954867457253378,Kapal333
1989932535284207722,2025-11-16 05:50:04+00:00,0,"Masih ada stok tuku karena kemarin misscom, w dah jajan kopi dan cuami jajanin tuku DUA + donat :)) https://t.co/4tW4ycDCrX",1989933968905719842,https://pbs.twimg.com/media/G52qZhsbkAMo5HE.jpg,salminedah,in,,0,0,0,https://x.com/salminedah/status/1989933968905719842,1670455536855449601,salminedah
1989933566650978681,2025-11-16 05:48:28+00:00,0,alhamdulillah rejeki iso nggo tuku kopi😊,1989933566650978681,,,in,,0,0,0,https://x.com/00xie_/status/1989933566650978681,1801836367833608192,00xie_
1989932860174995796,2025-11-16 05:45:46+00:00,0,"kopi tuku
https://t.co/nzlR44X5FJ

shihlin
https://t.co/dV52osIeKw https://t.co/UvCqq1Ucqx",1989932888583033230,https://pbs.twimg.com/media/G52paq7acAAIdOd.jpg,dyysyeee,in,,0,1,0,https://x.com/dyysyeee/status/1989932888583033230,1937115249125306368,dyysyeee
1989931420018696474,2025-11-16 05:39:56+00:00,0,"Masih misteri, kopi tuku bukit duri lebih enak dibanding jatner",1989931420018696474,,,in,,0,0,0,https://x.com/_RYZN7/status/1989931420018696474,423427077,_RYZN7
1989928800927584271,2025-11-16 05:29:31+00:00,0,Gokil antriannya Kopi Tuku 😭,1989928800927584271,,,in,,0,2,0,https://x.com/sanihanii/status/1989928800927584271,1059230938402451457,sanihanii
1989892039425888465,2025-11-16 05:03:11+00:00,0,@danskuss Ayo traktir aku kopi Tuku. Sebagai ganti rugi uang ngotot.,1989922174157947252,,danskuss,in,,0,1,0,https://x.com/keponakannnn/status/1989922174157947252,1679158424158998528,keponakannnn
1989719924026347599,2025-11-16 04:48:08+00:00,0,"@mochigula Makmur jaya coffee kak… 
(semacam “tuku” nya bdg).

Jangan lupa cobain dirty latte nya kalo ke makjay ya 👍

https://t.co/28GpRog9vX",1989918383438213482,,mochigula,in,,0,0,0,https://x.com/melesatmeleset/status/1989918383438213482,81546150,melesatmeleset
1989910375798911129,2025-11-16 04:16:18+00:00,0,"List Promo Shopeefood ⏬

Mie Gacoan
https://t.co/C3bSTB53pb

Sec Bowl
https://t.co/mB4XPldYEr

Solaria
https://t.co/UEdFT41Oya

HokBen
https://t.co/kxyZ5ycNeJ

Kopi Tuku
https://t.co/3ZApPIb9rL

Sushi Yay
https://t.co/x2It0qtFEv

Hotways Chicken
https://t.co/Skyp5UKUOO https://t.co/BQdQXXyrXL",1989910375798911129,https://pbs.twimg.com/media/G52U7vsboAAE-M1.jpg,,in,,0,0,0,https://x.com/m_mola9591/status/1989910375798911129,1882643851107848192,m_mola9591
1989902094128878059,2025-11-16 03:43:24+00:00,0,"guyysss, yg udh pernah cobain kopi tuku, boleh dong mintol isiin kuisioner ak🥹👉🏻👈🏻

https://t.co/sT6GQFbmjA",1989902094128878059,,,in,,0,0,0,https://x.com/Cacakuuuu/status/1989902094128878059,1339043497777643520,Cacakuuuu
1989900499903283390,2025-11-16 03:37:04+00:00,51,ih ada vending machine kopi Tuku di MRT https://t.co/XVz42HAK1j,1989900499903283390,https://pbs.twimg.com/media/G52L8fHbkAA4Yo1.jpg,,in,,3,13,1,https://x.com/journeywithApr/status/1989900499903283390,2402369514,journeywithApr
1989887845109305365,2025-11-16 02:46:47+00:00,0,"Gaada yg bisa ngalahin perasaan abis longrun trs minum kopi tuku, bener2 masyaAllah happy mentok alhamdulillahhh rasanya cukup dan bahagia bgt🥹 smg ttp dikasih nikmat bahagia sederhana ini tiap mingguuuuu amin!",1989887845109305365,,,in,,0,0,0,https://x.com/jerengginang/status/1989887845109305365,1699245634069643264,jerengginang
1989881589908795425,2025-11-16 02:21:55+00:00,0,edan bgt antrian kopi tuku muladii 😭😭😭,1989881589908795425,,,in,,1,1,0,https://x.com/mantanbrian/status/1989881589908795425,1843266436057407488,mantanbrian
1989880397006868520,2025-11-16 02:17:11+00:00,0,"List Promo Shopeefood ⏬

Momoyo
https://t.co/Ujv5camOiB

Tomoro Coffee
https://t.co/mMlWDaHYuL

Burger Bangor
https://t.co/ziz5kXbDck

Mie Gacoan
https://t.co/ppKB2N3tcS

Sushi Yay
https://t.co/kFdC2FSgge

Kopi Tuku
https://t.co/sWP9QwMKfu

HokBen
https://t.co/ZW09itDK1L https://t.co/dJ0XXl8K6U",1989880397006868520,https://pbs.twimg.com/media/G515qvzbgAAuRUU.jpg,,in,,0,0,0,https://x.com/m_mola9591/status/1989880397006868520,1882643851107848192,m_mola9591
1989870964105253022,2025-11-16 01:39:42+00:00,4,"info jastip kopi tuku di muladi, ke ungaran 😔",1989870964105253022,,,in,,0,0,0,https://x.com/notbackbvrner/status/1989870964105253022,2311406577,notbackbvrner
1989867294252740670,2025-11-16 01:25:07+00:00,7,Infokan kopi yg enak selain tuku pls,1989867294252740670,,,in,,0,18,0,https://x.com/aethereiaa/status/1989867294252740670,1325129832770936832,aethereiaa
1989848814195523749,2025-11-16 00:11:41+00:00,0,"Promo Shopeefood

Mie Gacoan
https://t.co/Xdj4hSfRSX

Kopi Tuku
https://t.co/l5hkpOfzgp

Nasi Kulit Gokskin
https://t.co/Tx1zPFbtBQ

Burger Bangor
https://t.co/CgfSMz63ep

HokBen
https://t.co/tSAkKW5GVi

Fish Streat
https://t.co/CXVxL6DcsP

Familymart
https://t.co/4StJ4dtn5o https://t.co/Y5iBSMYC8T",1989848814195523749,https://pbs.twimg.com/media/G51c8U4bkAMog6e.jpg,,in,,0,0,0,https://x.com/3esihma/status/1989848814195523749,1847151278776111104,3esihma
1989842395857330428,2025-11-15 23:46:11+00:00,1,"Ndes ada yg mau jastip kopi tuku ga?
Komen ya ntar ku dm",1989842395857330428,,,in,,1,7,0,https://x.com/SmgMenfess/status/1989842395857330428,966083473,SmgMenfess
1989834478794281076,2025-11-15 23:14:43+00:00,0,"ngomongin kopi tuku, jadi keinget kalo di bsd siang dikit belum affol kalo belum tuku",1989834478794281076,,,in,,0,0,0,https://x.com/fibakh7/status/1989834478794281076,575141637,fibakh7
1989827287886532898,2025-11-15 22:47:27+00:00,1,Ok I blame kopi tuku + taichan 40 tusuk for this,1989827617340756234,,dayeqt,in,,0,0,0,https://x.com/dayeqt/status/1989827617340756234,1247031850536546305,dayeqt
1989788515677376879,2025-11-15 20:12:05+00:00,0,Kopi tuku ngapa jadi bikin susah tidur 🥹,1989788515677376879,,,in,,0,0,0,https://x.com/ferzukay_/status/1989788515677376879,349451846,ferzukay_
1989753673430569261,2025-11-15 17:53:38+00:00,1,"pengen kopi tuku, besok terakhir di muladi dome yah ?",1989753673430569261,,,in,,0,1,0,https://x.com/urqueeninth/status/1989753673430569261,1336287248900268033,urqueeninth
1989741469574328733,2025-11-15 17:05:08+00:00,9,"‼️ Open jastip kopi tuku ready 16 nov sisa 5 slot ‼️ undip!
💰BCA, ShopeePay, Seabank, Cash
💬 088221513186 https://t.co/mdOb8MKa2i",1989741469574328733,https://pbs.twimg.com/media/G5z7UjxWwAAC4cO.jpg,,in,,0,5,0,https://x.com/UNDIP_FESS/status/1989741469574328733,1940165092194316288,UNDIP_FESS
1989739821888311370,2025-11-15 16:58:35+00:00,0,Toko Kopi Tuku dan Casio Gelar Program “Timeless Companion” https://t.co/n0NExCdMN7,1989739821888311370,,,in,,0,0,0,https://x.com/Kabar_Tangsel/status/1989739821888311370,546123555,Kabar_Tangsel
1989722743563297066,2025-11-15 15:50:43+00:00,0,"Malam minggu jam 7 wes turu, tangi jam 9 langsung budal tuku mie ayam tuku kopi terus muleh",1989722743563297066,,,in,,0,1,0,https://x.com/ilhamabx/status/1989722743563297066,1075057661228474369,ilhamabx
1989532001464881413,2025-11-15 15:23:47+00:00,1,"@dwsptqum Enakan juga kopi gratis..
Kalo tuku kan bayar🗿",1989715965417005313,,dwsptqum,in,,0,0,0,https://x.com/yudha_fahrizal/status/1989715965417005313,2990776784,yudha_fahrizal
1989524259102945374,2025-11-15 14:36:29+00:00,0,"@R0guehope folbek g (memaksa), nnti ak traktir kopi tuku di blok m🤭🤭🤭🤭🤭🤭",1989704061742956711,,R0guehope,in,,0,1,0,https://x.com/staryhaotopia/status/1989704061742956711,1586922341988458498,staryhaotopia
1989582061406146772,2025-11-15 13:30:10+00:00,1,"@jawafess Lagi musim ya
wong mumet tuku kopi ❌
wong mumet tuku jamu ✅",1989687371537829935,,jawafess,in,,0,0,0,https://x.com/pemudatangguh_/status/1989687371537829935,1327888728728080387,pemudatangguh_
1989687323089567893,2025-11-15 13:29:59+00:00,1,Yaallah pengen cireng isi sama kopi tuku,1989687323089567893,,,in,,0,0,0,https://x.com/whynissss/status/1989687323089567893,869752378118897664,whynissss
1989685908954816822,2025-11-15 13:24:21+00:00,0,"anjirr, antrian kopi tuku rame polll. 
mending turu ah:((",1989685908954816822,,,in,,0,0,0,https://x.com/khfyy_/status/1989685908954816822,2808958056,khfyy_
1989683782698312045,2025-11-15 13:20:37+00:00,92,"@undipmfs2 Kayaknya emang dibuat ekslusif di beberapa kota aja deh biar jadi daya tarik dan bisa jadi oleh-oleh
Buat jaga hype jg
Menilik Brownies Amanda yg ada di tiap kota hypenya jadi turun gak kyk KartikaSari

Tapi bolehlah Semarang adain Kopi Tuku, ibukota tapi berasa bukan ibukotaaaa",1989684969569181711,,undipmfs2,in,,1,0,0,https://x.com/dhiasfra/status/1989684969569181711,203018494,dhiasfra
1989683782698312045,2025-11-15 13:15:54+00:00,149,-dips! WOII KOPI TUKU YAKIN GA MAU BUKA DI SEMARANGG?!! LIAT LAA ANTUSIASNYAA 2 HARI INI GA MAEN MAEM WOII😭😭🫵🫵,1989683782698312045,,,in,,4,7,1,https://x.com/undipmfs2/status/1989683782698312045,1938014810056364032,undipmfs2
1989669719373484102,2025-11-15 12:20:02+00:00,0,Ada yang mau jastip lagi ga kalau besok aku open jastip kopi tuku untuk area semarang bawah?,1989669719373484102,,,in,,0,1,0,https://x.com/lavtabercerita/status/1989669719373484102,1343164873492951042,lavtabercerita
1989667248194425043,2025-11-15 12:10:12+00:00,0,apalah gw tanpa kopi tuku,1989667248194425043,,,in,,0,0,0,https://x.com/blo0dyvaIentine/status/1989667248194425043,1181566036593635329,blo0dyvaIentine
1989665914862932195,2025-11-15 12:04:54+00:00,0,Nek tuku kopi panas neng angkringan kok ampase gampang medun 😐,1989665914862932195,,,in,,0,0,0,https://x.com/Timisowara/status/1989665914862932195,1898845926380515328,Timisowara
1989664094434332800,2025-11-15 11:57:40+00:00,0,dah sebulan lebih keknya ga kena kopi tuku,1989664094434332800,,,in,,0,0,0,https://x.com/anakpapatimur/status/1989664094434332800,1190195430308511745,anakpapatimur
1989658328293937187,2025-11-15 11:34:46+00:00,0,ada yang jastip kopi tuku ga?,1989658328293937187,,,in,,0,0,0,https://x.com/strawberry12639/status/1989658328293937187,1566316742556602368,strawberry12639
1989554940789112858,2025-11-15 04:43:56+00:00,0,"Secara brand, Tuku emang udah gila si. Berawal dari sekadar ""jual kopi"".",1989554940789112858,,,in,,0,0,0,https://x.com/Khalistio18LFC/status/1989554940789112858,173395124,Khalistio18LFC
1989539568887149020,2025-11-15 04:30:28+00:00,21,"@drhaltekehalte Kenapa Casio milih collabs sama Tuku dan sebaliknya yah?
Kopi ke jam hmmm menarik",1989551549735940298,,drhaltekehalte,in,,0,1,0,https://x.com/radruderudet/status/1989551549735940298,105028931,radruderudet
1989542526760718822,2025-11-15 03:54:36+00:00,0,"SERIUS KOPI TUKU ENAK BANGET MASYAALLAH ALHAMDULILAH ALLAHUAKBARR, TAKBIRR GUYS TAKBIRRRRRR https://t.co/A9tVm09STP",1989542526760718822,https://pbs.twimg.com/tweet_video_thumb/G5xGYRZbUAA7jqM.jpg,,in,,1,0,0,https://x.com/hhmdzoy/status/1989542526760718822,1777230816697016320,hhmdzoy
1989541173833449624,2025-11-15 03:49:14+00:00,1,"ALHAMDULILLAH BISA NYOBAIN KOPI TUKUUUUU🥹🥹🥹🥹🥹 ENAK BANGETTTTT MAU NANGISSS,,, 
HALO HAI TUKU KENAPA GA BUKA CABANG DI SMG SIHHHH",1989541173833449624,,,in,,0,2,0,https://x.com/ednrain1_z/status/1989541173833449624,1157805225811464192,ednrain1_z
1989539568887149020,2025-11-15 03:42:51+00:00,2336,"TUKU berkolaborasi dengan CASIO. Harga mulai Rp300K. Bisa didapatkan di 10 Toko Kopi Tuku beberapa diantaranya di TUKU Cipete, Jatinegara, GBK, Kemang. Kenapa 10:00? 😬 https://t.co/KVIoA5mMBi",1989539568887149020,https://pbs.twimg.com/media/G5xDrlmawAAaThh.jpg,,in,,288,126,409,https://x.com/drhaltekehalte/status/1989539568887149020,1114754584155578368,drhaltekehalte
1989535896438514058,2025-11-15 03:28:16+00:00,0,"Kopi tuku buka cabang di semarang ga kata gua 🫵🏻, ini malah buka stand doang, antrinya kek setan ajg",1989535896438514058,,,in,,1,1,0,https://x.com/urlittleleoboy/status/1989535896438514058,1609885234086154240,urlittleleoboy
1989532001464881413,2025-11-15 03:12:47+00:00,40,Enak kopi tuku sih kataku https://t.co/qGNqwaIHqN,1989532001464881413,https://pbs.twimg.com/media/G5w8znqbkAMtFgH.jpg,,in,,0,6,2,https://x.com/dwsptqum/status/1989532001464881413,1571858130543476736,dwsptqum
1989492821334917572,2025-11-15 02:37:14+00:00,0,"@hazellaur_ Kopi jaya, tuku, calf, dan coffee shop lokal individu lainnya",1989523055656436023,,hazellaur_,in,,0,0,0,https://x.com/Rafayelismywife/status/1989523055656436023,1906960235262283776,Rafayelismywife
1989516422788383025,2025-11-15 02:10:53+00:00,0,"gw blm pernah beli starbak sama sekali dalam seumur hidup gw🤣 kadang emg penasaran pengen coba tp harganya yg gak waras buat secangkir kopi doang wkwk lagipula udah di boikot juga.. masih banyak kopi yg lebih enak contohnya kopi tuku, fore, point coffee",1989516422788383025,,,in,,0,0,0,https://x.com/evestar_/status/1989516422788383025,1706594761,evestar_
1989514095318770124,2025-11-15 02:01:38+00:00,0,duh ngopagnya pake kopi tuku enak sih ini,1989514095318770124,,,in,,0,0,0,https://x.com/hatemesometimez/status/1989514095318770124,369881672,hatemesometimez
1989513275105841210,2025-11-15 01:58:22+00:00,0,ini gaada yg jastip kopi tuku?,1989513275105841210,,,in,,0,0,0,https://x.com/oeangko/status/1989513275105841210,1667670157,oeangko
1989280495583264851,2025-11-15 01:50:57+00:00,0,"@doflameong @wonebime @ichachachak Enak aja sih :( 
Tapi yaudah di bandung juga banyak kopi enak lainnya :(

Tapi emang setiap dari kopi kan punya karakter masing masing, mungkin karakternya tuku ini masuk ke lidah banyak orang aja",1989511407352913939,,doflameong,in,,0,2,0,https://x.com/mang_kupi/status/1989511407352913939,360900531,mang_kupi
1989509896191316383,2025-11-15 01:45:03+00:00,0,"kopi tuku
https://t.co/nzlR44X5FJ

shihlin
https://t.co/dV52osIeKw https://t.co/xhdR0omo9v",1989509923475206202,https://pbs.twimg.com/media/G5wou2rbkAM2-L5.jpg,dyysyeee,in,,0,1,0,https://x.com/dyysyeee/status/1989509923475206202,1937115249125306368,dyysyeee
1989508030783017440,2025-11-15 01:37:32+00:00,0,"Promo Shopeefood

Tomoro Coffee
https://t.co/gRE57iMgbK

Dapur Cokelat
https://t.co/AkKkm2mPeO

Tahu Go
https://t.co/eMxSIx1PdF

Burger Bangor
https://t.co/zZZEWSXNLf

HokBen
https://t.co/ZjWqrCITWg

Mie Gacoan
https://t.co/affj0c8Jkj

Kopi Tuku
https://t.co/D7Dzfv7PRt https://t.co/0A03fY8Ese",1989508030783017440,https://pbs.twimg.com/media/G5wnAWzbkAItvCT.jpg,,in,,0,0,0,https://x.com/3esihma/status/1989508030783017440,1847151278776111104,3esihma
1989489918591316305,2025-11-15 00:25:34+00:00,0,"Promo Shopeefood

Ayam Keprabon
https://t.co/iHE1pqUCFu

Mang Katsu
https://t.co/Thgush1r7R

Kopi Tuku
https://t.co/F3n3r5OdeI

HokBen
https://t.co/vng38zekvb

SeIndonesia
https://t.co/1Z0VNw9y6H

Ayam Bang Dava
https://t.co/cQl9Z8A2Dr

Fore Coffee
https://t.co/YNJpQP88qd https://t.co/xpBWa6WkuR",1989489918591316305,https://pbs.twimg.com/media/G5wWh44a4AAgugp.jpg,,in,,0,0,0,https://x.com/3esihma/status/1989489918591316305,1847151278776111104,3esihma
1989235541754478848,2025-11-14 22:52:24+00:00,0,"@_yookarina BENERRR, kataku enakan tuku atau point. Kopi ntu mah menang gengsi doank",1989466474009035175,,may_it_bloom,in,,0,0,0,https://x.com/dijurang/status/1989466474009035175,1958381672,dijurang
1989317192199078149,2025-11-14 22:48:53+00:00,0,@chamcigimbab Tuku is kopi tuku,1989465590726275364,,chamcigimbab,in,,0,0,0,https://x.com/pyuksjin/status/1989465590726275364,1924718719600877568,pyuksjin
1989317192199078149,2025-11-14 22:48:39+00:00,0,@anothersjinnie Tuku is kopi tuku,1989465530902958135,,anothersjinnie,in,,0,1,0,https://x.com/pyuksjin/status/1989465530902958135,1924718719600877568,pyuksjin
1989117511397421557,2025-11-14 20:41:39+00:00,1,"@pemudatangguh_ 100 ewu gaweo tuku kentrung lak enak bolo, susuk e tukokno kopi sak morong",1989433568331006181,,pemudatangguh_,in,,0,0,0,https://x.com/kencilii/status/1989433568331006181,1209331278463373313,kencilii
1989339215851872539,2025-11-14 20:35:16+00:00,0,"@yeyyramr WOY SEJAK KAPAN TUKU ADA DI MULADI WKWKWKWK
Mana Strada juga ada mirip stand di event kopi biasanya (ada tester)
Sudah berkembang pesat ya bangunan dan kampus ini🥲",1989431962730471664,,yeyyramr,in,,0,1,0,https://x.com/pantopel_/status/1989431962730471664,421790392,pantopel_
1989407061424394465,2025-11-14 18:56:19+00:00,0,"slot sabtu menu KST tinggal 1 (menu lain masih bisa)
slot minggu masih ready

cuss lgsg DM siapa cepat dia dapat
-kopi tuku muladi dome",1989407061424394465,,,in,,0,1,0,https://x.com/jastipinsmrg/status/1989407061424394465,1363683369020657664,jastipinsmrg
1989399626324365821,2025-11-14 18:26:46+00:00,1,"Org org pada tergila gila ama tuku HEIIII KAWAN KAWAN, LIHATLAH DI SEBERANG. Kopi kemenangan masih pemenangnya",1989399626324365821,,,in,,0,0,0,https://x.com/rafiolarafiolo/status/1989399626324365821,1296598314381529089,rafiolarafiolo
1989377845257482432,2025-11-14 17:00:13+00:00,0,"what's ur favorite :
• kopi tuku
• matcha 
• cheesecake
• pantai dan senja
• jalan jalan
• talking
• hangout",1989377845257482432,,,in,,0,0,0,https://x.com/chezeyces/status/1989377845257482432,1855867931659542528,chezeyces
1989345609074278569,2025-11-14 16:53:13+00:00,0,"@txtdrkuliner kopi tuku botol 1L tahan 5 hari, masih enak",1989376083276566614,,txtdrkuliner,in,,0,0,0,https://x.com/ggulfknwt/status/1989376083276566614,1256046904883863553,ggulfknwt
1989365898176864331,2025-11-14 16:12:45+00:00,0,need jastip kopi tuku buat besok,1989365898176864331,,,in,,0,0,0,https://x.com/oeangko/status/1989365898176864331,1667670157,oeangko
1989362056202707427,2025-11-14 15:57:29+00:00,0,Sebelum antre kopi tuku 40 menit ituuu https://t.co/YefdYZ6be7,1989362056202707427,https://pbs.twimg.com/media/G5uiPKnaYAA8C_P.jpg,,in,,0,0,0,https://x.com/s0nris4_/status/1989362056202707427,1340950063011360770,s0nris4_
1988929065181667718,2025-11-14 15:55:41+00:00,0,"@keicinantya boikot + mahal.
masih ada Jago, Fore, Point, Tuku, dsb dan juga kopi sachet",1989361602764906966,,keicinantya,in,,0,0,0,https://x.com/bossbellkim2194/status/1989361602764906966,1688163975182393344,bossbellkim2194
1989321894122713200,2025-11-14 15:49:59+00:00,0,"@BoiboiboiAir niat tuku kopi, tapi rame bgt monyet",1989360170322084045,,BoiboiboiAir,in,,0,0,0,https://x.com/retrouvaillesvn/status/1989360170322084045,1474611222083301376,retrouvaillesvn
1989356318680027594,2025-11-14 15:37:57+00:00,0,"jj emg ga pernah suka kopinya. kalo kopken ga cocok sm biji kopinya. asemnya ga bs ditoleransi sm perut :(( 

dan anehnya, cm kopi dia doang yg begitu di aku. tuku itu americanonya kurang kecut apa, fore peach americanonya kurang asem apa. uda kopi rada asem, pake lg asem2an.",1989357142688825380,,putricynthiaeka,in,,0,1,0,https://x.com/putricynthiaeka/status/1989357142688825380,290410974,putricynthiaeka
1989357115937538233,2025-11-14 15:37:51+00:00,0,"dom semarang, kalo misal besok aku open jastip kopi tuku ada yg mau ga?",1989357115937538233,,,in,,0,1,0,https://x.com/biuwte/status/1989357115937538233,1769064726951260160,biuwte
1989001491684938067,2025-11-14 15:35:39+00:00,0,@capebangetnget Kopi tuku sama burger bangor deal? 🤝,1989356563249975464,,capebangetnget,in,,0,1,0,https://x.com/indslokal/status/1989356563249975464,1724848951394963456,indslokal
1989353763862466685,2025-11-14 15:24:32+00:00,0,"Sy cm 1 hari aja sih kl gelas gitu. Tp dulu pernah dikasih kopi tuku yg 1 botol gede itu, 3 hari masih enak kok 🤔",1989353763862466685,,,in,,0,0,0,https://x.com/LuckyTempeee/status/1989353763862466685,1682657584313143296,LuckyTempeee
1989344098575355937,2025-11-14 14:48:00+00:00,0,"same vibe sama ak yg ketemu bapak” perunggu di kopi tuku jogja, paginya ketemu di tuku malemnya nonton mereka manggung di cherry pop😋😋😋😋",1989344572305269201,,loveyoudearest,in,,0,0,0,https://x.com/loveyoudearest/status/1989344572305269201,1244992596004356097,loveyoudearest
1989274841527267812,2025-11-14 14:43:09+00:00,0,"@omnifore Menurutku kurleb dg Tuku kopi..
Enakk 😁😁",1989343351414595755,,omnifore,in,,0,0,0,https://x.com/MeAsyhar/status/1989343351414595755,1234283794649075713,MeAsyhar
1989073920516059417,2025-11-14 14:29:14+00:00,0,"@new_mo_imron @kezia_stal @NOTASLIMBOY Diriku suka Fore dan Tuku, Kak.
Kopi Kenangan gmn, Kak?",1989339848533230036,,new_mo_imron,in,,0,0,0,https://x.com/kumiskucing385/status/1989339848533230036,1683314556041592833,kumiskucing385
1941750637844365673,2025-11-14 14:27:40+00:00,0,"antre ""Tuku"" sampe bisa disambi main catur 😭.
""yakin nih kak satu aja? udah antre lho"" -kasir , wkwk akhirnya nyesel karna kopi lain yang dituju dah sold out 😭 https://t.co/Jdc2FnKevV",1989339453790572619,https://pbs.twimg.com/media/G5uNsASbkAATudQ.jpg,billabongbe,in,,0,1,0,https://x.com/billabongbe/status/1989339453790572619,1262055772239695872,billabongbe
1989336377058840763,2025-11-14 14:15:27+00:00,6,semangat ngewar kopi tuku ya yg di semarang 😭 aku lgi puas puasin minum tuku di jkt 😭,1989336377058840763,,,in,,0,1,1,https://x.com/urhowtygf/status/1989336377058840763,1354133198200954880,urhowtygf
1989300669161840719,2025-11-14 14:02:27+00:00,1,"@RagilSemar @taufik_q Kalo suka kopi manis kekinian pilih Kopi Tuku aja, lokal berkualitas. Kita negara kopi, kok pilih kopi brand luar.....",1989333107418275986,,RagilSemar,in,,0,1,0,https://x.com/9Barbrew/status/1989333107418275986,1665964732573192193,9Barbrew
1989329352954347978,2025-11-14 13:47:32+00:00,0,"Kayanya 2 hari ini bakalan ke event kopi tuku terus, sehat-sehat lambungku 🤤",1989329352954347978,,,in,,0,1,0,https://x.com/mangutpedes/status/1989329352954347978,1311113536509104128,mangutpedes
1989318039326851298,2025-11-14 13:10:13+00:00,4,"""kopi mu mana ?""
""ini kopi ku, tapi hari ini lagi ga Tuku, ini kopi sachet an biasa"" -rony https://t.co/VYF2HZZV9I",1989319961689379042,https://pbs.twimg.com/ext_tw_video_thumb/1989319887635017730/pu/img/cXML5t5ViBcjCcwq.jpg,NayyyArchive,in,,0,0,1,https://x.com/NayyyArchive/status/1989319961689379042,1500083330892517380,NayyyArchive
1989318343317233885,2025-11-14 13:03:47+00:00,11,"lagi ga beruntung, ga dapet kopi tuku:( https://t.co/mU37tsMM5c",1989318343317233885,https://pbs.twimg.com/media/G5t6egZaUAANj4S.jpg,,in,,0,4,0,https://x.com/RexMyer/status/1989318343317233885,1630890647564500992,RexMyer
1989311095501427113,2025-11-14 12:34:59+00:00,0,"Tadi cuma lewat timeline,
eh ada yang upload Es Kopi Susu Tetangga dari TUKU 😭
Auto ngidam… tapi panas banget buat keluar.
Buka ShopeeFood,
LAH kok TUKU lagi diskon ongkir + potongan harga??
Sekali klik → rider OTW → kopi mendarat.
https://t.co/0mJEx2ajoA https://t.co/btxvSeqqnz",1989311095501427113,https://pbs.twimg.com/media/G5tz5PWacAA8__m.jpg,,in,,0,0,0,https://x.com/witrisyahputri/status/1989311095501427113,71719121,witrisyahputri
1989280495583264851,2025-11-14 12:30:09+00:00,0,@wonebime @ichachachak Guys emang istimewanya Tuku apa sih?? Dibandingin kedai kopi merk lain??,1989309881254351233,,wonebime,in,,0,2,0,https://x.com/doflameong/status/1989309881254351233,1903446867322818560,doflameong
1989285401480331411,2025-11-14 10:52:53+00:00,0,kopi kemenangan &gt;&gt;&gt;&gt;&gt; tuku,1989285401480331411,,,in,,0,1,0,https://x.com/gacorisasi/status/1989285401480331411,1023551831274749952,gacorisasi
1989284567438836097,2025-11-14 10:49:34+00:00,0,"sekarang abis minum kopi tuku jadi mual, apakah lambungku sudah tidak kuat untuk kopsus tetangga 😔",1989284567438836097,,,in,,0,0,0,https://x.com/tharisthar/status/1989284567438836097,1133405665769054208,tharisthar
1989160340874289618,2025-11-14 10:48:24+00:00,0,"@yukithecharcoal Ak blm pernah coba kopi tuku, ap yg enak",1989284274735120476,,yukithecharcoal,in,,0,0,0,https://x.com/junetkucing/status/1989284274735120476,1689455526311243776,junetkucing
1989282185497702452,2025-11-14 10:40:06+00:00,0,"📌Testi jastip kopi tuku Jakarta Coffee Week, Jum'at 14 Nov 2025",1989282185497702452,,,in,,0,1,0,https://x.com/winternightts/status/1989282185497702452,1614838646192115713,winternightts
1989278636084781331,2025-11-14 10:29:55+00:00,5,"Preferensi sih, tapi gue pribadi gak bisa lagi nikmatin kopi starbucks setelah coba tuku, titik koma, makmur jaya (bdg), ragi (sby), dan bikin kopsu sendiri di rumah.

Mungkin penyebab lain yg bikin starbucks gak enak karena jadi berasa overpriced pas dibanding lokalan",1989279622593446022,,adnardn,in,,0,2,1,https://x.com/adnardn/status/1989279622593446022,59987088,adnardn
1989154382475325454,2025-11-14 10:19:02+00:00,0,"@anomalindri Kopinya kopi item beneran yang bubuk no gula, kopi panas,  atau kalo nackal paling kopi tuku itu juga no sugaar",1989276883184496849,,anomalindri,in,,0,1,0,https://x.com/ekatakata/status/1989276883184496849,453724191,ekatakata
1989148294652862886,2025-11-14 09:52:54+00:00,0,@sanglirsarii Patut pergi Tuku Coffee 🤭,1989270305966379132,,sanglirsarii,in,,0,1,0,https://x.com/bellasalleh_/status/1989270305966379132,1600734798577737728,bellasalleh_
1989267111315988960,2025-11-14 09:40:12+00:00,0,najiiissss rame bgt anjirrr antrian kopi tuku di muladi 😇💔💔💔💔💔,1989267111315988960,,,in,,0,0,0,https://x.com/lepviosa/status/1989267111315988960,1242057190711496704,lepviosa
1989265718010069342,2025-11-14 09:34:40+00:00,3,"tuku date bareng @fluffysip , THANK U KAK VIRAAA KOPI TUKU NYAA BUAT AKU SM TEMENKU @kdyprincess THANK U JUGA TRADE NYA NYAAAAA🫶🏻🫶🏻🫶🏻 https://t.co/ot0Fk1GG2d",1989265718010069342,https://pbs.twimg.com/media/G5tKoDlaYAEfUUi.jpg,,in,,1,1,2,https://x.com/jjaejaeyoon_/status/1989265718010069342,1886365843380121601,jjaejaeyoon_
1989262409778053412,2025-11-14 09:21:31+00:00,0,"Alasannya kopinya gak enak, kalo untuk non coffenya ya bolehla denga berbagai additional syrup dan topping. Enakan kopi Tuku, calf dan teman2nya. Baru berasa banget kopinya. Kalo mau kopi seharga sbuck msh enakan gutten morgen, djournal juga mayan sama fore",1989262409778053412,,,in,,0,0,0,https://x.com/atacaty/status/1989262409778053412,1323783094608949248,atacaty
1989229582030184606,2025-11-14 09:19:06+00:00,0,"@nocturnalcutie udh mana selalu dapet kopi yg gaenak lg “DULU” kl beli si sbux kek air doang jir🤣

tim tuku lah 😌",1989261800521806132,,nocturnalcutie,in,,0,1,0,https://x.com/beautyayyy/status/1989261800521806132,1414620400395329538,beautyayyy
1989259624391008562,2025-11-14 09:10:27+00:00,0,Kopi Tuku mana yang paling enak menurut kalian gaes? Belum pernah nyobain nih aku.,1989259624391008562,,,in,,0,1,0,https://x.com/riuaria/status/1989259624391008562,61792022,riuaria
1989257509908214185,2025-11-14 09:02:03+00:00,0,Kopi tuku yang dimuladi dome ada literannya ga ya ?,1989257509908214185,,,in,,0,0,0,https://x.com/hatemesometimez/status/1989257509908214185,369881672,hatemesometimez
1989256317777875380,2025-11-14 08:57:19+00:00,2,"Sok2 an blng 'ngopi' tpi yg diminum chocolate kocakkkkkk

Fyi distributor kopi mrk sama ma yg di point coffee, kopken, fore, tuku. Lebih murah rasa sama aja",1989256317777875380,,,in,,0,2,0,https://x.com/serbaserbidnd/status/1989256317777875380,1788520600061026304,serbaserbidnd
1989255963262758963,2025-11-14 08:55:54+00:00,3,"Ready jastip kopi Tuku (muladi dome) fee start 7k, ditunggu sampai jam 5 yaa. Payment bisa qris!! 💐 https://t.co/KfF8jeEXB5",1989255963262758963,https://pbs.twimg.com/media/G5tBvxkb0AAlZY6.jpg,,in,,1,2,0,https://x.com/raraabit/status/1989255963262758963,1301148963832119296,raraabit
1989252864997490794,2025-11-14 08:43:36+00:00,0,"ihh ada kopi tuku di bazar undip😭 tp cuma sampe tgl 16 aja, pengen bgt pls",1989252864997490794,,,in,,0,1,0,https://x.com/celiciousssss/status/1989252864997490794,1785691499671453696,celiciousssss
1989250553927565612,2025-11-14 08:34:25+00:00,4,"beli kopi susu TUKU di muladi dome.. harganya 25k.
yg iced chocolate harganya 33k.
apa harus bayar pake livin mandiri? rasa kopi susu tuku gimana? selengkapnya ada di twit di bawah ya gusy. https://t.co/odlhE9dXIs",1989250553927565612,https://pbs.twimg.com/media/G5s81TQacAM26oU.jpg,,in,,0,1,3,https://x.com/raynahasan/status/1989250553927565612,51615448,raynahasan
1988929065181667718,2025-11-14 04:19:19+00:00,0,"@aimr0d @keicinantya real kopi fm, tuku, calf lebih enak",1989186356225224774,,aimr0d,in,,0,0,0,https://x.com/hlfmoonx/status/1989186356225224774,1278919638181527553,hlfmoonx
1989185297872220524,2025-11-14 04:15:06+00:00,0,mau kopi tuku jg di muldom tp sm sp yah,1989185297872220524,,,in,,0,0,0,https://x.com/jganaturaku/status/1989185297872220524,1002750444337106944,jganaturaku
1988892106501259630,2025-11-14 04:14:02+00:00,1,"@FOOD_FESS kst tuku, butterscotch nya fore, himalayan sea salt nya point coffee dan one and only comfort coffe ku kkm aka kopken mantan",1989185028950262225,,FOOD_FESS,in,,0,0,0,https://x.com/shawnrawrr/status/1989185028950262225,2299141386,shawnrawrr
1989184394695979219,2025-11-14 04:11:31+00:00,1,ada yg open jastip kopi tuku ga di muladi,1989184394695979219,,,in,,0,1,0,https://x.com/catscults/status/1989184394695979219,1620387194841223168,catscults
1989165609880580174,2025-11-14 04:07:52+00:00,0,@junhanundip Loh gwkira kopi tuku cuma di jogja sorry gapernah ke kopisop ????,1989183474935427481,,junhanundip,in,,0,2,0,https://x.com/dirobohkan/status/1989183474935427481,1350699046512463873,dirobohkan
1988892106501259630,2025-11-14 03:47:01+00:00,1,"@FOOD_FESS sejauh ini paling suka kopi dr tempat inii!!🙌
- slay bake home ((cafe latte mereka enak bangett!! yg tinggal di sby harus banget cobain hehehe🙌🙆🏻‍♀️))
- tuku
- calf
*sebagai catatan, biasanya aku order kopi susu no sugar/less sugar + yang rasa kopinya pekatt🙌",1989178228381216895,,FOOD_FESS,in,,0,0,0,https://x.com/tahuisitelur/status/1989178228381216895,1285064152755527683,tahuisitelur
1988892106501259630,2025-11-14 03:42:28+00:00,0,"@FOOD_FESS Kopi tuku rasa kabel

Kaga beli",1989177082392506883,,FOOD_FESS,in,,0,0,0,https://x.com/cuddlingramen/status/1989177082392506883,308680550,cuddlingramen
1989175765607543210,2025-11-14 03:37:14+00:00,0,"Ada tuku, ada kopi nya pegadaian, apalagi yah yg enak daripada sbux jelek",1989175765607543210,,,in,,0,0,0,https://x.com/maxmaxcho/status/1989175765607543210,1014725085809135616,maxmaxcho
1989166015012565326,2025-11-14 03:31:12+00:00,0,"@deorex_official Makanan : martabak coklat kacang 
Minumnya : es Kopi TUKU",1989174246950727775,,deorex_official,in,,0,1,0,https://x.com/lethaalone1/status/1989174246950727775,1272014364631904256,lethaalone1
1989168125049500101,2025-11-14 03:06:52+00:00,0,"Campaign Starbuck voucher tiktok bener² meresahkan. Enakan juga fore, point, tomoro, semuda kopi, tuku, calf, couvee, HAIL ALL LOCALS",1989168125049500101,,,in,,0,0,0,https://x.com/larlpa/status/1989168125049500101,1017668522745290753,larlpa
1989167099256926386,2025-11-14 03:02:48+00:00,0,ANTRI KOPI TUKU MULADI DOME RAME BGT PLS PDHL BRU JAM 09.13,1989167099256926386,,,in,,0,0,0,https://x.com/kokonoibonten/status/1989167099256926386,1441710504863404039,kokonoibonten
1989167042939994483,2025-11-14 03:02:34+00:00,0,"Promo Shopeefood

Ayam Geprek Gold Chick
https://t.co/06gwFn9KRs

Lawson
https://t.co/nhLQjU8pqH

Kopi Tuku
https://t.co/wuCxWtpYrO

Kopi Calf
https://t.co/pyp9OAxYDm

Mangkokku
https://t.co/P93gQjzlsY

Kopi Kenangan
https://t.co/vPkNm4HZKA

HokBen
https://t.co/zB2ECSp85q https://t.co/meGlls7CSW",1989167042939994483,https://pbs.twimg.com/media/G5rw4F0boAAzqMr.jpg,,in,,0,0,0,https://x.com/3esihma/status/1989167042939994483,1847151278776111104,3esihma
1989160340874289618,2025-11-14 02:35:56+00:00,18,"Wdym itu mah gula bukan kopi

Tuku ekstra shot sugarnya 2ml aja, nih baru kopi 👌 https://t.co/QhPpduGTIj",1989160340874289618,https://pbs.twimg.com/media/G5rqySwacAAiIcW.jpg,,in,,1,11,0,https://x.com/yukithecharcoal/status/1989160340874289618,1631328646693810177,yukithecharcoal
1989157049293566368,2025-11-14 02:22:51+00:00,1,Akan ku selami editan ini sambil makan donat dan kopi tuku di pagi hari https://t.co/wmdCJ785uS,1989157049293566368,https://pbs.twimg.com/amplify_video_thumb/1989156993182126080/img/fobC4z8PyMTDwOGl.jpg,,in,,0,0,0,https://x.com/bbluueeyy/status/1989157049293566368,1979059142242504704,bbluueeyy
1989151461834359007,2025-11-14 02:00:39+00:00,17,-dips! jastip kopi tuku muladi ke muladi juga ada ga ya? fee brp🥹,1989151461834359007,,,in,,0,7,0,https://x.com/undipmfs2/status/1989151461834359007,1938014810056364032,undipmfs2
1988913156828144050,2025-11-14 01:13:56+00:00,0,@berryheaven_ Yuk ke kopi Tuku Kemang,1989139704814661702,,berryheaven_,in,,0,0,0,https://x.com/strokegassday/status/1989139704814661702,1747281061774757888,strokegassday
1988966371539996972,2025-11-14 00:38:11+00:00,0,"@promisenewera @sbyfess Lah piye mbe aku cak , malah nyekel 20k Iki gae tuku kopi , sisae gae tuku bensin 15k , piye cak 🤣",1989130705385976240,,promisenewera,in,,0,1,0,https://x.com/DimasArik21/status/1989130705385976240,1765021871240777728,DimasArik21
1989124438026317836,2025-11-14 00:13:16+00:00,0,"Promo Shopeefood

Mie Gacoan
https://t.co/SiE6k3mRbM

Fish Streat
https://t.co/UlfoRfjTlA

SeIndonesia
https://t.co/q4rZvtBxxk

Tahu Go
https://t.co/YWo9AHkLnX

Burger Bangor
https://t.co/L9lso0mvLf

Kopi Tuku
https://t.co/NYW3JRcRMo

Ayam Keprabon
https://t.co/I9mu88QnFk https://t.co/0bJ6cpcupA",1989124438026317836,https://pbs.twimg.com/media/G5rKINMacAMFXi8.jpg,,in,,0,0,0,https://x.com/3esihma/status/1989124438026317836,1847151278776111104,3esihma
1988805704413860050,2025-11-13 22:53:54+00:00,0,@babay0x Better kopi kenangan sama tuku anjrt,1989104461814591632,,babay0x,in,,0,0,0,https://x.com/alwisnaar/status/1989104461814591632,1772172962172465152,alwisnaar
1988938709342064904,2025-11-13 22:44:08+00:00,0,"@_lnwt wkwk.. timbang ga oleh blas, pokok cukup nggo tuku kopi",1989102003755331913,,_lnwt,in,,0,0,0,https://x.com/goodveyfreeze/status/1989102003755331913,85354088,goodveyfreeze
1988925294405906694,2025-11-13 11:01:57+00:00,0,lha sing mbok tuku ki opo kopi?,1988925294405906694,,,in,,0,0,0,https://x.com/hzlenat/status/1988925294405906694,1068380705757917184,hzlenat
1988866458944774381,2025-11-13 10:55:59+00:00,0,"@hasnasphere KOPI TUKU ENAK KAH???????????? 
(kebetulan kemarin ada opening tuku di bali)",1988923791842721955,,hasnasphere,in,,0,1,0,https://x.com/O514feb/status/1988923791842721955,1728933436180803584,O514feb
1988892106501259630,2025-11-13 10:51:48+00:00,0,"@FOOD_FESS Tuku, fore, arah kopi",1988922741844574281,,FOOD_FESS,in,,0,0,0,https://x.com/duudiiidam/status/1988922741844574281,1925859294550839296,duudiiidam
1988892106501259630,2025-11-13 10:47:03+00:00,25,"@FOOD_FESS 1. himalayan sea salt butterscotchnya point coffee. ini enak bgt!
2. ksk famima
3. ron atau rls calf
4. tuku. aslinya tuku ini enak bgt! tp karena tiap abis nuku gua langsung mual muntah, jadi gua taruh di paling akhir wkwkwk",1988921543968076217,,FOOD_FESS,in,,0,1,0,https://x.com/mangojuchuji/status/1988921543968076217,1246497266128408582,mangojuchuji
1988918816328306755,2025-11-13 10:36:12+00:00,5,"Padahal di dunia ini ada Calf, Point Coffee, Makmur Jaya, Tuku, Fore….",1988918816328306755,,,in,,0,0,2,https://x.com/bibiophile9/status/1988918816328306755,1168754459767230465,bibiophile9
1988917962514784320,2025-11-13 10:32:49+00:00,0,KOPI TUKU AD DI MULDOM KITA BERHORE RIA,1988917962514784320,,,in,,1,0,0,https://x.com/capinbara/status/1988917962514784320,1259369322314469376,capinbara
1988892106501259630,2025-11-13 10:29:58+00:00,0,"@FOOD_FESS Fore, calf, tuku, kopi jaya ini sih",1988917244882014566,,FOOD_FESS,in,,0,0,0,https://x.com/barbajaa/status/1988917244882014566,1679763391,barbajaa
1988805704413860050,2025-11-13 10:20:58+00:00,0,@babay0x Kopi ga enak overrated enakan kopi tuku jauh🗿,1988914980331151848,,babay0x,in,,0,0,0,https://x.com/WearyAsh29/status/1988914980331151848,1067111905007828992,WearyAsh29
1988914674318942458,2025-11-13 10:19:45+00:00,0,kopi tuku beneran buka stand di muladi dome cuy?,1988914674318942458,,,in,,0,0,0,https://x.com/jaelnx/status/1988914674318942458,1297532974238281730,jaelnx
1988908614887604711,2025-11-13 09:55:40+00:00,0,Kopi tuku,1988908614887604711,,,in,,0,0,0,https://x.com/gloomymondayyy/status/1988908614887604711,2877800904,gloomymondayyy
1988897524254425584,2025-11-13 09:46:29+00:00,1,@gadingnstn Tuku dan Point Coffee the best sih!,1988906303897448477,,gading_coder,in,,0,0,0,https://x.com/ipoool_/status/1988906303897448477,76211078,ipoool_
1988807486695235640,2025-11-13 09:25:32+00:00,0,"@Yukamrina Aku pernah ke Indonesia, tapi I think aku nggak pernah lihat Tuku? Itu kopi yang baru ada, ya? Varian kopinya ada apa aja di sana? 👀 Ayo sini ke Korea, giliran aku yang jadi tour guide kamu. 😋",1988901030700937249,,ekarinayoo,in,,0,2,0,https://x.com/gyuyounp/status/1988901030700937249,1832048349962461184,gyuyounp
1988900286082044074,2025-11-13 09:22:34+00:00,3,sini kopi tuku,1988900286082044074,,,in,,0,1,0,https://x.com/dil4kbr/status/1988900286082044074,1515826609408086020,dil4kbr
1988821332847718596,2025-11-13 09:08:52+00:00,0,@arnatuilessien akal akalan kopi tuku,1988896837369991358,,arnatuilessien,in,,0,0,0,https://x.com/theycallmesap/status/1988896837369991358,194127331,theycallmesap
1988886731865637119,2025-11-13 08:28:43+00:00,1,"ada yang mau jastip tuku menu kopi susu tetangga gakk? 28k inc fee nyaa yaa, yg mau ditunggu sampe jam 4 yaaa",1988886731865637119,,,in,,1,3,0,https://x.com/hchaechan_/status/1988886731865637119,1355426152169390082,hchaechan_
1988884675427762642,2025-11-13 08:20:32+00:00,1,Wainiiiiii… untunge wes tuku selep biji kopi mini. 🤭😁,1988884675427762642,,,in,,0,2,0,https://x.com/citogog/status/1988884675427762642,242484646,citogog
1988874114703016151,2025-11-13 07:38:35+00:00,0,"Spill promo shopeefood kopi favorit, jangan lupa klaim vouchernya

Kopi Calf
https://t.co/9JZ29zHUaB

Kopi Tuku
https://t.co/vkZDvhRYcc

Kopi Philosophy
https://t.co/Q7X7vX4Hth

Kopi Kenangan
https://t.co/W98Ul1y6yY

Janji Jiwa
https://t.co/4Ruwz0cEoS",1988874114703016151,,,in,,0,0,0,https://x.com/ike_tjn/status/1988874114703016151,513346093,ike_tjn
1988845788680581126,2025-11-13 05:46:01+00:00,0,"Antreanny kopi Tuku sampai belok belok anjay, gimana nanti weekend..",1988845788680581126,,,in,,0,0,0,https://x.com/thirdeyeraven/status/1988845788680581126,68705328,thirdeyeraven
1988625356639682619,2025-11-13 05:40:02+00:00,1,"@tanyarlfes Masi nder, kalo kamu mau kopi enak ada fore, tuku sama point coffee kalo mukidi ambil jatinangor house",1988844282392838264,,tanyarlfes,in,,0,0,0,https://x.com/D0AIBU/status/1988844282392838264,1232631286688206848,D0AIBU
1987833884432535612,2025-11-11 04:12:20+00:00,0,@FFOODFESS Kopi susu tetangga tuku no sugar terus add on karamel. Enakk,1988097435462496636,,FFOODFESS,in,,0,0,0,https://x.com/katalinakaradi/status/1988097435462496636,738501631,katalinakaradi
1988089420009083172,2025-11-11 03:40:29+00:00,0,"Mumpung banyak diskon 11.11 ayo order promo shopeefood spesial kopi pilihan

Kopi Calf
https://t.co/9JZ29zIs09

Kopi Tuku
https://t.co/vkZDvhSw1K

Kopi Philosophy
https://t.co/Q7X7vX5fiP

Kopi Kenangan
https://t.co/W98Ul1yEow

Janji Jiwa
https://t.co/4Ruwz0dceq",1988089420009083172,,,in,,0,0,0,https://x.com/ike_tjn/status/1988089420009083172,513346093,ike_tjn
1988068520719249533,2025-11-11 03:30:11+00:00,0,@lapakLINGHE Pagi-pagi tuku kopi,1988086830571692250,,gavindrick,in,,0,1,0,https://x.com/erengelio/status/1988086830571692250,1607015377648898048,erengelio
1988083398913757538,2025-11-11 03:16:33+00:00,0,ternyata kopi susu tetangga tuku enak yak,1988083398913757538,,,in,,0,0,0,https://x.com/dlnnana/status/1988083398913757538,1242728799218745344,dlnnana
1988080199871983723,2025-11-11 03:03:51+00:00,0,"Day 2 cut budget kopi, mencoba bikin kopi yang mirip tuku sendiri dengan budget minim. Not exactly mirip tuku sih, tapi hint nya lumayan dapet laah 😆 https://t.co/RTvYUQ81Kj",1988080199871983723,https://pbs.twimg.com/media/G5cUY5ibsAAKgjQ.jpg,,in,,0,0,0,https://x.com/dearkangbra/status/1988080199871983723,86867835,dearkangbra
1987841887919849644,2025-11-11 03:02:22+00:00,0,@massiyann Gue naik mrt dari bundaran Hi sampe Lebak bulus. Abis itu beli kopi tuku di sudirman😁,1988079827581366406,,massiyann,in,,0,0,0,https://x.com/xlfnsyh/status/1988079827581366406,1935002390035599360,xlfnsyh
1988078688169267234,2025-11-11 02:57:50+00:00,0,"Ternyata bukan mitos, kopi Tuku emang seenak itu bjir 😭😭😭 gak ada rencana buka cabang di Medan kah? Lu di korea bisa buka bjir 😭☝🏻",1988078688169267234,,,in,,0,1,0,https://x.com/ataraxiasurv/status/1988078688169267234,1535755009,ataraxiasurv
1988075801976471689,2025-11-11 02:46:22+00:00,0,menurut lu aneh gak sih gw mimpi nonton barasuara dan gw nangis tapi gw gapernah denger barasuara so how would i know lagu mereka but like gw beneran nangis dan ada vindes dan ada kopi tuku ajg,1988075801976471689,,,in,,0,0,0,https://x.com/dropthenewalbum/status/1988075801976471689,1776186479057973248,dropthenewalbum
1988074930538508667,2025-11-11 02:42:54+00:00,0,"☀️Hayuk mari mari yang butuh kopi pagii ☀️ 

Open JASDOR - Fore ; Kopken ; Tomoro ; Tuku

Order via wa di bio langsung atau 081285249900 wohoo 🫶🏻❤️ https://t.co/tapXcWCc9O",1988074930538508667,https://pbs.twimg.com/media/G5cPm6GbcAMtN2z.jpg,,in,,0,0,0,https://x.com/getsthout/status/1988074930538508667,996448632,getsthout
1988068098180886541,2025-11-11 02:30:40+00:00,0,@coffebit Tuku kopi overpriced,1988071849474093257,,coffebit,in,,0,1,0,https://x.com/jaheeel666/status/1988071849474093257,1857639277624164352,jaheeel666
1988060094190502152,2025-11-11 01:43:57+00:00,2,"Day 2 mau es teh susu tetangga, tapi gada di tuku jakarta 😡😭",1988060094190502152,,,in,,0,0,0,https://x.com/moonflawerr/status/1988060094190502152,1878751698887532544,moonflawerr
1988052142138273798,2025-11-11 01:12:21+00:00,1,mau makan eskrim vanilla pake kopi tuku... #BMBERAT,1988052142138273798,,,in,,0,0,0,https://x.com/bagbener/status/1988052142138273798,1830228159704502272,bagbener
1988050343901675520,2025-11-11 01:05:12+00:00,0,"Kopi Tuku diskon 15ribu

https://t.co/SJfUxJ7T7E https://t.co/J3kc0CtbAY",1988050343901675520,https://pbs.twimg.com/media/G5b5QDmbcAMsvlH.jpg,,in,,0,0,1,https://x.com/AkuSukaRacun/status/1988050343901675520,1344004785934979073,AkuSukaRacun
1988049339395305786,2025-11-11 01:01:29+00:00,0,"kopi tuku
https://t.co/nzlR44X5FJ

shihlin
https://t.co/dV52osIeKw https://t.co/s4jpqnTrhS",1988049409251418345,https://pbs.twimg.com/media/G5b4ZjJbcAMx0J8.jpg,dyysyeee,in,,0,1,0,https://x.com/dyysyeee/status/1988049409251418345,1937115249125306368,dyysyeee
1988045917724045553,2025-11-11 00:47:37+00:00,0,"There is no perfect breakfast other than salt bread, kopi tuku, buah pir tapi abis itu huek huek",1988045917724045553,,,in,,0,1,0,https://x.com/bleutherine/status/1988045917724045553,1523693188837707781,bleutherine
1988037175951442051,2025-11-11 00:12:53+00:00,0,"Promo Shopeefood

Kopi Tuku
https://t.co/LDiOUAJKak

Ayam Keprabon
https://t.co/eYr3vEjgRQ

Mie Gacoan
https://t.co/mudtN9rRR2

Republic Kebab
https://t.co/VxiCNcme75

HokBen
https://t.co/lEoKA17r1q

Fore Coffee
https://t.co/Bh6Zc7rh6l

SeIndonesia
https://t.co/KdjQ1SF3q6 https://t.co/6Ak5sevO2p",1988037175951442051,https://pbs.twimg.com/media/G5btRNobYAAJ1Fo.jpg,,in,,0,0,0,https://x.com/3esihma/status/1988037175951442051,1847151278776111104,3esihma
1987927510382989809,2025-11-10 16:57:07+00:00,0,"Makasih buat bang turner yg udh nyaranin bakso diatas lapangan baseball, sekalian napak tilas tempat ngedate pertama kali papah&amp;ayah, pulangnya beli kopi tuku yg terkenal itu. First try enak juga, tapi mereka kopi yg jenisnya asem dan kentel, next mau coba menu lain.",1987927513268711824,,soutfkr,in,,0,1,0,https://x.com/soutfkr/status/1987927513268711824,2741391307,soutfkr
1987800502042763643,2025-11-10 14:51:57+00:00,0,"@itsmelles ️️
Ya gapapa kak, kan nanti pegangannya bisa sambil meluk hehehe.

Boleh-boleh, apa mau kopi Tuku? Apa Calf? Apa Fore? 

️️",1987896011038347345,,meaxienty,in,,0,1,0,https://x.com/SlCKSADRUNK/status/1987896011038347345,1212748637987426305,SlCKSADRUNK
1987891756621570233,2025-11-10 14:35:02+00:00,0,"hr ini cape ngurusi sana sini kehujanan berhari”, pulang dijak tuku kopi, tuku kopi pun salah ga sesuai request ku pdhl ak ws omong, yaAllah rasane kesel, pegel, kuciwo, renek energi ngge nesu aku jan lelah, ngetik ngene pgn nangis",1987891756621570233,,,in,,0,0,0,https://x.com/micibap/status/1987891756621570233,2397678067,micibap
1987885479702958488,2025-11-10 14:10:06+00:00,0,ini krl gaada mau masukin tuku ape😭 kopi roti o kurang gong sama famima lemot banget babikkk,1987885479702958488,,,in,,0,0,0,https://x.com/mescavoy/status/1987885479702958488,1266401142906347521,mescavoy
1987879509975347270,2025-11-10 13:46:22+00:00,1,planningku saat detox sosmed adalah mencoba kopi di cafe2 yang belum pernah kucoba kemudian kembali lagi menuju kopi tuku,1987879509975347270,,,in,,0,1,0,https://x.com/notedpak_/status/1987879509975347270,145963044,notedpak_
1987875674741473446,2025-11-10 13:31:08+00:00,2,"Sekitar Ciputat : 
1. Donat Station (Cirendeu)
2. Kopi Tuku (Cirendeu)
3. Warteg (deket Geybok)
4. Seblak teteh (Rempoa)
5. Cireng pinggir jalan (Rempoa)
6. Bakmi ayam gajah (Rempoa)
7. Dessert (arah kampus 2 lewat gang kechil)",1987875674741473446,,,in,,0,2,0,https://x.com/ddinorr/status/1987875674741473446,1825357149557723136,ddinorr
1987872779606401134,2025-11-10 13:19:38+00:00,0,merasakan kopi tuku meskipun ga ke jogjanya lgsg,1987872779606401134,,,in,,0,0,0,https://x.com/hjlnut/status/1987872779606401134,1140950458137100289,hjlnut
1987870207353012326,2025-11-10 13:09:24+00:00,0,Udah dibeliin kopi tuku 1 liter sama adek gw tapi kepala gw malah pusing. 😭,1987870207353012326,,,in,,1,0,0,https://x.com/sereinade__/status/1987870207353012326,1772096519283605504,sereinade__
1987858717040394281,2025-11-10 12:23:45+00:00,2,oomf said ky koko2 indo n i cant stop seeing koko2 binus jurusan manajemen yg kl nugas suka ngetem di mahato atau di kopi tuku trs otfit andalannya full dr atas kebawah jaket kolor clogs adidads smw in him ajg lah😭😭 https://t.co/oNGBekwz2Q,1987858717040394281,https://pbs.twimg.com/amplify_video_thumb/1987489137528852480/img/540LGbG3xOfs49oM.jpg,,in,,0,0,0,https://x.com/coblosjywn/status/1987858717040394281,1378879014886993925,coblosjywn
1987857922517594130,2025-11-10 12:20:35+00:00,1,donat gula x kopi tuku = nikmat duniaaaa,1987857922517594130,,,in,,0,0,0,https://x.com/vsixtee/status/1987857922517594130,1491628179525492737,vsixtee
1987689847956680924,2025-11-10 12:16:14+00:00,0,"ketemuan di sudirman, naik mrt ke blok m. abisitu beli kopi di tuku terus duduk duduk di taman literasi sampe maghrib. abis sholat jalan ke claypot popo. abis makan balik ke blok m, naik ke lantai 2. di situ ngobrol panjang lebar sambil berdiri, pemandangannya kyk gambar ke-4",1987856827216990697,,prastards,in,,0,0,0,https://x.com/prastards/status/1987856827216990697,511837081,prastards
1987852400070373450,2025-11-10 11:58:39+00:00,0,"Baru ini mukok kopi, hampir seminggu full fore. sampe 2 hari terakhir dibeliin fore tapi g keminum taruh dikulkas padahal disana stok perkopian ku masih ada, lagi minggu pagi akak garang nawari “TUKU YOK”. nih ampe mama&amp;papa ku terherab tumben pulang jalan g beli “TUKU” 
wallohi",1987852400070373450,,,in,,0,0,0,https://x.com/ogegta/status/1987852400070373450,722283890,ogegta
1987846738544337284,2025-11-10 11:43:51+00:00,0,"@ueautie halo kopi tuku, masuk bisa kali🤝",1987848675457196452,,ueautie,in,,0,1,0,https://x.com/speciiiaal/status/1987848675457196452,1963069981874388993,speciiiaal
1987846213161660422,2025-11-10 11:40:40+00:00,0,@rexyaryaaa tak belani tuku kopi 10k iki asu,1987847876647784923,,rexyaryaaa,in,,0,0,0,https://x.com/tatatitut_/status/1987847876647784923,1427179874469376001,tatatitut_
1987844505199112537,2025-11-10 11:27:17+00:00,5,Aaa mau kopi tuku,1987844505199112537,,,in,,0,2,0,https://x.com/nozelism/status/1987844505199112537,1650324820402520065,nozelism
1987840444173308249,2025-11-10 11:11:08+00:00,0,Kopi tuku kenapa bisa enak banget yaak 🙃,1987840444173308249,,,in,,0,0,0,https://x.com/momofpak/status/1987840444173308249,1501262268633255937,momofpak
1987837734074167776,2025-11-10 11:00:22+00:00,0,GUE BELI TUKU BLEND TAPI GUE GAPUNYA MESIN KOPI,1987837734074167776,,,in,,0,0,0,https://x.com/24O3O8/status/1987837734074167776,1449406997305036801,24O3O8
1987823603497509331,2025-11-10 10:37:46+00:00,0,"@harukart_ ○ sedih
○ sedih banget
● pengen kopi tuku",1987832046098719215,,harukart_,in,,0,0,0,https://x.com/adelnuza/status/1987832046098719215,888206988,adelnuza
1987822538739908610,2025-11-10 09:59:59+00:00,5,Kopi tuku enak bgt yaAmpunnnnnn🥹 https://t.co/JQrSB6hSDw,1987822538739908610,https://pbs.twimg.com/media/G5YqDsgacAEltcD.jpg,,in,,0,0,0,https://x.com/americanoic3/status/1987822538739908610,1533715635968278528,americanoic3
1987812026178314466,2025-11-10 09:18:13+00:00,0,"Kopi tuku target pasarnya bukan gw, gaji umr gw nangis cok kopi segini 35rb wkwk 🤣 https://t.co/5SlToH566r",1987812026178314466,https://pbs.twimg.com/media/G5YgfjIbIAA8NUh.jpg,,in,,0,0,0,https://x.com/JOOHONEY_0514/status/1987812026178314466,1151798134281949184,JOOHONEY_0514
1986468638011121709,2025-11-10 09:15:37+00:00,8,"📍Toko Kopi TUKU, Yogyakarta https://t.co/rmnxgg7cfc",1987811370117763192,https://pbs.twimg.com/media/G5Yf5HAaAAEzl_j.jpg,withorniess,in,,0,2,0,https://x.com/withorniess/status/1987811370117763192,1159055879808802816,withorniess
1987808869238915478,2025-11-10 09:05:40+00:00,2,Mending tuku atau fore buat yang non coffee?,1987808869238915478,,,in,,1,2,0,https://x.com/discreetabiz/status/1987808869238915478,1540731224049983488,discreetabiz
1985996601866035561,2025-11-10 08:53:23+00:00,0,"@kaemisatoc tuku itu kopi kan, ayang?",1987805777147609331,,kaemisatoc,in,,0,0,0,https://x.com/yokohanma/status/1987805777147609331,1325023732834840576,yokohanma
1987804577534734808,2025-11-10 08:48:37+00:00,0,"jebul e moro mad ronin ben iso foto2
mending gacoan wae cedhak, bar iku mampir kopi tuku
bocil2😅",1987804577534734808,,,in,,0,0,0,https://x.com/abidzar2308/status/1987804577534734808,1717109304669724672,abidzar2308
1987796932417482897,2025-11-10 08:18:14+00:00,0,Ada orng bilang bapaknya lg beli kopi tuku trus tbtb mau dibukain franchise tuku sama bapaknya🙂🙂 aneh keluarga apa ini,1987796932417482897,,,in,,0,2,0,https://x.com/ulpaulin/status/1987796932417482897,200778958,ulpaulin
1987796528090743253,2025-11-10 08:16:42+00:00,0,"Jatinangor
https://t.co/7AUy5yynk2

Kopi tuku
https://t.co/h1lIDBXtsg https://t.co/PV8MkRe1qm",1987796545669148846,https://pbs.twimg.com/media/G5YSancbYAA3T7J.jpg,pixiehoel,in,,0,1,1,https://x.com/pixiehoel/status/1987796545669148846,1833477562963791875,pixiehoel
1987792566553624666,2025-11-10 08:00:53+00:00,0,jog kopi tuku masih rame ngga ya,1987792566553624666,,,in,,0,3,1,https://x.com/jogja_base/status/1987792566553624666,1902629414741143553,jogja_base
1987771001455948070,2025-11-10 06:35:12+00:00,0,"Promo shopeefood kopi recomended

Kopi Calf
https://t.co/9JZ29zIs09

Kopi Tuku
https://t.co/vkZDvhSw1K

Kopi Philosophy
https://t.co/Q7X7vX5fiP

Kopi Kenangan
https://t.co/W98Ul1yEow

Janji Jiwa
https://t.co/4Ruwz0dceq",1987771001455948070,,,in,,0,0,0,https://x.com/ike_tjn/status/1987771001455948070,513346093,ike_tjn
1987770659758653706,2025-11-10 06:34:17+00:00,1,"kopi tuku
https://t.co/nzlR44X5FJ

shihlin
https://t.co/dV52osIeKw https://t.co/pHYSWdIpgr",1987770772702756954,https://pbs.twimg.com/media/G5X6-4Eb0AAK3L4.jpg,dyysyeee,in,,0,0,0,https://x.com/dyysyeee/status/1987770772702756954,1937115249125306368,dyysyeee
1987746409349792255,2025-11-10 05:43:45+00:00,0,@nowjaehyuning have u tried kopi tuku,1987758052737778023,,nowjaehyuning,in,,0,1,0,https://x.com/aiyueoong/status/1987758052737778023,1093735109893644288,aiyueoong
1987743148223951225,2025-11-10 04:44:31+00:00,1,"want this jacket, but versi kopi tuku",1987743148223951225,,,in,,0,1,0,https://x.com/dineleanor/status/1987743148223951225,2748686826,dineleanor
1987740334655447502,2025-11-10 04:33:20+00:00,0,"Promo Shopeefood

Sec Bowl
https://t.co/unTwkaVECC

I Am Geprek Bensu
https://t.co/aSIGKUG6Vi

HokBen
https://t.co/laqWz0jzCD

Sushi Yay
https://t.co/31xJHFxrbp

Kopi Tuku
https://t.co/QrGQcneII6

Solaria
https://t.co/Jq6fXmrKE6

Truffle Belly
https://t.co/DWQ8kBQMD2 https://t.co/eX9yVf8p5J",1987740334655447502,https://pbs.twimg.com/media/G5XfS7ua0AAbBt6.jpg,,in,,0,0,0,https://x.com/3esihma/status/1987740334655447502,1847151278776111104,3esihma
1987717608645488900,2025-11-10 03:19:40+00:00,0,@sadelights nitip stand kopi tuku jebal juseyo,1987721792363069490,,sadelights,in,,0,1,0,https://x.com/raianastabel/status/1987721792363069490,1943293624638410755,raianastabel
1987699760061673550,2025-11-10 02:00:13+00:00,0,"@Tngkasa Coba kamu belah dada Abang.

Isinya kopi Tuku, sama kamu. 🥴",1987701798384398397,,Tngkasa,in,,0,1,0,https://x.com/SeliraSahaja/status/1987701798384398397,4818738695,SeliraSahaja
1987696845313941825,2025-11-10 01:40:32+00:00,0,"Promo Shopeefood

Mie Gacoan
https://t.co/uBk1Cv60Gq

Kopi Tuku
https://t.co/YL0QEK8jCt

Burger Bangor
https://t.co/4BfwAKNL4r

Fore Coffee
https://t.co/EXPTnFAMEs

Mixue
https://t.co/pDL1OMo0qI

Dapur Cokelat
https://t.co/OIX8lZoErW

Circle K
https://t.co/PVO9qM8t8Y https://t.co/55a6MSRRP6",1987696845313941825,https://pbs.twimg.com/media/G5W3vawaYAAcEYL.jpg,,in,,0,0,0,https://x.com/3esihma/status/1987696845313941825,1847151278776111104,3esihma
1987066802820817207,2025-11-10 00:50:06+00:00,1,@txtdrkuliner Gua yang pengen beli kopi fore sama tuku aja harus nunggu gajian dulu 🙄,1987684153031270420,,txtdrkuliner,in,,0,1,0,https://x.com/dulpisss/status/1987684153031270420,501578683,dulpisss
1987672874291974381,2025-11-10 00:05:17+00:00,0,"Promo Shopeefood

Kopi Tuku
https://t.co/FANTA9ndqd

Burger Bangor
https://t.co/zBTC0YPBiQ

Salad Hut
https://t.co/sUptkgjTvc

Republic Kebab
https://t.co/7IQ23MfYX6

Mie Gacoan
https://t.co/0ki4e1xJyQ

Fore Coffee
https://t.co/qLi4HvyK2K

Fish Streat
https://t.co/qE9G6rRlqG https://t.co/GkeDsFt3Ri",1987672874291974381,https://pbs.twimg.com/media/G5Wh8GjagAA9G5J.jpg,,in,,0,0,0,https://x.com/3esihma/status/1987672874291974381,1847151278776111104,3esihma
1987511386218570226,2025-11-09 21:41:38+00:00,0,"@helmpinkskuy_ Sampe detik ini masih blm sempat nyobain kopi tuku, pdhl kepo bgt😭",1987636724047155308,,helmpinkskuy_,in,,0,0,0,https://x.com/imxerneas/status/1987636724047155308,1237304416966864902,imxerneas
1987601481982501000,2025-11-09 19:21:35+00:00,1,Tp jujur abis minum kopi 70k+ trs balik lg ke tuku calf fore rasanya jatoh bgt pls,1987601481982501000,,,in,,0,0,1,https://x.com/milleroucha/status/1987601481982501000,1845139594725163011,milleroucha
1987582696495915031,2025-11-09 18:06:57+00:00,0,me gx bs minum kopi tpi klo kopi tuku bisa di usahakan,1987582696495915031,,,in,,0,0,0,https://x.com/lysaaseen/status/1987582696495915031,1375308864275374080,lysaaseen
1987563257402675632,2025-11-09 16:49:42+00:00,0,kapan tumbler kopi gue sampe huft pdhl pengennya bsk pagi ke tuku dlu,1987563257402675632,,,in,,1,0,0,https://x.com/99__9percent/status/1987563257402675632,1928810665818599426,99__9percent
1987551348502782133,2025-11-09 16:02:23+00:00,1,"Manusia si ngerti kopi nih gue liat-liat, tiba-tiba beli kopi ginian. Biasa beli tuku, calf, kopi susu keluarga aja bnyk gaya mau bikin kopi sendiri di rumah 🤓 https://t.co/WD9z9ujH2L",1987551348502782133,https://pbs.twimg.com/media/G5UzZLoa0AA6BID.jpg,,in,,0,1,0,https://x.com/Anglcaa/status/1987551348502782133,205235258,Anglcaa
1987550632996372893,2025-11-09 15:59:32+00:00,0,Tuku kopi se,1987550632996372893,,,in,,0,0,0,https://x.com/lucipeeed/status/1987550632996372893,1571390981064523778,lucipeeed
1987547636615016719,2025-11-09 15:47:38+00:00,17,"kenapa tiap habis minum kopi tuku mual??

apakah ada yang salah dengan kopi/susu yang dipakai ya???",1987547636615016719,,,in,,0,7,0,https://x.com/penikmatseenja/status/1987547636615016719,1065782851298185216,penikmatseenja
1987542193083707863,2025-11-09 15:36:06+00:00,2,"@fwbhub_ nder, gue juga nyari mutual baru. kalo bisa yang lambungnya baik-baik aja kena kopi tuku.",1987544736887148652,,fwbhub_,in,,0,0,0,https://x.com/ArdorTacitus/status/1987544736887148652,1959289924420857856,ArdorTacitus
1987518077332807995,2025-11-09 15:07:05+00:00,0,@sbyfess Rekom menu kopi tuku yg enak apa kak selain kopsus tetangga?,1987537435505684754,,sbyfess,in,,0,0,0,https://x.com/colais_meeeehlo/status/1987537435505684754,1321295926208700418,colais_meeeehlo
1987518077332807995,2025-11-09 14:49:24+00:00,0,@sbyfess Apa rekomen kopi tuku yg enak kak?,1987532985256845500,,sbyfess,in,,0,0,0,https://x.com/moongaziing/status/1987532985256845500,105113741,moongaziing
1987448090400559168,2025-11-09 14:49:01+00:00,0,"@kalasijib asli pi gua kemarin abis dri bandung, kopi nya lebih enak dri tuku kata gua",1987532888313827832,,kalasijib,in,,0,1,0,https://x.com/ddoveydove/status/1987532888313827832,1850880217864392704,ddoveydove
1987513872799162823,2025-11-09 13:53:55+00:00,1,"@KostSapik yaudaaa kerja aja udaa, nyari uang yang banyak terus jajanin aku kopi tuku segelas, terimakasih (Asbun)🍀🍀",1987519021043044530,,KostSapik,in,,0,0,0,https://x.com/prettyaira__/status/1987519021043044530,1981911126649737216,prettyaira__
1987514847295385751,2025-11-09 13:37:20+00:00,0,ko pengen kopi tuku yeahhh,1987514847295385751,,,in,,0,3,0,https://x.com/onyourvey/status/1987514847295385751,1210109466521137153,onyourvey
1987511885424668894,2025-11-09 13:25:34+00:00,0,@soettaairport Ayo buka kopi tuku di T3 https://t.co/PDVOaY4EDr,1987511885424668894,https://pbs.twimg.com/media/G5UPha-bwAAPmvW.jpg,soettaairport,in,,0,0,0,https://x.com/gadogadorebus/status/1987511885424668894,1086074344537608193,gadogadorebus
1987504001026580889,2025-11-09 12:54:14+00:00,0,"hamdallah kopi tuku mau buka di st mrt bundaran hi yg di bawah kedutaan yaban (setelah starbak disitu tutup)(tapi bukan di tempat bekas starbaknya)
udah angen2 kapan ada toko kopi di stasiun bagian situ, dan mmg kepikiran kenapa ga tuku aja yg buka situ. akhirnya..",1987504001026580889,,,in,,1,0,0,https://x.com/kusumamia/status/1987504001026580889,324736043,kusumamia
1987499023146828263,2025-11-09 12:34:27+00:00,0,“minum kopi tuku”,1987499023146828263,,,in,,0,2,0,https://x.com/Disco2000an/status/1987499023146828263,103569957,Disco2000an
1987493848902520995,2025-11-09 12:13:54+00:00,0,"Di deket rumah ada fore sama tomoro, terus sekarang ketambahan sama tuku. Apa tiap pulang gak bingung tuh mau jajan kopi yang mana..",1987493848902520995,,,in,,0,1,0,https://x.com/snasha/status/1987493848902520995,2306434441,snasha
1987492835877327174,2025-11-09 12:09:52+00:00,0,"Top 5 kopi 
1. 33 brew
2. Fore
3. Calf
4. Tuku
5. Kopken",1987492835877327174,,,in,,0,1,0,https://x.com/cotton_ccandyy/status/1987492835877327174,1130811869193629696,cotton_ccandyy
1987484774844567625,2025-11-09 11:37:50+00:00,0,"Dulu jaman masih kerja, walau ngantor seminggu sekali, rasanya kok tetep sering beli Kopi Susu Tetangga-nya Tuku. Terus kalau lagi ke Bogor Kota, lewat Tuku ya mampir beli KST, selalu beli yang less sugar, dan aman-aman aja.",1987484774844567625,,,in,,0,1,0,https://x.com/ainunia/status/1987484774844567625,91296179,ainunia
1987469663081812448,2025-11-09 10:46:07+00:00,0,"@lovinwoonyu Oke, tebakanku kali ini: Karyawan kantor atau staff di kafe, soalnya ada tweet tentang tempat kerja deket Kopi Tuku dan pulang kerja beli minuman. Atau mungkin content creator K-pop? Yang mana nih? Kasih hint dong! 😊",1987471758656692663,,lovinwoonyu,in,,0,0,0,https://x.com/grok/status/1987471758656692663,1720665183188922368,grok
1987457131881402728,2025-11-09 09:48:00+00:00,0,Gue udah di tahap pengen kopi Tuku banget tapi di sini ngga ada😭😭😭😭,1987457131881402728,,,in,,0,0,0,https://x.com/wooyasfavorite/status/1987457131881402728,1392493261286113282,wooyasfavorite
1987453476721565747,2025-11-09 09:42:55+00:00,1,@rubyroyaleee kopi tuku enak sih,1987455852538978579,,rubyroyaleee,in,,0,0,0,https://x.com/ikangorengnila/status/1987455852538978579,1635945866640125954,ikangorengnila
1987448720108278271,2025-11-09 09:14:34+00:00,0,pgn kopi tuku bgt,1987448720108278271,,,in,,0,0,0,https://x.com/juneoraugust/status/1987448720108278271,1770790544945434624,juneoraugust
1987441660234756181,2025-11-09 08:46:31+00:00,0,"so many local coffee shop open lately here. when yh yang kek tomoro, tuku, kopken tuh ke sini",1987441660234756181,,,in,,0,1,0,https://x.com/koorofumi/status/1987441660234756181,1455394642988388362,koorofumi
1987433733851611176,2025-11-09 08:15:01+00:00,0,"Kopi tuku di gue rasanya heavy bet, biasa minum kopi ksk sama kopi jago yang lebih bnyk esnya 😔🙏🏻 https://t.co/3y8wdviqyP",1987433733851611176,https://pbs.twimg.com/media/G5TIcWHaAAAzVgJ.jpg,,in,,0,1,0,https://x.com/cerisieris/status/1987433733851611176,1705239596018364416,cerisieris
1987138929532055911,2025-11-09 07:56:23+00:00,0,@MJulio8_ Kopi tuku kapan buka cabang di batam?,1987429045949374695,,MJulio8_,in,,0,0,0,https://x.com/justmyfv/status/1987429045949374695,1761212505895141376,justmyfv
1987428149811150923,2025-11-09 07:52:50+00:00,0,bulan ini belum beli kopi tuku,1987428149811150923,,,in,,0,0,0,https://x.com/syafaespa/status/1987428149811150923,848291419705843713,syafaespa
1987426995513532637,2025-11-09 07:48:26+00:00,0,"kopi tuku
https://t.co/nzlR44X5FJ

shihlin
https://t.co/dV52osIeKw https://t.co/MPZJEXx6V8",1987427043064356942,https://pbs.twimg.com/media/G5TCXL5aUAEp7aE.jpg,dyysyeee,in,,0,1,0,https://x.com/dyysyeee/status/1987427043064356942,1937115249125306368,dyysyeee
1987398549160484883,2025-11-09 07:39:25+00:00,0,@UNDIP_FESS kakk kopi tuku brp fee nyaaa,1987424775548059976,,UNDIP_FESS,in,,0,1,0,https://x.com/saaturney/status/1987424775548059976,1436708609618956291,saaturney
1987398549160484883,2025-11-09 07:34:10+00:00,0,@UNDIP_FESS kopi tuku brp der feenya,1987423454690484263,,UNDIP_FESS,in,,0,1,0,https://x.com/capryumsie/status/1987423454690484263,1937424046276378627,capryumsie
1987420138078150710,2025-11-09 07:21:00+00:00,1,Kirain adek lagi di TUKU kopi kalcer wkwk https://t.co/r6rSXke9KQ,1987420138078150710,https://pbs.twimg.com/media/G5S8FT9bIAQfkY2.jpg,,in,,0,0,0,https://x.com/poetjsuh/status/1987420138078150710,1552092018016284677,poetjsuh
1987408326473490555,2025-11-09 06:34:03+00:00,0,"Sebenernya gw ga sadar kalo itu downgrade, yg ternyata malah for good karena emang lebih enak, lebih bagus aja scr kualitas dan value of money. 
Misal kopi -&gt; dr starbak ke tuku sekarang enakan bikinan pak suami 😁
Dulu ngopi pake UHT, trus ke Fibre creme, sekarang hitam aja enak",1987408326473490555,,,in,,0,1,0,https://x.com/NonaMaya222/status/1987408326473490555,44561934,NonaMaya222
1987398549160484883,2025-11-09 05:57:08+00:00,0,@UNDIP_FESS mau kopi tuku kaaa brpaan?? dm plisss,1987399032864751900,,UNDIP_FESS,in,,0,1,0,https://x.com/babyysal/status/1987399032864751900,1346330901211348994,babyysal
1987398638201676152,2025-11-09 05:55:34+00:00,0,Hal yang gue kangen dari BSD sejak tinggal di Makassar ini cuma kopi Tuku keknya,1987398638201676152,,,in,,0,0,0,https://x.com/permadisatya/status/1987398638201676152,423133477,permadisatya
1987388491727315122,2025-11-09 05:15:14+00:00,0,"Promo Shopeefood

Republic Kebab
https://t.co/JowVsleSk6

Salad Hut
https://t.co/w2shsglCCC

Tomoro Coffee
https://t.co/bKgHjWql3T

Circle K
https://t.co/ZFGPwSIJS1

Kopi Tuku
https://t.co/ViDQnuLjir

Mie Gacoan
https://t.co/NEOzC5wUDZ

Familymart
https://t.co/CRUYNv5KUf https://t.co/5Db8bXm2KM",1987388491727315122,https://pbs.twimg.com/media/G5SfS1ZbIAEgxIo.jpg,,in,,0,0,0,https://x.com/3esihma/status/1987388491727315122,1847151278776111104,3esihma
1987384988430631203,2025-11-09 05:01:19+00:00,0,buru buru amat...ngejar apa si... mending puasin war kopi tuku sama dimsum bakar noh di blok m,1987384988430631203,,,in,,0,0,0,https://x.com/draftlifez/status/1987384988430631203,1629206474357604352,draftlifez
1987381194607239624,2025-11-09 04:46:15+00:00,0,"List Promo Shopeefood ⏬

Mie Gacoan
https://t.co/b5AlJp3ugW

Sec Bowl
https://t.co/AesO70XKCg

Kopi Tuku
https://t.co/dVYwpoUCjS

Sushi Yay
https://t.co/JwGUw6eTF2

Hotways Chicken
https://t.co/XUdiAm7OHs

Burger Bangor
https://t.co/MtIVZ1SFzI

Richeese
https://t.co/7CoqleRYDA https://t.co/gLqZlT1p4z",1987381194607239624,https://pbs.twimg.com/media/G5SYqDybIAMTVd0.jpg,,in,,0,0,0,https://x.com/m_mola9591/status/1987381194607239624,1882643851107848192,m_mola9591
1987379315898785988,2025-11-09 04:38:47+00:00,0,"Tuku kopi tuku nang hr Muhammad terus balik lmg, oke taahhh😭😭",1987379315898785988,,,in,,0,1,0,https://x.com/wanttobehaapppy/status/1987379315898785988,1046059388820062208,wanttobehaapppy
1987371701987123709,2025-11-09 04:08:31+00:00,0,"Promo shopeefood kopi pilihan

Kopi Calf
https://t.co/9JZ29zIs09

Kopi Tuku
https://t.co/vkZDvhSw1K

Kopi Philosophy
https://t.co/Q7X7vX5fiP

Kopi Kenangan
https://t.co/W98Ul1yEow

Janji Jiwa
https://t.co/4Ruwz0dceq",1987371701987123709,,,in,,0,0,0,https://x.com/ike_tjn/status/1987371701987123709,513346093,ike_tjn
1987357427478695949,2025-11-09 03:11:48+00:00,0,"Sepagi ini, kopi tuku kemang 🤎 https://t.co/glwjAQ5ENo",1987357427478695949,https://pbs.twimg.com/media/G5SDDECa8AAylFf.jpg,,in,,0,0,0,https://x.com/thiiaass_/status/1987357427478695949,223016504,thiiaass_
1987349946845306956,2025-11-09 02:42:05+00:00,1,"Fore
Point Coffee
Tuku",1987349946845306956,,,in,,0,0,0,https://x.com/neesannisaa/status/1987349946845306956,2276902196,neesannisaa
1987327348103164146,2025-11-09 02:01:02+00:00,0,"Emang paling bener setelah lari jauh itu gula tapi juga americano, untung di samping bgt ada kopi tuku. Malem ngops pagi ngops",1987339619743244611,,pinisirinn,in,,0,0,0,https://x.com/pinisirinn/status/1987339619743244611,1207377185037639680,pinisirinn
1987311525942702410,2025-11-09 00:09:24+00:00,0,"Promo Shopeefood

Mie Gacoan
https://t.co/FWCYhvyuDJ

Kopi Tuku
https://t.co/DsxUKHflzC

Republic Kebab
https://t.co/IAU9UX6ckn

HokBen
https://t.co/SwRaCoYzBs

Fish Streat
https://t.co/JwIphc0F1P

Fore Coffee
https://t.co/2Q2SH22D13

Burger Bangor
https://t.co/gSagdNZh9c https://t.co/euasEAeLom",1987311525942702410,https://pbs.twimg.com/media/G5RZS2dbIAAuUfK.jpg,,in,,0,0,0,https://x.com/3esihma/status/1987311525942702410,1847151278776111104,3esihma
1986357795885916209,2025-11-08 17:53:35+00:00,0,@kenhans03 @_lattyaa ini unuy namanyaa suka markirin didepan kopi tuku ciganjur,1987216945763262833,,kenhans03,in,,0,0,0,https://x.com/jihansifana/status/1987216945763262833,1220788274,jihansifana
1987200721956315341,2025-11-08 16:49:07+00:00,8,"Tuku bubuk kopi kiloan ndek shopee tapi tiap diseduh kok malah ngantuk pol, iki kopi jancokan a????",1987200721956315341,,,in,,0,3,0,https://x.com/Cinekvlt/status/1987200721956315341,1007915364,Cinekvlt
1986921130398261463,2025-11-08 16:47:12+00:00,0,@soraimendarah gwlah pecinta donat kampung + kopi susu tetangganya tuku🥇,1987200239376433444,,soraimendarah,in,,0,0,0,https://x.com/happyholidey/status/1987200239376433444,228268538,happyholidey
1987187458258383017,2025-11-08 15:56:24+00:00,0,Cahya kon tuku kopi item warmindo sek wae mengko tak bayare~,1987187458258383017,,,in,,0,0,0,https://x.com/rafiefris_/status/1987187458258383017,1495902102,rafiefris_
1986813530734236141,2025-11-07 15:10:33+00:00,0,"kopken sama point acidity pointnya gak terlalu strong (menurut gue). kalo mau coba mending latte no sugar atau flavored americano dulu aja. tapi gue lebih suka kopi yang pahit daripada asem, sih.. kalo suka asem daripada pahit gue saranin cold drip sorenya tuku",1986813530734236141,,,in,,0,0,0,https://x.com/fairestmidnight/status/1986813530734236141,1192843207073132544,fairestmidnight
1986812785146409402,2025-11-07 15:07:35+00:00,0,tuku… ily…. what would i do without your kopi susu tetangga less sugar normal ice dan donat gula?😭,1986812785146409402,,,in,,0,0,0,https://x.com/MENEOURVERSE/status/1986812785146409402,1513545528369610752,MENEOURVERSE
1986758482268471701,2025-11-07 13:39:35+00:00,0,@theluckiestboy meh tuku kopi men filosofi kopi wis kadung sugar rush mas wkwk,1986790638650847292,,theluckiestboy,in,,0,0,0,https://x.com/takbirsemua/status/1986790638650847292,1812323712047480832,takbirsemua
1986786059053924771,2025-11-07 13:21:23+00:00,5,aku deserve kopi tuku,1986786059053924771,,,in,,0,1,0,https://x.com/favepy/status/1986786059053924771,1520438385831120896,favepy
1986785312627130799,2025-11-07 13:18:25+00:00,0,"bahh nyesel tuku kopi nde jj, larang soro cik sg gennah ae, mna AC ne ga guna panas",1986785312627130799,,,in,,0,0,0,https://x.com/blububgang/status/1986785312627130799,1541454576502841345,blububgang
1986762806742712694,2025-11-07 12:33:11+00:00,0,@csebastianrb Iyo cikk bener wes tuku kopi rugi lek kerjoan gak mari wakakaka ambek lek ndek aku malah minim distraksi lek wfh mesti feeling nang kasur ae 😹😹,1986773929411952977,,csebastianrb,in,,0,0,0,https://x.com/conqhueror/status/1986773929411952977,561847144,conqhueror
1986763897454658021,2025-11-07 11:53:20+00:00,0,MAU KOPI TUKU PLEASE CRAVING,1986763897454658021,,,in,,0,0,0,https://x.com/aegyminyoongs/status/1986763897454658021,484586585,aegyminyoongs
1986752319460192757,2025-11-07 11:07:19+00:00,0,"pengen kopi tuku, tapi kadung antri bp cokkkkk😭 https://t.co/jzpWnVYByS",1986752319460192757,https://pbs.twimg.com/media/G5Jcs2SbIAAVy4R.jpg,,in,,0,1,0,https://x.com/bravynnnn/status/1986752319460192757,1166165086009847810,bravynnnn
1986743257091748150,2025-11-07 10:31:49+00:00,16,"📍 BLOK M, JAKARTA 

📝 Poster ditempel di area sekitar Jawa Jawa dan Tuku Kopi 

#NEXZ #Beat_Boxer #NEXZ_Beat_Boxer https://t.co/YdAX5sOcKU",1986743383981994027,https://pbs.twimg.com/ext_tw_video_thumb/1986743318710300672/pu/img/-3Bf7JvUWggPp-FO.jpg,nexz_IND,in,,6,1,6,https://x.com/nexz_IND/status/1986743383981994027,1896047328525762560,nexz_IND
1986736254264938996,2025-11-07 10:03:29+00:00,0,duh anjir kangen kopi tuku,1986736254264938996,,,in,,0,0,0,https://x.com/her11thofjune/status/1986736254264938996,1411909868869484547,her11thofjune
1986728363193737607,2025-11-07 09:32:08+00:00,0,Kopi tuku 🤝 kopi jaya,1986728363193737607,,,in,,0,0,0,https://x.com/HaloBNI/status/1986728363193737607,401156864,HaloBNI
1986710252398821504,2025-11-07 08:20:36+00:00,2,"kopi tuku
https://t.co/nzlR44X5FJ

shihlin
https://t.co/dV52osIeKw https://t.co/3tG1ZrZvCH",1986710361215803743,https://pbs.twimg.com/media/G5I2iilaUAA5-E_.jpg,dyysyeee,in,,0,1,0,https://x.com/dyysyeee/status/1986710361215803743,1937115249125306368,dyysyeee
1986697043197501894,2025-11-07 07:27:40+00:00,5,"pas hamil dua-duanya, gak bisa konsumsi tuku sama sekali karena pasti muntah karena lumayan asam kopinya. sekarang pas udah toddler jadi yang nemenin aku kalau beli kopi tuku. yang pasti ya aku beli kopi dan mereka beli donat coklat ☕️🍩✨ https://t.co/XLk2kKdBVR",1986697043197501894,https://pbs.twimg.com/media/G5IqbO0bYAAVXkU.jpg,,in,,1,3,0,https://x.com/pho38eee/status/1986697043197501894,1246111932660109314,pho38eee
1986696007409934417,2025-11-07 07:23:33+00:00,0,ada org pacaran di antrian kopi tuku gunting batu kertas buat pilih menu kita penontonnya,1986696007409934417,,,in,,0,0,0,https://x.com/troisjah/status/1986696007409934417,1068664286371766272,troisjah
1986683189952454834,2025-11-07 06:32:37+00:00,0,"krwbase hello guys aku open jastip makanan/barang dr Jakarta yah ready galuh mas hari senin sore, yuk yang mau nitip kopi tuku atau yang lainnya jg boleh, yang berminat rep aja ya ntar aku dm fee 10-15k yah",1986683189952454834,,,in,,0,3,0,https://x.com/KrwMenfess/status/1986683189952454834,1567508065871876096,KrwMenfess
1986674534171447798,2025-11-07 05:58:14+00:00,0,Kopi Tuku tu murah tapi enak 😍 https://t.co/Gsj5YSb12F,1986674534171447798,https://pbs.twimg.com/media/G5IV0gwbIAUHUIQ.jpg,,in,,0,0,0,https://x.com/Dedy44169434/status/1986674534171447798,1006840774502146049,Dedy44169434
1986669914858647951,2025-11-07 05:39:52+00:00,0,aduh pengen kopi tuku T_T,1986669914858647951,,,in,,0,0,0,https://x.com/peachyyswe20016/status/1986669914858647951,1891456552906964992,peachyyswe20016
1986668354699206748,2025-11-07 05:33:40+00:00,0,"Promo kopi favorit hanya di shopeefood spesial jumat berkah

Kopi Calf
https://t.co/9JZ29zIs09

Kopi Tuku Diskon
https://t.co/vkZDvhSw1K

Kopi Philosophy
https://t.co/Q7X7vX5fiP

Kopi Kenangan
https://t.co/W98Ul1yEow

Janji Jiwa
https://t.co/4Ruwz0dceq",1986668354699206748,,,in,,0,0,0,https://x.com/ike_tjn/status/1986668354699206748,513346093,ike_tjn
1986664548758397383,2025-11-07 05:18:33+00:00,0,seminggu ini ga es kopi susu tp apakah hari ini aku akan tuku?????????????,1986664548758397383,,,in,,0,1,0,https://x.com/_lattearies/status/1986664548758397383,1028994485638713345,_lattearies
1986633274291331521,2025-11-07 03:14:17+00:00,0,"Spill promo shopeefood edisi kopi favorit

Kopi Calf
https://t.co/9JZ29zIs09

Kopi Tuku
https://t.co/vkZDvhSw1K

Kopi Philosophy
https://t.co/Q7X7vX5fiP

Kopi Kenangan
https://t.co/W98Ul1yEow

Janji Jiwa
https://t.co/4Ruwz0dceq",1986633274291331521,,,in,,0,0,0,https://x.com/ike_tjn/status/1986633274291331521,513346093,ike_tjn
1986617624298725861,2025-11-07 02:12:05+00:00,0,"List Promo Shopeefood ⏬

Mie Gacoan
https://t.co/DmkOCJb9Cb

Kopi Calf
https://t.co/yV7LWbwJ1e

Sec Bowl
https://t.co/4C4BhcjNLp

HokBen
https://t.co/SmMkSGZ1k5

Kopi Tuku
https://t.co/9aKDROTv87

Point Coffee
https://t.co/zr8eCBIefn

Richeese Factory
https://t.co/iOFU6mfcbU https://t.co/i6142WzXPk",1986617624298725861,https://pbs.twimg.com/media/G5HiMgbbQAA-QdW.jpg,,in,,0,0,0,https://x.com/m_mola9591/status/1986617624298725861,1882643851107848192,m_mola9591
1986379939793551692,2025-11-07 02:10:55+00:00,0,"📍Calf
dia tuh tipikal kopi yang berasa tebel bgt kalo ditelen(?)😭 dan kalo pesen ini harus less sugar sih karena manis pol.. tapi kayanya aku gabakal beli dia lagi selagi masih ada famima, fore, dan tuku🤗🫰🏻 https://t.co/oXnI5ol9LB",1986617330290626602,https://pbs.twimg.com/media/G5Hh7uxbIAUudpo.jpg,eraarchie,in,,0,1,0,https://x.com/eraarchie/status/1986617330290626602,1554731169073156097,eraarchie
1986602704643526752,2025-11-07 01:12:48+00:00,0,"Kopi Tuku dulu, ketua! https://t.co/lDeJ1Z4CK8",1986602704643526752,https://pbs.twimg.com/ext_tw_video_thumb/1986602601748766720/pu/img/qFJX65XSUlKwCJDX.jpg,,in,,0,0,0,https://x.com/cindercella____/status/1986602704643526752,495813831,cindercella____
1986357795885916209,2025-11-07 00:58:20+00:00,0,"@kenhans03 Lah itu mah kang parkir kopi tuku dkt rumah, hahahaha",1986599063542976632,,kenhans03,in,,0,2,0,https://x.com/duckydickdock/status/1986599063542976632,883340070907813888,duckydickdock
1986586886815826029,2025-11-07 00:09:57+00:00,0,"Promo Shopeefood

Circle K
https://t.co/bHEdiob5Ce

HokBen
https://t.co/1biFZQoes0

Republic Kebab
https://t.co/JrOC2exgVE

Kopi Tuku
https://t.co/l2dysYkQYO

Mie Gacoan
https://t.co/jfYUXJ7uGG

The Harvest
https://t.co/51EzldiSF3

Burger Bangor
https://t.co/ywDoa4rlwz https://t.co/5Va9E7NMxx",1986586886815826029,https://pbs.twimg.com/media/G5HGPPzbIAAmGhh.jpg,,in,,0,0,0,https://x.com/3esihma/status/1986586886815826029,1847151278776111104,3esihma
1985980995980636359,2025-11-06 22:26:12+00:00,0,@Alterrrrr_Ego Enak ga kopi tuku??,1986560777642525028,,Alterrrrr_Ego,in,,0,1,0,https://x.com/melonatcha/status/1986560777642525028,1499025762611265540,melonatcha
1986499166701560198,2025-11-06 18:21:23+00:00,0,perkara godaan kopi tuku yg gabisa ditolak jadi gabisa tidur ☺️,1986499166701560198,,,in,,0,0,0,https://x.com/Bimorrrr/status/1986499166701560198,1139381583570325511,Bimorrrr
1986451071095742913,2025-11-06 15:10:16+00:00,0,"Awalnya bingung karena gak ada tuku sama point coffee.. ehh, ternyata ada pablo.. enak dan murah wkwkwk",1986451071095742913,,,in,,0,1,0,https://x.com/karjomblo/status/1986451071095742913,1632218995,karjomblo
1986387203535298580,2025-11-06 14:27:58+00:00,0,@ryujinfeb @sunshiiniieee sopo maeng tuku kopi,1986440425151078543,,ryujinfeb,in,,0,1,0,https://x.com/yappwing/status/1986440425151078543,1425436391383527428,yappwing
1986422080041328811,2025-11-06 14:13:17+00:00,0,@EROGASMS Kalau habis tinggal di refill enggk sie? Kalo ikut dapet kopi tuku enggk? https://t.co/U8uFnsb85b,1986436732657836220,https://pbs.twimg.com/media/G5E9rm-bIAIwofj.jpg,RAGAMPROSA,in,,0,0,0,https://x.com/TenderTies/status/1986436732657836220,845122022506094592,TenderTies
1986435730810544283,2025-11-06 14:09:19+00:00,0,kopi 200 ewu isok tak gae tuku mangan 4 dino 😭😭😭😭😭😭😭😭😭😭😭😭😭😭😭😭😭😭😭😭😭😭😭😭😭 https://t.co/kJQvNaTXA0,1986435730810544283,https://pbs.twimg.com/media/G5E8wfUbIAQOWH1.jpg,,in,,0,0,0,https://x.com/siapanigatausi/status/1986435730810544283,1317337245704073218,siapanigatausi
1986422080041328811,2025-11-06 14:08:59+00:00,0,"@sungddenvil Mencari nafkah untuk beli kopi tuku, Om.",1986435650766463430,,sungddenvil,in,,0,0,0,https://x.com/TenderTies/status/1986435650766463430,845122022506094592,TenderTies
1986318916377837713,2025-11-06 12:52:44+00:00,4,"@munvess oh maaf, aku juga suka kopi. paling suka ngopi apa teh? aku biasanya tuku atau fore atau calf atau kopi saset juga oke WKWK",1986416459141292111,,munvess,in,,1,0,0,https://x.com/pionenone/status/1986416459141292111,1780201525887037440,pionenone
1986416313888350231,2025-11-06 12:52:09+00:00,2,pengen kopi tuku knp di jember ga ada😢😢,1986416313888350231,,,in,,0,1,0,https://x.com/heiyowieca/status/1986416313888350231,1376189911447965696,heiyowieca
1986411375808422115,2025-11-06 12:32:32+00:00,0,"Pengen banget deh beliin minkyun kopi tuku, no sugar enak kok plisss",1986411375808422115,,,in,,0,0,0,https://x.com/alldayonf/status/1986411375808422115,1224663848524767233,alldayonf
1986410665125536244,2025-11-06 12:29:42+00:00,0,"muter embong malang ruwame get, pemuda jangan ditanya. ujung2e ya nde gubeng, mentolo tak tinggal tumbah tuku kopi sek mau yoan pas panas kentang2",1986410665125536244,,,in,,0,0,0,https://x.com/_harubiru/status/1986410665125536244,1002605926266765312,_harubiru
1986406975769550956,2025-11-06 12:15:03+00:00,0,Kopi susu tetangga tuku for me overrated... #nojudge #justopinion,1986406975769550956,,,in,,0,0,0,https://x.com/mlkeuu/status/1986406975769550956,1257589463875678208,mlkeuu
1986387243519648257,2025-11-06 10:56:38+00:00,0,"Baru sadar… kebahagiaan itu sederhana: es kopi susu Tuku yg dinginnya pas &amp; manisnya ga berlebihan😩☕
Tadi mau beli di luar, tapi mager panas-panas. Cek ShopeeFood, EH MALAH ADA DISKON ONGKIR + POTONGAN HARGA.
Auto checkout dong😌👇”
https://t.co/JpsFEE0h95 https://t.co/9C8SE6gIhD",1986387243519648257,https://pbs.twimg.com/media/G5EQqpibIAEUa3g.jpg,,in,,0,0,0,https://x.com/witrisyahputri/status/1986387243519648257,71719121,witrisyahputri
1986363560218480643,2025-11-06 09:29:32+00:00,0,"langsung beli penyelamatku, biar gak tambah bad mood…

kopi terenak menurut ku, kalo lagi di rumah suka beli kst tuku tapi di Jogja monmaap tuku nya b aja jadi beralih ke couvee everyday latte🥰 https://t.co/gHDdMzjqa5",1986365322501439797,https://pbs.twimg.com/media/G5D8usebIAAJTMT.jpg,whiteswanlace,in,,0,0,0,https://x.com/whiteswanlace/status/1986365322501439797,1012301022922878977,whiteswanlace
1986021730381639886,2025-11-06 08:40:09+00:00,0,@SAASH1MI lumayan TP bisa buat beli kopi tuku kann,1986352896452202871,,SAASH1MI,in,,0,0,0,https://x.com/undrrbn/status/1986352896452202871,1658025021917519873,undrrbn
1986235638686081379,2025-11-06 00:54:13+00:00,2,KOPI TUKU KST PALING BEST🤩 https://t.co/3a2wDfH0Wy,1986235638686081379,https://pbs.twimg.com/media/G5CGyH0bIAMsE-g.jpg,,in,,0,0,0,https://x.com/cammeeaca/status/1986235638686081379,1266994536699625473,cammeeaca
1986234025573519762,2025-11-06 00:47:48+00:00,0,"Promo Shopeefood

Mie Gacoan
https://t.co/2Rq6LoaF57

Kopi Tuku
https://t.co/t4nyhRuI2W

HokBen
https://t.co/yYrctko3pd

Burger Bangor
https://t.co/5bpPEaXtNM

Fore Coffee
https://t.co/Rl4Hai8WZ6

Tomoro Coffee
https://t.co/49CWp7FyPh

Circle K
https://t.co/upOFZPYsUr https://t.co/odkUZvlocM",1986234025573519762,https://pbs.twimg.com/media/G5CFUC6a0AA-xh4.jpg,,in,,0,0,0,https://x.com/3esihma/status/1986234025573519762,1847151278776111104,3esihma
1986232645551071517,2025-11-06 00:42:19+00:00,1,tips beli kopi tuku murah,1986232645551071517,,,in,,0,0,0,https://x.com/ubigoreng_/status/1986232645551071517,1418802088558043136,ubigoreng_
1986222574804807912,2025-11-06 00:12:58+00:00,0,"Menurutku spbu kaya bp gubeng ini efektif banget, bahan bakar ada, kopi ada tuku, minimarket juga ada alfamart. Hotel ada gsuit, santika, haris, pop, starbuck juga deket.",1986225259268489274,,an__alter,in,,0,1,0,https://x.com/an__alter/status/1986225259268489274,1540980579008913408,an__alter
1986224740332413425,2025-11-06 00:10:55+00:00,0,aku termasuk yg seneng bisa qris di trasum karna kadang ketinggalan emoney atau tiba-tiba pengen ke kopi tuku dukuh atas pas jam istirahat wkwkwk,1986224740332413425,,,in,,0,0,0,https://x.com/jake_bahng/status/1986224740332413425,1952020214159495168,jake_bahng
1986138517278531800,2025-11-05 18:28:17+00:00,0,"1 gelas kopi buatan sendiri + 2 gelas tuku extra shot jam segini masih seger buger, disuruh ngaudit proyek Whoosh jam segini juga sanggup hamba.",1986138517278531800,,,in,,0,0,0,https://x.com/Rizkihadi/status/1986138517278531800,139315638,Rizkihadi
1986102019497844913,2025-11-05 17:24:40+00:00,0,"@homokuadrat YAKAN! SEMUA KOPI ADA, TP KNP TUKU GAADA!?",1986122505418113390,,homokuadrat,in,,0,0,0,https://x.com/khansamipa3/status/1986122505418113390,1350412097222426625,khansamipa3
1986058244587127027,2025-11-05 16:04:36+00:00,0,@virgorgy pindah rumah aja di kopi tuku,1986102356166218048,,virgorgy,in,,0,1,0,https://x.com/cryoverthemo0n/status/1986102356166218048,1921923311300448256,cryoverthemo0n
1986059337283129685,2025-11-05 14:07:07+00:00,1,@Coconutchoco19 Wahhhh kopi tuku enak banget please 😭,1986072789414273351,,Coconutchoco19,in,,0,1,0,https://x.com/jaga_sahabat/status/1986072789414273351,1484753857330974720,jaga_sahabat
1986058244587127027,2025-11-05 13:09:19+00:00,1,"kenapa kopi tuku yang rungkut tempatnya di merr sih, kenapa ga deket rumah di pandugo gitu biar ga jauh jauh bangett ihh, sebel anjg lagi ngidam kopi tuku bangetttt allahuakbar",1986058244587127027,,,in,,1,1,0,https://x.com/virgorgy/status/1986058244587127027,1534160059982176256,virgorgy
1986033363178913945,2025-11-05 11:30:27+00:00,0,"oatmilk + nescafe + gula aren. combo kopi racikan gue tiap di kantor, enak bgdd jdi ga perlu sering2 beli tuku wkwk",1986033363178913945,,,in,,0,0,0,https://x.com/civilservantz/status/1986033363178913945,1937120357246517248,civilservantz
1986021019950440473,2025-11-05 10:41:24+00:00,0,"sorry, kopi nako b aja, better tuku atau couvee sekalian",1986021019950440473,,,in,,0,0,0,https://x.com/hatchindiii/status/1986021019950440473,1014736362300297217,hatchindiii
1986014059712708732,2025-11-05 10:13:44+00:00,0,Tadi beli kopi tuku tukang parkirnya mirip b*lil,1986014059712708732,,,in,,0,0,0,https://x.com/dearwonsun/status/1986014059712708732,1399574815887949827,dearwonsun
1985998071055237270,2025-11-05 09:10:12+00:00,0,Jatuh cinta sama kopi tuku 🫶,1985998071055237270,,,in,,0,0,0,https://x.com/rainy_rainings/status/1985998071055237270,1456228213093371910,rainy_rainings
1985982244767531160,2025-11-05 08:07:19+00:00,0,yang suka kopi tuku dan mau saldo gopay reply ya,1985982244767531160,,,in,,0,0,0,https://x.com/nayyecaww/status/1985982244767531160,751946149741727744,nayyecaww
1985976020189720927,2025-11-05 07:42:35+00:00,0,"Kopi Tuku diskon 15ribu

https://t.co/SJfUxJ7T7E https://t.co/1PWc4I8GfV",1985976020189720927,https://pbs.twimg.com/media/G4-aqe4aAAA9oO7.jpg,,in,,0,0,0,https://x.com/AkuSukaRacun/status/1985976020189720927,1344004785934979073,AkuSukaRacun
1985964814573916570,2025-11-05 06:58:03+00:00,0,"Spill diskon shopeefood ayo klaim sekarang

Kopi Calf
https://t.co/9JZ29zIs09

Kopi Tuku
https://t.co/vkZDvhSw1K

Kopi Philosophy
https://t.co/Q7X7vX5fiP

Kopi Kenangan
https://t.co/W98Ul1yEow

Janji Jiwa
https://t.co/4Ruwz0dceq",1985964814573916570,,,in,,0,1,0,https://x.com/ike_tjn/status/1985964814573916570,513346093,ike_tjn
1985899971279814660,2025-11-05 06:23:05+00:00,0,@Mommne kopi tuku tetanggaaa,1985956015012245878,,Mommne,in,,0,1,0,https://x.com/doalletea/status/1985956015012245878,1984945228181278720,doalletea
1985951027326288332,2025-11-05 06:03:25+00:00,0,"kopi tuku
https://t.co/nzlR44X5FJ

shihlin
https://t.co/dV52osIeKw https://t.co/WcAUrp1SOZ",1985951064659734717,https://pbs.twimg.com/media/G4-D9-nbQAAI8g4.jpg,dyysyeee,in,,0,1,0,https://x.com/dyysyeee/status/1985951064659734717,1937115249125306368,dyysyeee
1985933317406064805,2025-11-05 05:42:25+00:00,0,@Selvputt Kopi tuku,1985945779245342970,,Selvputt,in,,0,0,0,https://x.com/Ddrianns/status/1985945779245342970,1322678745715470338,Ddrianns
1985631555692396673,2025-11-05 04:34:44+00:00,0,@sayangdeterjen Kopi tuku sabi ni,1985928744507429226,,sayangdeterjen,in,,0,0,0,https://x.com/botanica28/status/1985928744507429226,1573641516702044162,botanica28
1985923288858824888,2025-11-05 04:13:03+00:00,0,"Makan Bergizi Gratis Tanggung SPRG polri Zohran Mamdani yandri susanto 

https://t.co/EGPZ1dFQzN 
Kopi Family Mart 
https://t.co/mXf8FReBIZ
Kopi Tuku 
https://t.co/Aw4Ar58Qj3
Ayam Geprek
https://t.co/EWvhLIKQpA
Nasi Padang https://t.co/mPdJ7hUQwY",1985923288858824888,https://pbs.twimg.com/media/G49qs6rbsAABHXQ.jpg,,in,,0,0,0,https://x.com/goodservice_id/status/1985923288858824888,1918132089402298368,goodservice_id
1985914733015474447,2025-11-05 03:39:03+00:00,0,"craving kopi dan ada ji stock tuku dan stuja di kulkas tapi semalem ditegor baginda fian, gaboleh banyak manis-manis dulu ☹️",1985914733015474447,,,in,,0,1,0,https://x.com/__ewik/status/1985914733015474447,178260137,__ewik
1985913712264532294,2025-11-05 03:35:00+00:00,0,"Spill promo kopi rabu shopeefood deals

Kopi Calf
https://t.co/9JZ29zIs09

Kopi Tuku
https://t.co/vkZDvhSw1K

Kopi Philosophy
https://t.co/Q7X7vX5fiP

Kopi Kenangan
https://t.co/W98Ul1yEow

Janji Jiwa
https://t.co/4Ruwz0dceq",1985913712264532294,,,in,,0,0,0,https://x.com/ike_tjn/status/1985913712264532294,513346093,ike_tjn
1985905751907582061,2025-11-05 03:03:22+00:00,1,i think i need tuku coffee at least 1liter stress bgt pening kepala ku,1985905751907582061,,,in,,0,2,0,https://x.com/anothasidescca/status/1985905751907582061,1975841262390628352,anothasidescca
1985897975093346486,2025-11-05 02:32:28+00:00,0,"Promo Shopeefood

Mie Gacoan
https://t.co/XdfwZtwxoj

Sushi Yay
https://t.co/Nq9S7KOzGY

Jatinangor House
https://t.co/moaNEeX9r8

Richeese Factory
https://t.co/peeZcvxapR

Kopi Tuku
https://t.co/4uJT8vABVD

Mangkokku
https://t.co/0YCY7WidLO

Dapur Cokelat
https://t.co/4biX8iRMKr https://t.co/6HUo0liYlr",1985897975093346486,https://pbs.twimg.com/media/G49TrT5bQAEHPQl.jpg,,in,,0,0,0,https://x.com/3esihma/status/1985897975093346486,1847151278776111104,3esihma
1985855869280727202,2025-11-05 02:14:09+00:00,1,@dearperthsanta hai ini disamping kopi tuku depan stasiun mrt dukuh atas ya,1985893366119481652,,dearperthsanta,in,,0,0,0,https://x.com/domiiata/status/1985893366119481652,1936022609881391104,domiiata
1985887836009349425,2025-11-05 01:52:10+00:00,0,Pingin kopi tuku date terus bercengkrama di bawah rintik hujan yang sendu lalu aku memandang wajah sampingmu......,1985887836009349425,,,in,,0,1,0,https://x.com/notedpak_/status/1985887836009349425,145963044,notedpak_
1985880773430579672,2025-11-05 01:24:06+00:00,0,"merasakan kopi tuku dari harga 18k, 20k, 22k, 23k
dr awal harus ke cipete, skrg tinggal ke shell deket rumah

dan baru sadar 2 hari lagi gue 9 tahun jd budak korporet",1985880773430579672,,,in,,0,0,0,https://x.com/Jjongpamine/status/1985880773430579672,1780235203576840192,Jjongpamine
1985879833910657322,2025-11-05 01:20:23+00:00,1,"bawa2 fore ke ruangan, asbun ""bapak bikin doong, invest di sini bikin fore apa tuku di lt 8""

malah disuruh orderin kopi 😭😭😭😭",1985879835689021724,,yeoldorado14,in,,0,1,0,https://x.com/yeoldorado14/status/1985879835689021724,58378778,yeoldorado14
1985865606349144419,2025-11-05 00:23:50+00:00,0,dan ya aku sekarang lagi dikepung pelari kalcer di kopi Tuku,1985865606349144419,,,in,,0,1,0,https://x.com/mayzunshine/status/1985865606349144419,1743205367402967040,mayzunshine
1985861821971210716,2025-11-05 00:08:48+00:00,0,"Promo Shopeefood

Mie Gacoan
https://t.co/IVcprmUrhp

Kopi Tuku
https://t.co/RENsATCTKB

Richeese
https://t.co/jHYNV0wS5g

Kopi Kenangan
https://t.co/DHIn8fbQoC

Arah Coffee
https://t.co/k9TCjToNsL

Tomoro Coffee
https://t.co/I25LdLb8D0

The Harvest
https://t.co/puzjaVz4L1 https://t.co/NmR8OIWpW5",1985861821971210716,https://pbs.twimg.com/media/G48yyyAaAAANHSS.jpg,,in,,0,0,0,https://x.com/3esihma/status/1985861821971210716,1847151278776111104,3esihma
1985603191103459358,2025-11-04 23:42:12+00:00,0,@gastronusa mending nggo tuku sego padang timbang nggo tuku kopi selawe ewu,1985855128256332149,,gastronusa,in,,0,0,0,https://x.com/AhmdShdw/status/1985855128256332149,1064869798343929856,AhmdShdw
1985779513478037556,2025-11-04 18:41:44+00:00,0,"aku terlalu kopi kapal api tanpa gula buat kamu yang fore, tuku, poin, kopken cafeshop lainnya",1985779513478037556,,,in,,0,0,0,https://x.com/jijeyyy9999/status/1985779513478037556,1784875879794884608,jijeyyy9999
1985763878471643145,2025-11-04 17:39:36+00:00,0,wes tuku mesin kopi dewe. 😅😅😅,1985763878471643145,,,in,,0,0,0,https://x.com/aquagela5/status/1985763878471643145,1925260947784179712,aquagela5
1985733613883945094,2025-11-04 15:39:21+00:00,0,siap menghadapi hari2 esok dengan kopi calf dan tuku lagi 😂,1985733613883945094,,,in,,0,0,0,https://x.com/_cimplung/status/1985733613883945094,4560704058,_cimplung
1983774819058643336,2025-11-04 15:35:21+00:00,0,@Jeongianl @Myungmae Aku mau traktiran kopi Tuku.. kamu inget kamu pernah jajanin aku Tuku?,1985732606613471526,,Jeongianl,in,,0,2,0,https://x.com/taesanbnd/status/1985732606613471526,797940697164677120,taesanbnd
1985729224255418481,2025-11-04 15:22:10+00:00,0,kopi enak selain tuku,1985729291167154274,,ndydydy123,in,,0,0,0,https://x.com/ndydydy123/status/1985729291167154274,1705064168674689024,ndydydy123
1985726684952489990,2025-11-04 15:11:49+00:00,4,"mbot jembot nek jek kere rausah nikah, kakean nyocot, 30k mung iso tuku kopi su wkwk",1985726684952489990,,,in,,0,0,1,https://x.com/yesiloveumore/status/1985726684952489990,1208405163762966530,yesiloveumore
1985666901960507536,2025-11-04 14:32:37+00:00,0,"@kangcukurukuk di aku jelas tidaa, seng penting iso tuku kopi",1985716818644971712,,kangcukurpunk,in,,0,1,0,https://x.com/luciiigotmad/status/1985716818644971712,1841550363939471360,luciiigotmad
1985714758641991747,2025-11-04 14:24:25+00:00,0,"masih parno minum kopi, tp dibeliin tuku mana bisa nolak",1985714758641991747,,,in,,0,1,0,https://x.com/inteaagral/status/1985714758641991747,1318078278284931073,inteaagral
1985701335204000239,2025-11-04 13:31:05+00:00,4,"MRT ini, mau ke dukuh atas beli kopi Tuku trus photoshoot di zebra cross.",1985701335204000239,,,in,,0,1,1,https://x.com/gimmeyeline/status/1985701335204000239,65820385,gimmeyeline
1985684640221577511,2025-11-04 12:24:45+00:00,0,Aku dah beli kopi tuku seliter ujung2nya ga bisa minum 😭,1985684640221577511,,,in,,0,0,0,https://x.com/endearingtyong/status/1985684640221577511,989880539170533376,endearingtyong
1985669244038889628,2025-11-04 11:23:34+00:00,0,"Kopi tuku rasanya gmn sie, di Batam blm ada cabang nya",1985669244038889628,,,in,,0,2,0,https://x.com/JuitaNadia49970/status/1985669244038889628,1963854368761106432,JuitaNadia49970
1985664143400284170,2025-11-04 11:03:18+00:00,0,"pagi tuku, siang djournal, ini kalo gw beli kopi lagi apa kabar lambung gw 😭",1985664143400284170,,,in,,0,0,0,https://x.com/augustof13th/status/1985664143400284170,1314668905906884608,augustof13th
1985663444612497463,2025-11-04 11:00:31+00:00,0,"kopi paling mahal gue cuma mentok di tuku/fore, itupun blm tentu sebulan beli sksksk kaum mendang-mending kayak gue lebih hemat nyeduh sendiri",1985663444612497463,,,in,,0,1,0,https://x.com/carpenter_s0/status/1985663444612497463,1895739729104269314,carpenter_s0
1985633414603817432,2025-11-04 09:01:11+00:00,0,"Still my favourite Coffee. Tuku. Kopi Susu Tetangga, memang enak. https://t.co/QzJdsN4vna",1985633414603817432,https://pbs.twimg.com/media/G45jEJPbQAAWHjv.jpg,,in,,0,0,0,https://x.com/yudha_hanottama/status/1985633414603817432,33831157,yudha_hanottama
1985626247087735294,2025-11-04 08:32:43+00:00,0,ada gue disini lg beli kopi tuku (ga sengaja),1985626247087735294,,,in,,0,0,0,https://x.com/sousciell/status/1985626247087735294,1453057579,sousciell
1985584298582536260,2025-11-04 06:44:07+00:00,0,@albednico Kopi Tuku maksudnya itu😭 wkwkw apa itu vc? Aku mah tim tipsal aja,1985598920706474301,,albednico,in,,0,0,0,https://x.com/SS_Alrynts/status/1985598920706474301,1536285820008534017,SS_Alrynts
1985597410375320060,2025-11-04 06:38:07+00:00,1,"Duduk dr pagi diwarkop. Beli rokok dr mba"" spg uda, beli kopi botolan uda, beli parfum juga uda. Ayo ndang tawani tuku opo maneh 😭🤣",1985597410375320060,,,in,,0,5,0,https://x.com/Rujakcinguur/status/1985597410375320060,1378538856736169985,Rujakcinguur
1985593664358531350,2025-11-04 06:23:14+00:00,0,"Spill promo kopi pilihan shopeefood

Kopi Calf
https://t.co/9JZ29zIs09

Kopi Tuku
https://t.co/vkZDvhSw1K

Kopi Philosophy
https://t.co/Q7X7vX5fiP

Kopi Kenangan
https://t.co/W98Ul1yEow

Janji Jiwa
https://t.co/4Ruwz0dceq",1985593664358531350,,,in,,0,0,0,https://x.com/ike_tjn/status/1985593664358531350,513346093,ike_tjn
1985593295989588227,2025-11-04 06:21:46+00:00,0,"Minggu lalu pas di Semasa x IdeaFest, ngantri kopi Tuku, menariknya gue perhatiin setiap yg order selalu request “less sugar” dan tentu gue jg

Pertinyiinyi, apakah anak muda sekarang sudah sangat konsen terharap gula yg berlebih atau emang kopi nya yg normal sugar itu kemanisan?",1985593295989588227,,,in,,0,0,0,https://x.com/rezq18/status/1985593295989588227,45793303,rezq18
1985592537906888851,2025-11-04 06:18:46+00:00,1,"dari kemarin pgn donat dan kopi, jeng jeng hari ini dapet donat dan kopi tuku dari kantor 🤤🫶🏻",1985592537906888851,,,in,,0,0,0,https://x.com/razanians/status/1985592537906888851,1013790800122077184,razanians
1985586578723578349,2025-11-04 05:55:05+00:00,1,"Kopi Tuku diskon 15ribu

https://t.co/eUOtI7gZ3w https://t.co/9npq8GuU1Y",1985586578723578349,https://pbs.twimg.com/media/G444d_ybgAApoBX.jpg,,in,,0,0,0,https://x.com/watcuwantt/status/1985586578723578349,527318649,watcuwantt
1985574233741934793,2025-11-04 05:06:02+00:00,0,"aku bakal beliin anak kelas kopi tuku, dan akan rajin bekerza",1985574233741934793,,,in,,0,0,0,https://x.com/yinyindoyin/status/1985574233741934793,1751259803266232320,yinyindoyin
1985568976974549287,2025-11-04 04:45:30+00:00,0,"kopi tuku
https://t.co/djy1NsBart

shihlin
https://t.co/O5I9moEB7H https://t.co/ndWkAN7y1U",1985569067512840445,https://pbs.twimg.com/media/G44oixWbQAA4fT5.jpg,dyexpl0rer,in,,0,1,0,https://x.com/dyexpl0rer/status/1985569067512840445,1911673721661571072,dyexpl0rer
1985567593428840827,2025-11-04 04:39:38+00:00,0,"List Promo Shopeefood ⏬

Kopi Kenangan
https://t.co/cNkXQSLRXc

Hotways Chicken
https://t.co/DV6QnWnZxk

Momoyo
https://t.co/tzUnfPwsqY

Mie Gacoan
https://t.co/0HhR5KOFDM

Kopi Tuku
https://t.co/2uCil3DAdF

Sushi Yay
https://t.co/rV4dlfoCKb

Sec Bowl
https://t.co/499V4cIGX8 https://t.co/yHX38Ztk4Z",1985567593428840827,https://pbs.twimg.com/media/G44nMjObQAAO1rU.jpg,,in,,0,0,0,https://x.com/m_mola9591/status/1985567593428840827,1882643851107848192,m_mola9591
1985526499089531112,2025-11-04 01:56:21+00:00,0,"Kopi Tuku diskon 15ribu

https://t.co/LUDbR06w9u https://t.co/05gZXk53Pq",1985526499089531112,https://pbs.twimg.com/media/G44B02-aEAAHIqy.jpg,,in,,0,0,1,https://x.com/AkuSukaRacun/status/1985526499089531112,1344004785934979073,AkuSukaRacun
1985523147932918056,2025-11-04 01:43:02+00:00,0,"Gua bilang mah daerah sini kawasan retail coffee shop, famima, lawson, tuku, indomaret, alfamart, kopken, cotti, deket2an. Belum lagi coffee shop lainnya wow.",1985523147932918056,,,in,,0,0,0,https://x.com/ILLVSOMINA/status/1985523147932918056,843276844132573184,ILLVSOMINA
1985518764381913266,2025-11-04 01:25:37+00:00,0,"Promo Shopeefood

Kopi Tuku
https://t.co/gD6N4TGSWo

HokBen
https://t.co/lBvDePgKFa

Burger Bangor
https://t.co/radGJGVPN0

Fish Streat
https://t.co/J5v0sRfbUm

Salad Hut
https://t.co/Tbvp4aHhT8

Tomoro Coffee
https://t.co/p4xZHezHnM

Dapur Cokelat
https://t.co/F7xv0WgFEU https://t.co/mUG31c0l8g",1985518764381913266,https://pbs.twimg.com/media/G436yXWaMAAciLi.jpg,,in,,0,0,0,https://x.com/3esihma/status/1985518764381913266,1847151278776111104,3esihma
1985498711846502546,2025-11-04 00:05:56+00:00,0,gua blm self reward berupa kopi tuku di bulan ini,1985498711846502546,,,in,,0,2,0,https://x.com/alealleeeyyy/status/1985498711846502546,2298225068,alealleeeyyy
1984538709841363260,2025-11-03 23:36:30+00:00,0,"Akhirnya nyobain kopi item tapi dari tuku, merasa enak, apakah akan ganti ? 🤣",1985491306349805775,,an__alter,in,,0,0,0,https://x.com/an__alter/status/1985491306349805775,1540980579008913408,an__alter
1985425636132024604,2025-11-03 19:15:33+00:00,0,mengganti username ku dengan kopi paling gong di tuku,1985425636132024604,,,in,,0,0,0,https://x.com/soretuku/status/1985425636132024604,1284511011760795649,soretuku
1985411498462875943,2025-11-03 18:19:23+00:00,0,Kopi Tuku bisa dipesan via https://t.co/dgOMYRwsw4 telp 085 100 5 999 85 sms/WA/line/telegram 082325797999 #kopituku https://t.co/mydO5Mdm0o,1985411498462875943,https://pbs.twimg.com/media/G42ZO0EaQAA9RwB.jpg,,in,,0,0,0,https://x.com/PesanSaja/status/1985411498462875943,394565449,PesanSaja
1985400347460857908,2025-11-03 17:47:40+00:00,0,@sbyfess nek sawah gowo kloso kopi tuku indomaret ae low bajet,1985403517067280602,,sbyfess,in,,0,0,0,https://x.com/zh444l/status/1985403517067280602,1086892396204310528,zh444l
1985387312944201762,2025-11-03 17:40:43+00:00,1,"Okay, crying over bapak gojek yang kehilangan motornya di sekitar UI dan nganter kopi tuku dengan jalan kaki. Damn 🥺",1985401769430827371,,blessedinnn,in,,0,0,0,https://x.com/blessedinnn/status/1985401769430827371,1407643213972742158,blessedinnn
1985334233003696138,2025-11-03 14:56:58+00:00,0,"@ndadindaadin 1. Caramel Macchiato - Family Mart, sumpah ini debest sih dengan harga under 20k🤩
2. Sea Salt Butterscotch - Point Coffee, andalan kalo gaada yang nomer 1 wkwkwk
3. Mocha Latte - KopKen
4. Kopsus Tetangga (Less Sugar) - TUKU
5. Americano",1985360562222759984,,ndadindaadin,in,,0,0,0,https://x.com/hdhjle/status/1985360562222759984,1005145396715270144,hdhjle
1985357701065711774,2025-11-03 14:45:36+00:00,0,"OHNO HASIL PHOTOBOX GUE SM TMN, KTINGGALAN DI KOPI TUKU BLOK M😭💔",1985357701065711774,,,in,,0,1,0,https://x.com/ldyreze/status/1985357701065711774,1339938582853636098,ldyreze
1985357501899080026,2025-11-03 14:44:49+00:00,1,double date ke GBK abis itu antri beli kopi tuku yakannn https://t.co/nFVcbhb0Kr,1985357501899080026,https://pbs.twimg.com/media/G41oH9iaUAAFFv4.jpg,,in,,0,1,0,https://x.com/migiwcintakuuu/status/1985357501899080026,1869611231855931392,migiwcintakuuu
1985338725446881412,2025-11-03 13:52:24+00:00,0,"@munvess Hari ini libur jadi nemenin mama ke RS terus lanjut nonton anime sambil ngerajut. Malemnya beli kopi ke Tuku barengan orang tua. Wkowkowkwo. Terus, yaudah gini gini aja sih.",1985344312947945979,,munvess,in,,0,0,0,https://x.com/Vissioneri/status/1985344312947945979,2483792516,Vissioneri
1985342959353839817,2025-11-03 13:47:02+00:00,0,Buat yg tadi ngeliatin gw di kopi tuku Bintaro sektor 2. Thanks udh bikin nyokap gw ovt karena lu ngeliatin gw jirrrr. 😭😭,1985342959353839817,,,in,,0,1,0,https://x.com/maulangan25/status/1985342959353839817,323060464,maulangan25
1985307711828037841,2025-11-03 13:34:58+00:00,0,@Chanrini22 Mane jajan 🥲🥲🥲 sayangnya ini bp kaga ada kopi tuku kek yg lain 🥲🥲🥲,1985339923688554578,,Chanrini22,in,,0,1,0,https://x.com/freezetyouth/status/1985339923688554578,397082045,freezetyouth
1985314238752334254,2025-11-03 11:52:54+00:00,2,udah ada hilal putus blm sih gw beneran mau GA kopi tuku botolan ini,1985314238752334254,,,in,,0,1,0,https://x.com/nasiypadank/status/1985314238752334254,149459291,nasiypadank
1985311366551605532,2025-11-03 11:41:29+00:00,0,"Kopi tuku
https://t.co/LT1uizRhXo

#kopituku #Coffee #Caramel #shopeefood https://t.co/MHFbE5xaX3",1985311366551605532,https://pbs.twimg.com/media/G40-JifaAAAOhHE.jpg,,in,,0,0,0,https://x.com/Fadiaaz4/status/1985311366551605532,1343814619970748416,Fadiaaz4
1985308603084071182,2025-11-03 11:30:30+00:00,0,Jujur menurut gw kopi indomaret &gt; tuku,1985308603084071182,,,in,,0,0,0,https://x.com/nnabillu/status/1985308603084071182,1101966521448820736,nnabillu
1985306252541562980,2025-11-03 11:21:10+00:00,720,"hari ini first day of work, Alhamdulillah :”) i’m rewarding myself with kopi tuku segalon hehehe https://t.co/RFygwxsX52",1985306252541562980,https://pbs.twimg.com/media/G405gpga0AAgdPs.jpg,,in,,0,22,2,https://x.com/kayu___manis/status/1985306252541562980,1802355183856586753,kayu___manis
1985297281227354295,2025-11-03 10:45:31+00:00,0,aduh mana ngidam kopi tuku banget lagi yaAllah,1985297281227354295,,,in,,0,0,0,https://x.com/miamorressxo/status/1985297281227354295,266550731,miamorressxo
1985293515568615443,2025-11-03 10:30:33+00:00,0,kopi tuku,1985293515568615443,,,in,,0,0,0,https://x.com/Dev12Nol/status/1985293515568615443,1920021008179986434,Dev12Nol
1985266870350729685,2025-11-03 10:20:14+00:00,0,@nayzura_ Minum kopi tuku deh itu ga kenceng tapi bikin melek,1985290919609065895,,nayzura_,in,,0,1,0,https://x.com/ranrunya/status/1985290919609065895,1246141021198503936,ranrunya
1985266533564842459,2025-11-03 09:50:48+00:00,0,@crezsent Drinknya kopi tuku plis,1985283510131982667,,crezsent,in,,0,0,0,https://x.com/eezlily/status/1985283510131982667,1450989395012583426,eezlily
1985255531712549008,2025-11-03 07:59:37+00:00,4,"Deket rumah ada Starbucks, Tuku, Kopi Kenangan, Jco, Dunkin, FamilyMart, KFC, Chatime, dll, tapi gaada satupun yang aku datengin, karna mager :')",1985255531712549008,,,in,,0,5,0,https://x.com/piscesknees/status/1985255531712549008,1682660687477366785,piscesknees
1984968613808505328,2025-11-02 12:59:31+00:00,8,"Duh rek, kok yo ngenes yo liat petugas Shell sampek dodolan nang perempatan, Ayok rek, sekalian mampir tuku kopine! Enak loh, opomaneh sing es kopi super iku. Nek seneng medok rasane, cobak en double shot! Terus, sing nyetir mobil diesel, isi ae nang Shell , solar e tetep ready!",1984968613808505328,,,in,,0,3,5,https://x.com/aslisuroboyo/status/1984968613808505328,211480994,aslisuroboyo
1984963971183710663,2025-11-02 12:41:04+00:00,0,gue doang apa org lain jg ngerasa kalo kopi susu lokalnya union itu mirip tuku,1984963971183710663,,,in,,0,0,0,https://x.com/specixal/status/1984963971183710663,416658257,specixal
1984962584769081498,2025-11-02 12:35:33+00:00,0,"Harus diakuin Tuku emang beda dibanding kopi sekelasnya
Terasa ada khasnya gitu dan khusus di Bali ada donat gula bali juga, and it also tastes so great! 😃",1984962584769081498,,,in,,0,0,0,https://x.com/sukmajayanti_83/status/1984962584769081498,1953677548292124674,sukmajayanti_83
1984951227113980254,2025-11-02 11:50:25+00:00,0,Di samarinda kopi yg smokey+creamy kayak tuku/calf dimana ya 😣😣 kangen bgt,1984951227113980254,,,in,,0,1,0,https://x.com/NAP449/status/1984951227113980254,363599583,NAP449
1984946190400778340,2025-11-02 11:30:25+00:00,5,"Ternyata review e apik banget ya? ket biyen admin seneng moleh kerjo mampir tuku kopi karo jajan e Shell tapi gak sadar ternyata V-Power Diesel wes masuk nang Surabaya, dadi penasaran pengen coba",1984946193403961541,,sbyfess,in,,0,1,2,https://x.com/sbyfess/status/1984946193403961541,1152437175587241985,sbyfess
1984931920409759954,2025-11-02 11:17:39+00:00,0,@Thekinkaneee mencari nafkah demi sebutir kopi tuku,1984942981623976103,,Thekinkaneee,in,,0,1,0,https://x.com/berkelanaj4uh/status/1984942981623976103,735778879,berkelanaj4uh
1984941646593835119,2025-11-02 11:12:21+00:00,11,"Pas banget hujan, mampirnya ke Toko Kopi Tuku sambil beli beans nya ""Tetangga Blend""

Nah kalo mau buat kopi yang rasanya sama kaya store tuku, beans nya pake ini ✨ https://t.co/yhgarGo73a",1984941646593835119,https://pbs.twimg.com/media/G4vt5pcaIAI-UzH.jpg,,in,,1,0,1,https://x.com/Ccookk_/status/1984941646593835119,1146452083693895681,Ccookk_
1984941229294096780,2025-11-02 11:10:42+00:00,0,"WTS TIKET BLACKPINK BLACK PINK BP JAKARTA

PLATINUM = 1 TIX
2.5JT/tix

- COD SINI DEPAN KOPI TUKU
- MAU KEEP TIKET, WAJIB DP YA THANK YOU

WTB INFO SENAYAN PLAZA TENGGARA https://t.co/dPbe5u9nbc",1984941229294096780,https://pbs.twimg.com/media/G4vtKHBbQAAJ7Wn.jpg,,in,,0,2,0,https://x.com/AlbasyriHasan/status/1984941229294096780,1072768699,AlbasyriHasan
1984940663381897719,2025-11-02 11:08:27+00:00,1,"tetap menyeduh kopi sendiri ditengah tren arek arek sng senengane tuku kopi.
bcs ada momen yang tak bisa tergantikan

seduhan kopi pertama kali itu aromanya sangat candu😖

ketika air panas dituang dari teko angsa, disaat yang bersamaan pula irungku langsung tak cedekne cangkir🤤",1984940663381897719,,,in,,0,1,0,https://x.com/centanghitam/status/1984940663381897719,1397272530671472641,centanghitam
1984937549933289721,2025-11-02 10:56:04+00:00,0,"I said, ""God bless Tuku (the coffee), akhirnya seperti terlahir kembali."" Then Mom roasted me, ""Lebay."" 😭😭😭😭

Mom sipped a little, she said, ""HMMM ENAK YA KAK WANGI TERUS ADA PAHIT MANISNYA."" 😭😭😭😭😭😭😭😭😭🔫🔫🔫🔫🔫",1984937549933289721,,,in,,0,1,0,https://x.com/daeisiee/status/1984937549933289721,1556917829995495425,daeisiee
1984929750448738679,2025-11-02 10:27:14+00:00,0,@cihruss perasaan tadi bisa cod venue di kopi tuku kak? kok sekarang beda lagi,1984930290159284688,,shewmoony,in,,1,2,0,https://x.com/rubyjjjen/status/1984930290159284688,1288276167254917121,rubyjjjen
1984926679576580254,2025-11-02 10:12:53+00:00,0,"WTS TIKET BLACKPINK BLACK PINK BP JAKARTA

CAT 3 = 1 TIX
2.4JT

- COD SINI DEPAN KOPI TUKU
- MAU KEEP TIKET, WAJIB DP YA THANK YOU

WTB INFO SENAYAN PLAZA TENGGARA https://t.co/OTtZdIJMBw",1984926679576580254,https://pbs.twimg.com/media/G4vf47zaUAAfEYJ.jpg,,in,,0,0,0,https://x.com/AlbasyriHasan/status/1984926679576580254,1072768699,AlbasyriHasan
1984916567382245807,2025-11-02 10:11:55+00:00,0,@cihruss Kk aku take all. Udh di dpn kopi tuku,1984926436101333005,,jenoloaawy,in,,0,0,0,https://x.com/cxjungsss___/status/1984926436101333005,1114724155,cxjungsss___
1984916100715585862,2025-11-02 09:30:51+00:00,0,"WTS TIKET BLACKPINK BLACK PINK BP JAKARTA

PLATINUM = 1 TIX
3JT/tix

- COD SINI DEPAN KOPI TUKU
- MAU KEEP TIKET, WAJIB DP YA THANK YOU

WTB INFO SENAYAN PLAZA TENGGARA https://t.co/hyWWYTx2M4",1984916100715585862,https://pbs.twimg.com/media/G4vWjtuacAA8kGJ.jpg,,in,,0,1,0,https://x.com/AlbasyriHasan/status/1984916100715585862,1072768699,AlbasyriHasan
1563381359502331904,2025-11-02 08:56:26+00:00,0,"@MinisoIndonesia @Pizza_HutID 1. mie ayam ceker + bakso
2. sop duren
3. seblak wajan 😄 + sop duren
4. kopi tuku &amp; pangsit rebus

haduuhh sender upload sambil ngiler 🤤🫠 https://t.co/gbyZ3Ley3V",1984907440232767508,https://pbs.twimg.com/media/G4vOu_yaoAAUlXX.jpg,nazwahumairah1,in,,0,1,0,https://x.com/nazwahumairah1/status/1984907440232767508,1260150257913982976,nazwahumairah1
1984902309374316901,2025-11-02 08:36:02+00:00,0,"Toko Kopi Tuku Malang sekarang ada di ShopeeFood! Pesan Sekarang, langsung diantar. https://t.co/34gHoi3gIl https://t.co/tCUi5gXMyv",1984902309374316901,https://pbs.twimg.com/media/G4vKIOqb0AAipg9.jpg,,in,,0,0,0,https://x.com/blublubcookies/status/1984902309374316901,1941120942828396544,blublubcookies
1984900394343153681,2025-11-02 08:28:26+00:00,0,"WTS TIKET BLACKPINK BLACK PINK BP JAKARTA

CAT 4 = 4 TIX DERET SEBELAHAN
2050K/TIX

NETT, NEGO GAK DIBALES.
LANGSUNG WA 081917123372

- COD SINI DEPAN KOPI TUKU
- MAU KEEP TIKET, WAJIB DP YA THANK YOU

WTB INFO SENAYAN PLAZA TENGGARA https://t.co/GKhJbkOnDD",1984900394343153681,https://pbs.twimg.com/media/G4vIYBGb0AAAntD.jpg,,in,,0,0,0,https://x.com/AlbasyriHasan/status/1984900394343153681,1072768699,AlbasyriHasan
1984893284003824034,2025-11-02 08:00:11+00:00,1,"WTS TIKET BLACKPINK BLACK PINK BP JAKARTA

CAT 4 = 2 TIX DERET SEBELAHAN
1.9JT/TIX

- COD SINI DEPAN KOPI TUKU
- MAU KEEP TIKET, WAJIB DP YA THANK YOU

WTB INFO SENAYAN PLAZA TENGGARA https://t.co/svJLMZV8ly",1984893284003824034,https://pbs.twimg.com/media/G4vB53ebQAcljcY.jpg,,in,,0,6,0,https://x.com/AlbasyriHasan/status/1984893284003824034,1072768699,AlbasyriHasan
1984885566442447183,2025-11-02 07:29:31+00:00,0,"WTS / WANT TO SELL
BLACKPINK IN JAKARTA - DAY 2

1x CAT 1 row 8 zone 5 (udah jadi wb)

1 tiket only!

harga? ngga underprice!

dm for purchase🩷

COD DI DEPAN KOPI TUKU SEKARANG

tags wtb jual beli tiket deadline bp in jakarta",1984885566442447183,,,in,,0,2,0,https://x.com/aksaraai/status/1984885566442447183,1590345091142406144,aksaraai
1984882432299175989,2025-11-02 07:17:03+00:00,0,YUK YANG MAU HAIR DO EYE MAKE UP DAY 2 DEPAN KOPI TUKU UDAH READYYY CUSSS KESINIII DIBAWAH GATE WELCOME 💓💓 https://t.co/MuqRQjIa3K,1984882432299175989,https://pbs.twimg.com/media/G4u4CwYaEAEjT_f.jpg,,in,,0,0,0,https://x.com/dicadic_/status/1984882432299175989,1147865702,dicadic_
1984600349324558667,2025-11-01 12:36:10+00:00,0,Aku lupa kopi tuku udah ada disini,1984600349324558667,,,in,,0,0,0,https://x.com/junngeu/status/1984600349324558667,1805076423033663488,junngeu
1984578903701405876,2025-11-01 11:10:56+00:00,1,"WTS TIKET BLACKPINK BLACK PINK BP JAKARTA

DAY 1 
CAT 4 = 2 TIKET DERET

HARGA 2.2JT/TIX

COD LANGSUNG GBK YA, DEPAN KOPI TUKU
MAU KEEP TIKET, WAJIB DP YA. THANK YOU

WTB INFO SENAYAN PLAZA TENGGARA https://t.co/Yvk71f4SXd",1984578903701405876,https://pbs.twimg.com/media/G4qj_ZgbQAIsmX5.jpg,,in,,0,4,0,https://x.com/AlbasyriHasan/status/1984578903701405876,1072768699,AlbasyriHasan
1984573977948536856,2025-11-01 10:51:22+00:00,0,"Obrolan sore ini di kopi tuku bersama teman, berakhir ke kesimpulan, ""curiga si jae custom cincin nikah sekalian""

😭 deym my friend not even jar but she really invested when I'm talking about jae.",1984573977948536856,,,in,,0,0,0,https://x.com/trumanjae/status/1984573977948536856,1336987150294732800,trumanjae
1984547036520387029,2025-11-01 10:49:51+00:00,0,"@shiravyuki yg deket kamu ajaaa kalo ada kayak kopken, tomoro, janjiw, tuku, ato ga point coffee",1984573597080567943,,shiravyuki,in,,0,1,0,https://x.com/catdelunes/status/1984573597080567943,1673252128708780037,catdelunes
1984560853522530333,2025-11-01 09:59:13+00:00,0,"WTS TIKET BLACKPINK BLACK PINK BP JAKARTA

DAY 1 
BLINK PACKAGE SEAT VIP = 1 TIX
4JT NETT

YG MAU LANGSUNG WA, DM GK KEBACA NOTIF
081917123372

COD LANGSUNG GBK YA, DEPAN KOPI TUKU
MAU KEEP TIKET, WAJIB DP YA. THANK YOU

WTB INFO SENAYAN PLAZA TENGGARA https://t.co/xBbelWThec",1984560853522530333,https://pbs.twimg.com/media/G4qTcU6bQAEFaHP.jpg,,in,,0,0,0,https://x.com/AlbasyriHasan/status/1984560853522530333,1072768699,AlbasyriHasan
1984559843471139048,2025-11-01 09:55:12+00:00,3,Kenapa yaa kalau beli golden black coffee jd mual wkwkwkkw padahal beli tuku atau calf b aja asal makan dulu,1984559843471139048,,,in,,0,1,0,https://x.com/noisetteiris/status/1984559843471139048,1759560218340737024,noisetteiris
1984554214371311903,2025-11-01 09:32:50+00:00,0,"WTS TIKET BLACKPINK BLACK PINK BP JAKARTA

DAY 1 
PLATINUM A = 1 TIX
2.7JT

YG MAU LANGSUNG WA, DM GK KEBACA NOTIF
081917123372

COD LANGSUNG GBK YA, DEPAN KOPI TUKU
MAU KEEP TIKET, WAJIB DP YA. THANK YOU

WTB INFO SENAYAN PLAZA TENGGARA https://t.co/OLu2QuaGqa",1984554214371311903,https://pbs.twimg.com/media/G4qNbmLbQAoDnQB.jpg,,in,,0,2,0,https://x.com/AlbasyriHasan/status/1984554214371311903,1072768699,AlbasyriHasan
1984542964446822724,2025-11-01 09:16:30+00:00,0,@araafi_aprilia tinggal diesel sm kopi tuku kak haha,1984550102636380334,,araafi_aprilia,in,,0,1,0,https://x.com/koganenohikari/status/1984550102636380334,1278269892882337792,koganenohikari
1984547996189831272,2025-11-01 09:08:08+00:00,2,"WTS TIKET BLACKPINK BLACK PINK BP JAKARTA

DAY 1 
CAT 4 = 2 TIKET DERET = 1.950K

COD LANGSUNG GBK YA, DEPAN KOPI TUKU
MAU KEEP TIKET, WAJIB DP YA. THANK YOU

WTB INFO SENAYAN PLAZA TENGGARA https://t.co/XXRojSLVE6",1984547996189831272,https://pbs.twimg.com/media/G4qH2nlbQAM_PUj.jpg,,in,,0,7,0,https://x.com/AlbasyriHasan/status/1984547996189831272,1072768699,AlbasyriHasan
1984541078612296042,2025-11-01 08:40:38+00:00,0,"Promo shopeefood kopi pilihan

Kopi Calf
https://t.co/9JZ29zIs09

Kopi Tuku
https://t.co/vkZDvhSw1K

Kopi Philosophy
https://t.co/Q7X7vX5fiP

Kopi Kenangan
https://t.co/W98Ul1yEow

Janji Jiwa
https://t.co/4Ruwz0dceq",1984541078612296042,,,in,,0,0,0,https://x.com/ike_tjn/status/1984541078612296042,513346093,ike_tjn
1984531349093720460,2025-11-01 08:01:59+00:00,2,"WTS TIKET BLACKPINK BLACK PINK BP JAKARTA

DAY 1 &amp; DAY 2 READY
READY ALL KATEGORI ✅
UNDERPRICE MURAH MURAH

COD LANGSUNG GBK YA, DEPAN KOPI TUKU
MAU KEEP TIKET, WAJIB DP YA. THANK YOU

WTB INFO SENAYAN PLAZA TENGGARA https://t.co/iOuwTpM1kK",1984531349093720460,https://pbs.twimg.com/media/G4p4pDFbQAgpt_W.jpg,,in,,0,8,0,https://x.com/AlbasyriHasan/status/1984531349093720460,1072768699,AlbasyriHasan
1984527200029487259,2025-11-01 07:45:29+00:00,0,YANG MAU EYE MAKE UP ATAU HAIR DO YUKKK AKU UDAH DI VENUE DEPAN KOPI TUKU / PATUNG SOEKARNO. START 30RBAN AJA 🙆🏻‍♀️ BISA DM ATAU LGSNG SAMPERIN YAA #BLACKPINKinJAKARTA https://t.co/9PcMmzj8L1,1984527200029487259,https://pbs.twimg.com/media/G4p09KabQAM81-Y.jpg,,in,,0,0,0,https://x.com/dicadic_/status/1984527200029487259,1147865702,dicadic_
1984526150002266550,2025-11-01 07:41:19+00:00,0,YANG MAU EYE MAKE UP ATAU HAIR DO YUKKK AKU UDAH DI VENUE DEPAN KOPI TUKU / PATUNG SOEKARNO. START 30RBAN AJA 🙆🏻‍♀️ BISA DM ATAU LGSNG SAMPERIN YAA https://t.co/fG8xXTIY80,1984526150002266550,https://pbs.twimg.com/media/G4p0AUPaEAA4CHq.jpg,,in,,0,0,0,https://x.com/dicadic_/status/1984526150002266550,1147865702,dicadic_
1984511974290641057,2025-11-01 06:44:59+00:00,0,Aaaaaa pengen kopi yang susunya creamy selain calf ama tuku apa ya pengen coba yg lain 😭,1984511974290641057,,,in,,0,2,0,https://x.com/kdyisbae/status/1984511974290641057,1082179438496833536,kdyisbae
1984508283735195945,2025-11-01 06:30:19+00:00,0,"mending beli tuku apa point coffee y

PONDPHUWIN JOURNEY CONTINUES

#PondPhuwinFanconD2",1984508283735195945,,,in,,0,0,0,https://x.com/phuwinroblox/status/1984508283735195945,1306209965732839424,phuwinroblox
1984485369140953472,2025-11-01 06:24:56+00:00,0,@liltweetybirdU Aku di belakang kopi tuku,1984506928652042599,,liltweetybirdU,in,,0,0,0,https://x.com/Zerinaelem/status/1984506928652042599,1628683694465744897,Zerinaelem
1984481695484297476,2025-11-01 04:44:40+00:00,0,"Promo kopi shopeefood

Kopi Calf
https://t.co/9JZ29zIs09

Kopi Tuku
https://t.co/vkZDvhSw1K

Kopi Philosophy
https://t.co/Q7X7vX5fiP

Kopi Kenangan
https://t.co/W98Ul1yEow

Janji Jiwa
https://t.co/4Ruwz0dceq",1984481695484297476,,,in,,0,0,0,https://x.com/ike_tjn/status/1984481695484297476,513346093,ike_tjn
1984479005584867572,2025-11-01 04:33:59+00:00,0,"Tolol!!!
Salah satu kopi terenak, Kopi Tuku, aja cuma 25k. Kopi yg di gambar, di Indomaret Point malah gk sampe 25k. Itu si Woosh ngambil untung lebih dr 10k.

Kalau mau jilat, paling tidak yg agak pinteran dikit deh. https://t.co/644QaR1cTi",1984479005584867572,https://pbs.twimg.com/media/G4pJIvqa4AAv0wk.jpg,,in,,0,0,0,https://x.com/solarsage__/status/1984479005584867572,1887894847866249216,solarsage__
1984476913801572739,2025-11-01 04:25:40+00:00,0,"List Promo Shopeefood ⏬

Hotways Chicken
https://t.co/5PZ40kbjz5

Momoyo
https://t.co/lgx3R41ATS

Mie Gacoan
https://t.co/7AeyE9YGxa

Richeese Factory
https://t.co/rMeP8wVlmX

Dapur Cokelat
https://t.co/ersZz76M0U

Kopi Tuku
https://t.co/FpvX8HC18n https://t.co/Q3mjpyB8o3",1984476913801572739,https://pbs.twimg.com/media/G4pHOXsagAA_v7X.jpg,,in,,0,5,0,https://x.com/m_mola9591/status/1984476913801572739,1882643851107848192,m_mola9591
1984450126409249154,2025-11-01 03:21:16+00:00,0,@svplace4plli BENTARR AKU LAGI BELI TUKU BUTUH KOPI 😭,1984460705479999899,,svplace4plli,in,,0,1,0,https://x.com/akarimayumii/status/1984460705479999899,1121460994155278336,akarimayumii
1984452902874980591,2025-11-01 02:50:16+00:00,2,kopi tuku before bertemu mY jisoo https://t.co/4rbIfi4Rq0,1984452902874980591,https://pbs.twimg.com/media/G4oxZiYawAAcdAi.jpg,,in,,0,4,0,https://x.com/aseroruu/status/1984452902874980591,471584049,aseroruu
1984451491235876947,2025-11-01 02:44:39+00:00,0,"Promo Shopeefood

Mie Gacoan
https://t.co/ZDNpF6rBaG

Kopi Tuku
https://t.co/alAqt16XQf

Sushi Yay
https://t.co/AnUm8MlKyb

Jatinangor House
https://t.co/XXVtLqyDn1

Mangkokku
https://t.co/pQCtQLkylh

Dapur Cokelat
https://t.co/8I52mhJvND

Tomoro Coffee
https://t.co/TMoAMvnJmN https://t.co/ygwWCOUSWf",1984451491235876947,https://pbs.twimg.com/media/G4owGuBb0AAp-Ys.jpg,,in,,0,0,0,https://x.com/3esihma/status/1984451491235876947,1847151278776111104,3esihma
1984443865156501606,2025-11-01 02:14:21+00:00,4,lumayan buat hari ini🧏🏻‍♀️ kopi tuku for the rescue https://t.co/QeU30FksmF,1984443865156501606,https://pbs.twimg.com/media/G4opK1AbQAA_mTt.jpg,,in,,0,1,0,https://x.com/beautiaf/status/1984443865156501606,853230786601930752,beautiaf
1984153400502587477,2025-10-31 18:55:57+00:00,0,@tanyakanrl Dia suka kopi tuku sih nder,1984333538368585886,,tanyakanrl,in,,0,0,0,https://x.com/miyagelap/status/1984333538368585886,1513044606220648450,miyagelap
1984317892066984177,2025-10-31 17:53:46+00:00,0,"1. Shaken black peach - point coffe
2. KST - tuku
3. Creamy aren latte pake juwara Beans - kopi kenangan",1984317892066984177,,,in,,0,0,0,https://x.com/bol4ka/status/1984317892066984177,3846926473,bol4ka
1984317056209338818,2025-10-31 17:50:27+00:00,0,"Lagi2 gara minum kopi tuku, muntah 5x njirr",1984317056209338818,,,in,,0,0,0,https://x.com/arappu7/status/1984317056209338818,1597520549357400065,arappu7
1984297290316783629,2025-10-31 16:31:55+00:00,0,"karena bukan kopi person, tapi gue mau bilang:
1. tuku
2. butterscotch calf
3. ksk famima",1984297290316783629,,,in,,0,0,0,https://x.com/scjswwmg/status/1984297290316783629,1672187903202709505,scjswwmg
1984213510738600403,2025-10-31 16:16:17+00:00,0,"@HaniTsuraya Menurutku iya kak han, tapi balik ke masing2 yah soalnya aku bukan pecinta kopi. Coba tuku karena fomo😭",1984293358337204445,,HaniTsuraya,in,,0,1,0,https://x.com/imasshifaas/status/1984293358337204445,1773265327008464896,imasshifaas
1984277628032049546,2025-10-31 15:13:47+00:00,0,"1. tuku
2. kopi analogi
3. kopken",1984277628032049546,,,in,,0,0,0,https://x.com/raspberryayaa/status/1984277628032049546,1418890747298918405,raspberryayaa
1980213979671838737,2025-10-31 14:56:06+00:00,0,"@nadnadaa__ Kopi Tuku aja ada jual 25gr loh 

Okey, pan kapan aku cobain. Tentunya dikit aja soalnya g terlalu suka soda juha 😁",1984273179737731347,,nadnadaa__,in,,0,1,0,https://x.com/rockersky_/status/1984273179737731347,1207519484715491328,rockersky_
1984261941767086125,2025-10-31 14:11:27+00:00,0,"Padahal sudah ada Kopi Tuku, Kopken, Tomoro, Calf, Point Coffee

Ngapain jg pakai narkoba",1984261941767086125,,,in,,0,1,0,https://x.com/kusumastianto/status/1984261941767086125,110940117,kusumastianto
1984221355873542650,2025-10-31 13:43:11+00:00,2,"@smbdtros @SoloMenfess Bener banget. Caraku nek wes maem, ojo jajan. Misal pengen jajan cilok 5k wae. Nek pengen kopi tuku sasetan gawe dewe.",1984254828525301760,,smbdtros,in,,0,0,0,https://x.com/T_rakh16/status/1984254828525301760,1501485255265447939,T_rakh16
1984253781190807909,2025-10-31 13:39:01+00:00,0,"setelah kemarin penasaran bngt dan nyoba TUKU di blok m, ternyata tetep pahit dan gaenak di mulut saya yg gasuka kopi 🥲😭
satu satunya kopi yg bisa masuk di saya cuman kopi gula arennya belikopi 👍🤝",1984253781190807909,,,in,,0,0,0,https://x.com/dodlsss/status/1984253781190807909,1285228936125808643,dodlsss
1984203777105449432,2025-10-31 13:31:22+00:00,0,@bebasgulaaa Pengen ke kopi kotok sama kopi tuku,1984251855212609843,,bebasgulaaa,in,,0,0,0,https://x.com/jenoojung/status/1984251855212609843,1078127022700777472,jenoojung
1984244492606779554,2025-10-31 13:02:07+00:00,9,Ngguaya polll iki aku sok2an ngopi gae ngenean barang. Biasane nek arep kopi tuku mung karek GoFood https://t.co/uG6H7LB2eU,1984244492606779554,https://pbs.twimg.com/media/G4lz1okagAA8h2e.jpg,,in,,0,3,0,https://x.com/adith_wp/status/1984244492606779554,246398684,adith_wp
1984238966829367721,2025-10-31 12:40:09+00:00,0,"1. Indocafe mix
2. Kopi tuku
3. Coffe latte fore",1984238966829367721,,,in,,0,0,0,https://x.com/Manzeen12/status/1984238966829367721,1650141713636401155,Manzeen12
1984203777105449432,2025-10-31 12:39:27+00:00,0,"@jenoojung Day 3 : sarapan di circle K sebelah hotel, chekout, ke kopi tuku, ke kranggan, pulangggg🤣",1984238788772794500,,bebasgulaaa,in,,0,1,0,https://x.com/bebasgulaaa/status/1984238788772794500,929743466422198272,bebasgulaaa
1981246517840400502,2025-10-31 01:54:29+00:00,0,"@abdulharismnurT @bacabukumulu Gimana kalo kalian janjian via dm terus langsung ketemu aja,

Fyi bu guru, pak kadis suka kopi tuku",1984076480578761092,,abdulharismnurT,in,,0,1,0,https://x.com/__ulatbulu/status/1984076480578761092,1473592057910366209,__ulatbulu
1984061925643448485,2025-10-31 00:56:39+00:00,0,"Nom""an opo iki, budal kerjo sangune wedang jahe. Mbok yo budal kerjo iku sangu kopi fore/tuku ben kalcer koyok arek"". Cupuu luuuuu! https://t.co/TMZ8UPw1C5",1984061925643448485,https://pbs.twimg.com/media/G4jNyTVa8AIXi_g.jpg,,in,,0,0,0,https://x.com/rematyk/status/1984061925643448485,1573615027831336960,rematyk
1984058983087538474,2025-10-31 00:44:58+00:00,0,"Promo Shopeefood

Mie Gacoan
https://t.co/kGVaxZORmJ

HokBen
https://t.co/Rv8EraLASF

Republic Kebab
https://t.co/8HUeecGB4H

Kopi Tuku
https://t.co/P9mhqixopJ

Circle K
https://t.co/F5g7Z0CI8f

Salad Hut
https://t.co/yudGQsOURC

Fore Coffee
https://t.co/lyYZLsCZjs https://t.co/7ZMJgk0p8M",1984058983087538474,https://pbs.twimg.com/media/G4jLHwyaMAAIMQP.jpg,,in,,0,0,0,https://x.com/3esihma/status/1984058983087538474,1847151278776111104,3esihma
1984037074086064311,2025-10-30 23:17:54+00:00,0,"kopi tuku ngefek bgt di gue, bikin susah tidur!!!",1984037074086064311,,,in,,0,1,0,https://x.com/rufwellence/status/1984037074086064311,1757647522154319872,rufwellence
1983962145386852537,2025-10-30 18:20:10+00:00,0,"knp aku ga tinggal di dom yg ada kopi tukuuu, bm tuku bangett tpi di sini gaada ☹️",1983962145386852537,,,in,,0,0,0,https://x.com/90ampere/status/1983962145386852537,1416306741252218882,90ampere
1983951773669707877,2025-10-30 17:45:28+00:00,0,"@muncorner Karena aku lagi ngidam kopi, mau saranin Tuku! Tapi kalau gak suka, Chatime varian hazelnut choco juga enak. (Cuma aku selalu pesennya half sugar)

Good luck buat bimbingannya, dear. 🥰",1983953415505113380,,muncorner,in,,0,0,0,https://x.com/kelamkelip/status/1983953415505113380,963853223994867712,kelamkelip
1983944270190145675,2025-10-30 17:32:21+00:00,0,🤨 mengurangi kopi tapi malah tuku iki https://t.co/75BqvhKgd4,1983950113296019509,https://pbs.twimg.com/tweet_video_thumb/G4hoG3_aQAA1Xua.jpg,lalunarbees,in,,0,0,0,https://x.com/lalunarbees/status/1983950113296019509,338908030,lalunarbees
1983946350887891093,2025-10-30 17:17:24+00:00,0,"NGERTII GA SII BADAN CAPE NGANTUK TP GABISA TIDUR GEGARA KOPI MULU ANJRIT SEMINGGU INI, MANA FULL KOPI SUSU BY TUKU SEMUA LG SEMINGGU INI SHITT... (untung gratis si untungnyeah)",1983946350887891093,,,in,,0,0,0,https://x.com/pourstiells/status/1983946350887891093,1237683304620408833,pourstiells
1983905503106257040,2025-10-30 15:31:57+00:00,0,"@sbyfess 5000 ae cukup, nang warmindo tuku kopi trus mengkhayal nikahan mewah",1983919812943175940,,sbyfess,in,,0,2,0,https://x.com/ozymnds_/status/1983919812943175940,834343244527869952,ozymnds_
1983916231129465224,2025-10-30 15:17:43+00:00,1,"kadang, metu sekedar ngangkring tuku kopi opo esteh ro kancane terus cerito kehidupan kui perlu🙋🏻‍♂️",1983916231129465224,,,in,,0,4,0,https://x.com/Krisurya/status/1983916231129465224,1092605350690226176,Krisurya
1983895137106510139,2025-10-30 13:53:54+00:00,2,knpa ya kopi tuku enak https://t.co/IavWKWn6IW,1983895137106510139,https://pbs.twimg.com/media/G4g2HDwbMAAwnIc.jpg,,in,,0,0,0,https://x.com/eryarync/status/1983895137106510139,1533556686,eryarync
1983895116806025709,2025-10-30 13:53:49+00:00,0,kenapa semarang gaada tuku pliss i need kopi susu tetangga,1983895116806025709,,,in,,0,1,0,https://x.com/giflyaap/status/1983895116806025709,1584507971677327361,giflyaap
1983890563914199332,2025-10-30 13:35:43+00:00,0,beli kopi tuku 🥇,1983890563914199332,,,in,,0,0,0,https://x.com/flx_lyb/status/1983890563914199332,1458978024368447495,flx_lyb
1983378240149606590,2025-10-30 12:58:05+00:00,0,@cherrytigerpalm kalo sampe besok announce asia aku bakalan beliin kamu kopi tuku 😭😭,1983881092697616471,,cherrytigerpalm,in,,0,0,0,https://x.com/lafkimingyu/status/1983881092697616471,1285918385646088194,lafkimingyu
1983879644878414293,2025-10-30 12:52:20+00:00,0,gw bm foreeee bgtbgtbgt. sebenernya ga suka minum kopi karena hoek hoek mulu wkwkkwkw tpi kalo fore kayaa enakk aja gt alusss HAHAHAHA. teruuss aku suka tuku jugaa tpi sadly dia sangat bikin hoek hoekkk,1983879644878414293,,,in,,0,0,0,https://x.com/ourcandyy/status/1983879644878414293,1623305077892214787,ourcandyy
1983878373496770728,2025-10-30 12:47:17+00:00,0,"union bener bener gaada enak enaknya, kopi susu overpriced itu kalah enak rasanya sama kopi susu tuku yg cuma 20k an.",1983878373496770728,,,in,,1,0,0,https://x.com/yourtinysamo/status/1983878373496770728,1683503881798717440,yourtinysamo
1983862713735639261,2025-10-30 12:30:24+00:00,0,@petitestardust Gimana kalo tiba2 kangen Kopi Tuku?,1983874122951307528,,petitstardust,in,,0,2,0,https://x.com/adith_wp/status/1983874122951307528,246398684,adith_wp
1983865987951947904,2025-10-30 11:58:04+00:00,0,abis gym enaknya minum tuku tp bukan kopi nya haha,1983865987951947904,,,in,,0,0,0,https://x.com/chigidd/status/1983865987951947904,1589568973841965056,chigidd
1983860914685407741,2025-10-30 11:37:55+00:00,3,Katanya kopi TUKU mau buka di Solo ya?,1983860914685407741,,,in,,0,0,0,https://x.com/bakpaokcanghjau/status/1983860914685407741,206990749,bakpaokcanghjau
1983842446355357709,2025-10-30 10:41:33+00:00,0,"@breezebehinds Cotti, tuku (oh jlaz), kulo, famimart sisanya ya fore kopken tomoro point wgwgwg ambience coffee shop paling best sbux sih sebenernya",1983846730753044886,,,in,,0,0,0,https://x.com/bulbbsaur/status/1983846730753044886,868930235676319745,bulbbsaur
1983812541743763673,2025-10-30 10:32:49+00:00,0,@ricoananda__ Tobat pakkk  tuku kopi Ra kanggo seminggu,1983844533017440285,,ricoananda__,in,,0,0,0,https://x.com/reyyshfasu/status/1983844533017440285,1249799064201248768,reyyshfasu
1983832530550669402,2025-10-30 09:51:19+00:00,0,@munvess mau kopi tuku ya,1983834088219017639,,munvess,in,,0,0,0,https://x.com/swayniz/status/1983834088219017639,1672284112122683393,swayniz
1983834055524446455,2025-10-30 09:51:11+00:00,0,Craving kopi tuku,1983834055524446455,,,in,,0,0,0,https://x.com/zuvezda/status/1983834055524446455,1418022932857688068,zuvezda
1983764894035144896,2025-10-30 09:00:57+00:00,6,"@he4rt0gold @gadinglyfe Beda kak. Kalo di BP abis bayar harus ke kopi tuku dulu, beli kopi yg banyak, baru balik ke kendaraan kakak trs pulang.",1983821415221752279,,he4rt0gold,in,,2,2,0,https://x.com/Agungseptyanto_/status/1983821415221752279,2332196096,Agungseptyanto_
1983812841967866158,2025-10-30 08:26:53+00:00,0,hari ini dapet kopi tuku gratis dan roti dari orang kantor juga :D,1983812841967866158,,,in,,0,0,0,https://x.com/heevxns/status/1983812841967866158,1920594828855029766,heevxns
1983806335025344599,2025-10-30 08:01:02+00:00,0,"Promo Shopeefood

Momoyo
https://t.co/h4MiQrbi0D

Mie Gacoan
https://t.co/4DRKqXhtNp

Kopi Tuku
https://t.co/YNw9HgbzzP

Sushi Yay
https://t.co/iNo5YLKm7Q

HokBen
https://t.co/pznqNHbsys

Solaria
https://t.co/VNfvoJ8M5r

Sec Bowl
https://t.co/nM7QFSUBhV https://t.co/lA3iipv4Oo",1983806335025344599,https://pbs.twimg.com/media/G4flWD-a8AMGgd3.jpg,,in,,0,0,0,https://x.com/pinkforestxoxo/status/1983806335025344599,1858457623684878336,pinkforestxoxo
1983785593822966265,2025-10-30 07:17:34+00:00,0,"@spicygethuk gaada tuku di sini 🥲, tp ada mesin kopi di kantor hehe wkwk, udah buat",1983795395441652205,,spicygethuk,in,,0,0,0,https://x.com/miirchea/status/1983795395441652205,1850831104749813760,miirchea
1983476976217378914,2025-10-30 07:16:02+00:00,0,@rakhaathallah66 ditunggu kopi tuku 1 yg less sugar.,1983795013436981429,,rakhaathallah66,in,,0,0,0,https://x.com/ahdarifaaaa/status/1983795013436981429,2936407513,ahdarifaaaa
1983794473101619554,2025-10-30 07:13:54+00:00,0,habis ini mampir sekalian beli kopi tuku,1983794473101619554,,,in,,0,0,0,https://x.com/dreamtomyself/status/1983794473101619554,1143122642108502016,dreamtomyself
1983740075650519056,2025-10-30 06:40:04+00:00,0,"@keithfaay jujur kepo sm kopi tuku, waktu itu di jogja rame bgt anjir jd gabisa nyicip",1983785960447062030,,keithfaay,in,,0,1,0,https://x.com/swoulmates/status/1983785960447062030,1907873665129279488,swoulmates
1983782295464235487,2025-10-30 06:25:30+00:00,3,"CEO Kopi Tuku, Andanu Prasetyo, mengatakan bahwa setiap orang memiliki titik awal yang berbeda dalam membangun usahanya. Ia mencontohkan pengalamannya sendiri di mana resep Kopi Susu Tetangga, menu andalan Kopi Tuku yang sangat populer, tidak ditemukan sejak awal berdirinya https://t.co/jXOzUVTK3E",1983782295464235487,https://pbs.twimg.com/amplify_video_thumb/1983780750593060864/img/Qgwz-pb-8BHvk_P6.jpg,,in,,0,1,1,https://x.com/Metro_TV/status/1983782295464235487,57261519,Metro_TV
1983759756914512158,2025-10-30 06:15:12+00:00,1,"@Adrianussatrio Emerald sabi, pulang beli bensin lanjut tuku kopi🤫",1983779701144612985,,Adrianussatrio,in,,0,2,0,https://x.com/Geebraan/status/1983779701144612985,1142107546875916288,Geebraan
1983775001934491804,2025-10-30 06:14:52+00:00,0,maksud GHUE selama ini orang2 pada bilang jago jago ghue pikir karna murah aja KRN GHUE PRIBADI cukup kapok sama kopi keliling dulu. rasanya kya aer doang tp gabisa protes krn 10rb buset jahat bgt rasanya nuntut lebih. TAP YANG INI ENAK BGT YA GA KALAH JAUH DARI TUKU,1983779619028475942,,younasobi,in,,0,0,0,https://x.com/younasobi/status/1983779619028475942,1145736727442493441,younasobi
1983769381101568226,2025-10-30 05:34:11+00:00,0,"Spill voucher diskon kopi spesial shopeefood deals

Kopi Calf
https://t.co/9JZ29zIs09

Kopi Tuku
https://t.co/vkZDvhSw1K

Kopi Philosophy
https://t.co/Q7X7vX5fiP

Kopi Kenangan
https://t.co/W98Ul1yEow

Janji Jiwa
https://t.co/4Ruwz0dceq",1983769381101568226,,,in,,0,0,0,https://x.com/ike_tjn/status/1983769381101568226,513346093,ike_tjn
1983758941428588647,2025-10-30 04:52:42+00:00,22,"mampir ke Tuku setiap hari kamis supaya dapet potongan 5rb bayar via bca🤗🩷

wajib pakai tumbler soalnya ini khusus curah es kopi susu tetangga minimal 300ml jadi bayar cuma 25rb 👍 https://t.co/C3vcrpfaOn",1983758941428588647,https://pbs.twimg.com/media/G4e6OzabYAAJvlN.jpg,,in,,1,3,1,https://x.com/la_lalijah/status/1983758941428588647,1182178063850729473,la_lalijah
1983753539433459813,2025-10-30 04:31:14+00:00,0,Bm kopi susu tuku tapi jauhh,1983753539433459813,,,in,,0,0,0,https://x.com/dohooonjjang/status/1983753539433459813,1807835002128027648,dohooonjjang
1983745852146663563,2025-10-30 04:00:42+00:00,3,"YA ALLAH LANCARKANLAH REZEKI KU BEN ISO BUDAL KOREA TUKU COMPOSE COFFEE SOALE GAK BUKA NDEK INDO 

COMPOSE COFFEE MODEL V
#TaehyungxComposeCoffee https://t.co/fvmeCUCvmx",1983745852146663563,https://pbs.twimg.com/media/G4euVbya8AY-Qqr.jpg,,in,,0,0,0,https://x.com/tkbratcoded/status/1983745852146663563,1510878604355248130,tkbratcoded
1983729757692031308,2025-10-30 02:56:44+00:00,0,sering ke tuku tp gk beli kopi KWKWKWKW beli onigirinya enak bgt  😭😭😭 https://t.co/n7XamUeeYg,1983729757692031308,https://pbs.twimg.com/media/G4efstPaMAA7pFZ.jpg,,in,,0,0,0,https://x.com/lovelife_loveJB/status/1983729757692031308,1011991636920840193,lovelife_loveJB
1983725026840089010,2025-10-30 02:37:56+00:00,1,"Gmz banget pagi2 ngantri Tuku dapet antrian paling belakang, terus tiba2 disamperin baristanya “kak lgsg pesen ke aku aja” ceunah terus gue disuruh duduk, even kopi dan mesin qrisnya dibawain ke gue 🥹 panjang umur abang baikk 🥹🥹",1983725026840089010,,,in,,0,0,1,https://x.com/haifainayah/status/1983725026840089010,931818877901619201,haifainayah
1970400711252058469,2025-10-29 18:07:48+00:00,0,@Miaoysi YAAMPUN NIAT BANGET.. mau dong! :3 aku mau ngobrol sama jiejie dimana pun dan apapun bentuknya 🥺 OH NOOOO T—T padahal kemaren pas banget aku lagi ngidam kopi tuku sama dimas mentai u____u💧,1983596644995420548,,Miaoysi,in,,0,0,0,https://x.com/choerryi/status/1983596644995420548,2814607188,choerryi
1983594052751913315,2025-10-29 17:57:30+00:00,0,wes tuku kopi dan saiki bingung ngerjake tugas seng ndi sek,1983594052751913315,,,in,,0,0,0,https://x.com/rairycee/status/1983594052751913315,1667586999698747393,rairycee
1983541530695786686,2025-10-29 14:28:47+00:00,0,pertama kali cobain kopi tuku 😋☝🏻 /insert photo/,1983541530695786686,,,in,,0,1,0,https://x.com/doyounguny/status/1983541530695786686,1351073400169619457,doyounguny
1983534290529915096,2025-10-29 14:00:01+00:00,0,"✨ Lowongan Kerja Kopi Tuku – Assistant Barista ☕️

✅ Pria/Wanita
✅ Usia 17–60 tahun
✅ Pendidikan minimal SMA/SMK
✅ Lokasi: Jakarta

Segera daftar melalui link berikut:
👉 https://t.co/EurDPRRtMG

Didukung oleh aplikasi pencari kerja Pintarnya 💼 https://t.co/Y0RKxe3GKz",1983534290529915096,https://pbs.twimg.com/media/G4Yq0U7bQAANYGt.jpg,,in,,0,0,0,https://x.com/lowongcpnsbumn/status/1983534290529915096,179767300,lowongcpnsbumn
1983517366689685971,2025-10-29 12:52:46+00:00,0,"dah tau kemusuhan sama kopi, kau beli lg tuku itu",1983517366689685971,,,in,,0,0,0,https://x.com/licalicu96/status/1983517366689685971,138015798,licalicu96
1983509933699334444,2025-10-29 12:44:15+00:00,0,@sleepyrqra pelanggan tetap kopi tuku,1983515220313080229,,sleepyrqra,in,,0,0,0,https://x.com/DaveMachs/status/1983515220313080229,100105574,DaveMachs
1983510377741857021,2025-10-29 12:25:00+00:00,0,kopi tuku,1983510377741857021,,,in,,0,0,0,https://x.com/opcxrphile/status/1983510377741857021,1851188025860243457,opcxrphile
1983505034730967531,2025-10-29 12:20:15+00:00,0,@dipscyy Kopi tuku onok tapine,1983509180523893058,,dipscyy,in,,0,0,0,https://x.com/nastarrkejuu/status/1983509180523893058,76333737,nastarrkejuu
1983497614512292179,2025-10-29 11:34:17+00:00,22,"Tebak ini kedai Kopi Tuku mana?
Nanti yg bener dapet pap exclusive via DM 😌 https://t.co/jePSNASXkq",1983497614512292179,https://pbs.twimg.com/media/G4bMkMZaoAAjtVH.jpg,,in,,0,9,0,https://x.com/rickyalteregoo/status/1983497614512292179,1418583820211671043,rickyalteregoo
1983489558835794140,2025-10-29 11:07:28+00:00,0,@heybbybo0o Aku lebih suka kopken drpd tuku soalnya pait trs kopi keluarga FM bole laa tapi calf emang enak banget paling balance yg pernah aku coba wkwk,1983490865453760897,,heybbybo0o,in,,0,1,0,https://x.com/bonbaenan/status/1983490865453760897,1239356720943493120,bonbaenan
1983470916656116083,2025-10-29 09:48:12+00:00,0,"Seenak enaknya kopi  gerobakan di bangkok, tetep aja kangen tuku 😮‍💨 https://t.co/UGiF099tXN",1983470916656116083,https://pbs.twimg.com/media/G4a0RzQbEAA-z6p.jpg,,in,,0,0,0,https://x.com/tayi_nesia/status/1983470916656116083,1648072845044629506,tayi_nesia
1983462729475334384,2025-10-29 09:15:40+00:00,1,"Toko Kopi Tuku (TUKU) bersama mitra konservasi Bumiterra menyerahkan donasi kursi dan meja belajar hasil daur ulang plastik kepada siswa-siswi SDN 24 Rumbih, Kalimantan Barat. 
https://t.co/TCx3pDUJh3",1983462729475334384,,,in,,0,0,0,https://x.com/theiconomic/status/1983462729475334384,1169861863426818048,theiconomic
1983429020575584380,2025-10-29 07:01:43+00:00,0,"udah nyeduh kopi instan, ujug2 mas bos beliin kopi tuku wkwk",1983429020575584380,,,in,,0,0,0,https://x.com/yuanst/status/1983429020575584380,47901092,yuanst
1983420493123506612,2025-10-29 06:27:50+00:00,0,"Spill voucher diskon kopi di shopeefood

Kopi Calf
https://t.co/9JZ29zIs09

Kopi Tuku
https://t.co/vkZDvhSw1K

Kopi Philosophy
https://t.co/Q7X7vX5fiP

Kopi Kenangan
https://t.co/W98Ul1yEow

Janji Jiwa
https://t.co/4Ruwz0dceq",1983420493123506612,,,in,,0,0,0,https://x.com/ike_tjn/status/1983420493123506612,513346093,ike_tjn
1983418116261720449,2025-10-29 06:18:23+00:00,0,kopi tuku,1983418116261720449,,,in,,0,0,0,https://x.com/zjiahaao/status/1983418116261720449,418502662,zjiahaao
1983405970681409859,2025-10-29 05:30:07+00:00,0,"Spill diskon kopi shopeefood gajian sale

Kopi Calf
https://t.co/9JZ29zIs09

Kopi Tuku
https://t.co/vkZDvhSw1K

Kopi Philosophy
https://t.co/Q7X7vX5fiP

Kopi Kenangan
https://t.co/W98Ul1yEow

Janji Jiwa
https://t.co/4Ruwz0dceq",1983405970681409859,,,in,,0,0,0,https://x.com/ike_tjn/status/1983405970681409859,513346093,ike_tjn
1983374909897355308,2025-10-29 05:29:20+00:00,0,@biitssss Disini gak ada kopi tuku,1983405772781564255,,biitssss,in,,0,0,0,https://x.com/vosa0503/status/1983405772781564255,1209187218725564417,vosa0503
1983400671710982595,2025-10-29 05:09:04+00:00,0,ilat kopi sok sokan tuku matcha (aku),1983400671710982595,,,in,,0,2,0,https://x.com/bbweelll/status/1983400671710982595,1145540152426549248,bbweelll
1983370490472530227,2025-10-29 04:16:26+00:00,0,"@monsourleil benerrrr, itu skrg ada kopi tuku say dipojokan pertigaan itu🫶🏼
best combo abis ayam laos lgsg ke tuku🥹🫶🏼",1983387427344654340,,monsourleil,in,,0,1,0,https://x.com/itslikeee/status/1983387427344654340,2455587732,itslikeee
1983370490472530227,2025-10-29 03:56:31+00:00,0,@monsourleil se7!!!!😭 yg deket kopi tuku kan? jalan bondowoso???,1983382415109488726,,monsourleil,in,,0,1,0,https://x.com/itslikeee/status/1983382415109488726,2455587732,itslikeee
1983359135329726674,2025-10-29 03:43:12+00:00,0,@millicreeps mari dagang wonge kopag nang kopi tuku gubeng ambe ndelok wong budal kerjo,1983379060454764553,,,in,,0,0,0,https://x.com/kenekadit_/status/1983379060454764553,1315622738,kenekadit_
1892254210483507346,2025-10-29 03:34:11+00:00,1,"📍Tuku sm ricis collab 🤗

first time mencoba tuku yang kopi tuku tetangga sama apayaa jeruk sama air kelapaa pokonyaaa ya yaudaaa, tapi enak kok☝🏻☝🏻 ricis mah yauda si comfort food ak sm dipa☝🏻 https://t.co/QIJw5P36Kf",1983376794154926450,https://pbs.twimg.com/media/G4Zek-wasAEuLcY.jpg,piqiww,in,,0,1,0,https://x.com/piqiww/status/1983376794154926450,1522808326207250432,piqiww
1983371875758813208,2025-10-29 03:14:39+00:00,0,"Promo Shopeefood

Sushi Yay
https://t.co/9W3WwyAC72

Kopi Tuku
https://t.co/2qcBIeutZm

Mixue
https://t.co/d3vWT6p7HR

Truffle Belly
https://t.co/fEmJUXYRWv

Dapur Cokelat
https://t.co/Owb6GFEXZa

HokBen
https://t.co/7WdoXUP5NB

Mangkokku
https://t.co/z6EbRg22vY https://t.co/JPrnUKvlLP",1983371875758813208,https://pbs.twimg.com/media/G4ZaNAmasAUv93t.jpg,,in,,0,0,0,https://x.com/3esihma/status/1983371875758813208,1847151278776111104,3esihma
1983366456856482051,2025-10-29 02:55:39+00:00,0,"@ofAmoure Menggiurkan sekali kopi tuku! Selamat ngopi, mba. 🤎",1983367094109647016,,ofAmoure,in,,0,1,0,https://x.com/entiesrely/status/1983367094109647016,893499154776719360,entiesrely
1983153766951203247,2025-10-29 02:28:08+00:00,1,"@PatubMbel Sak ngetren2e kopi rasa2, yen tuku aku luwih pilih americano. Tapi selang beberapa jam mesti mules. Seringe luwih pilih kopi item tanpa gula, ngecong dewe nganggo vietnam drip/french press kanggo ngurangi diterpene ben ora kolesterolan. Saiki tubrukan rodo tobat, sesekali okelah.",1983360171637387469,,PatubMbel,in,,0,1,0,https://x.com/shanggup/status/1983360171637387469,187892069,shanggup
1983210153064247357,2025-10-29 02:10:00+00:00,0,@martabaksekilo semua kopi pusing kecuali kst nya tuku,1983355606913442020,,martabaksekilo,in,,0,0,0,https://x.com/gatchhaa/status/1983355606913442020,1674819974014320640,gatchhaa
1983341568259150312,2025-10-29 01:14:13+00:00,0,"""isuk isuk tuku kopi nyangking roti""

adalah kata-kata yang menggambarkan gweh aku banget",1983341568259150312,,,in,,0,0,0,https://x.com/voltenveins/status/1983341568259150312,1741444799125987328,voltenveins
1983339945365516296,2025-10-29 01:07:46+00:00,1,kopi tuku renon padetnya ngga ngotak 😭,1983339945365516296,,,in,,0,1,0,https://x.com/buryamcaca/status/1983339945365516296,1832779318415736832,buryamcaca
1983339787106038019,2025-10-29 01:07:08+00:00,0,Menjalani midweek dengan senyuman setelah gak sengaja kopi pagi bikinanku rasanya kek KST-nya Tuku. Ditambah besok cuti 🥰🥰🥰,1983339787106038019,,,in,,0,0,0,https://x.com/mapwahan/status/1983339787106038019,818988800441319424,mapwahan
1983336817844990128,2025-10-29 00:55:20+00:00,0,"Kan kudedikasikan hari ini untuk menonton anime dan mencuci pakaian, tetapi sementara ini pesan kopi tuku dulu.",1983336817844990128,,,in,,0,0,0,https://x.com/exaudiosiregar/status/1983336817844990128,181883907,exaudiosiregar
1983332297178050792,2025-10-29 00:37:22+00:00,0,"Promo Shopeefood

Burger Bangor
https://t.co/yRDMu8mdu1

HokBen
https://t.co/JQvzIsJTJn

Kopi Tuku
https://t.co/AnWaipOoai

Mie Gacoan
https://t.co/ONhtVUEjac

Familymart
https://t.co/RCLtV3cwXK

Salad Hut
https://t.co/MgXTvTvZrS

Fore Coffee
https://t.co/TOrNnuGAFi https://t.co/xDRUIjsTaf",1983332297178050792,https://pbs.twimg.com/media/G4Y2NLFawAAbY8C.jpg,,in,,0,0,0,https://x.com/3esihma/status/1983332297178050792,1847151278776111104,3esihma
1983193378587324687,2025-10-28 19:41:45+00:00,1,"@Black_beanZ15 Sagu det dhe,kopi tuku wae ng warung kopi",1983257902401106037,,Caplin_15,in,,0,0,0,https://x.com/TapalKuda99/status/1983257902401106037,1460105406856916994,TapalKuda99
1983250928301138269,2025-10-28 19:14:02+00:00,2,cheesecuit chococrunchy + kopi tuku 🤤🤤😩😻🌷✨🌟💥💗💗💖💘❤️‍🔥,1983250928301138269,,,in,,0,0,0,https://x.com/pocesif/status/1983250928301138269,1313701359883968513,pocesif
1983240531418460321,2025-10-28 18:32:44+00:00,1,Rambut bau kopi gara2 kelamaan nongki di Tuku.. 🤣,1983240531418460321,,,in,,0,0,0,https://x.com/LilShinta/status/1983240531418460321,154456597,LilShinta
1983210481486569819,2025-10-28 16:33:19+00:00,0,"Kemarin puasa gak ada minum kopi bisa tidur jam 9 malem, hari ini ngopi tuku kumat gak bisa tidur cepet lagi hadeh",1983210481486569819,,,in,,0,0,0,https://x.com/FenyJayanti_/status/1983210481486569819,82541616,FenyJayanti_
1983195867940303085,2025-10-28 15:35:15+00:00,0,"rate dunia fast pace dan sibux bgt menurut gue :

STASIUN BNI CITY SUDIRMAN SMA DUKUH ATAS.. 

Wdym gue keluar disambut bazar makanan, pop up store omg, tukang buah buahan, kopi tuku sma berbagai rupa lainnya anjrit 😭😭😭😭",1983195867940303085,,,in,,0,2,0,https://x.com/gaongrogol/status/1983195867940303085,1796903387340156928,gaongrogol
1983193180406419673,2025-10-28 15:24:34+00:00,1,"gweh tdi beli kopi tuku, terus dengan pemberani ku bilang
“kak, pake premixnya yang paling baru ya, soalnya biar kuat seenggaknya sampe besok siang” 😭😭😭",1983193180406419673,,,in,,0,1,0,https://x.com/abcdefvckge/status/1983193180406419673,1003380581030170624,abcdefvckge
1983190777137443001,2025-10-28 15:15:01+00:00,0,"btw, Flash fix masuk jajaran kopi di GDC, menemani Tuku dan Fore yg udah duluan hadir",1983190777137443001,,,in,,0,1,0,https://x.com/fajarrusalem/status/1983190777137443001,43105835,fajarrusalem
1983146359420268933,2025-10-28 14:53:43+00:00,1,"@ariaghora Mari, mampir ke BSD! Nanti saya traktir Kopi Tuku.",1983185415239807156,,ariaghora,in,,0,0,0,https://x.com/kokogiovanni/status/1983185415239807156,139982550,kokogiovanni
1983091530866036952,2025-10-28 13:41:14+00:00,0,@txtdarionlshop Waktu resign ak beli tomoro &amp; burger 😆 partnerku beli tuku &amp; pizza. Tergantung sih der ga ngasih jg gapapa. Kalau lowbudget bisa beli kopi jago aja.,1983167174819885310,,txtdarionlshop,in,,0,0,0,https://x.com/NAP449/status/1983167174819885310,363599583,NAP449
1982965539585802750,2025-10-28 03:15:06+00:00,0,@SCrisdiv Btw aku ada utang kopi tuku pula gegara salah nebak tempat MV wkwkwk,1983009604670992682,,_SCrisdiv,in,,0,1,0,https://x.com/txtdrkekes/status/1983009604670992682,599857567,txtdrkekes
1983009595716153607,2025-10-28 03:15:04+00:00,0,"Masih terngiang2 rasa kopi tuku kemaren minggu, kenapa tuku ga buka deket rmh 🥲",1983009595716153607,,,in,,0,0,0,https://x.com/H1rumahaha_fps/status/1983009595716153607,593697313,H1rumahaha_fps
1982942101571789298,2025-10-28 02:48:37+00:00,0,"@cudbling nek mase go kopi kui sering tuku seminggu sekali, tp ra gagas samping2, besok mampir nyarap ahhh",1983002938474975721,,cudbling,in,,0,0,0,https://x.com/yanadheem/status/1983002938474975721,294964571,yanadheem
1982996154636968016,2025-10-28 02:21:40+00:00,0,"Promo Shopeefood

Mie Gacoan
https://t.co/Zca3WrIMjJ

Fore Coffee
https://t.co/5qDrNckc7G

Fish Streat
https://t.co/G9GaoQEN08

Burger Bangor
https://t.co/uTVnjZkkvV

Republic Kebab
https://t.co/rbJjRoaPnD

Kopi Tuku
https://t.co/zUVMJiKv2u

Tahu Go!
https://t.co/R6J11q4w9t https://t.co/a9nUTbNXep",1982996154636968016,https://pbs.twimg.com/media/G4UEfGeasAMnI2V.jpg,,in,,0,0,0,https://x.com/3esihma/status/1982996154636968016,1847151278776111104,3esihma
1982772624368472253,2025-10-28 01:33:41+00:00,0,@arthuurmorgannn @alamalid6 Ndomblong ngarep alfamart ndan sisan tuku kopi golda,1982984079873392776,,arthuurmorgannn,in,,0,0,0,https://x.com/inug_aji/status/1982984079873392776,1306225450633457666,inug_aji
1982975215715135832,2025-10-28 00:58:27+00:00,0,"setelah memendam lama rasa penasaran kepada rasa kopikalyan, tanpa direncanakan kaki ini memilih mengunjunginya hehehe

yang suka kopi tuku kemungkinan besar akan suka kopikalyan juga",1982975215715135832,,,in,,0,0,0,https://x.com/pcontinentt/status/1982975215715135832,1739245114986504193,pcontinentt
1982968470452220042,2025-10-28 00:31:39+00:00,0,"Promo Shopeefood

Kopi Tuku
https://t.co/CQxy3DUPtu

SeIndonesia
https://t.co/ID2lAI22ex

Ayam Keprabon
https://t.co/qD5b4MUwUl

Mang Katsu
https://t.co/JRDvcuz0Iz

Ayam Bang Dava
https://t.co/5GNj5ZDkn2

Burger Bangor
https://t.co/lCZjy95PrR

Circle K
https://t.co/HZFwD5KzIF https://t.co/pWrp9mzk8O",1982968470452220042,https://pbs.twimg.com/media/G4TrTn_asAQPBVS.jpg,,in,,0,0,0,https://x.com/3esihma/status/1982968470452220042,1847151278776111104,3esihma
1982830447920107923,2025-10-27 15:23:12+00:00,0,"Sementara sitik-sitik nggo ibu, sisane tuku rokok ro kopi",1982830447920107923,,,in,,1,2,0,https://x.com/Harry_kus/status/1982830447920107923,2261560117,Harry_kus
1982829889880531174,2025-10-27 15:20:59+00:00,0,kerjo kesel nek ra kerjo raisoh tuku kopi,1982829889880531174,,,in,,0,0,0,https://x.com/rieyanx/status/1982829889880531174,1898868596,rieyanx
1982822512795832828,2025-10-27 14:51:40+00:00,0,the concept of kopi tuku not available in cirebon while tuku itself means “beli” in cirebonese,1982822512795832828,,,in,,0,0,0,https://x.com/starbuzztwt/status/1982822512795832828,1495690588452429825,starbuzztwt
1982710725333467355,2025-10-27 14:36:18+00:00,2,@fwb_indonesia Cba tuku kopi,1982818645677080861,,fwb_indonesia,in,,0,0,0,https://x.com/Adhi17Ok/status/1982818645677080861,1913782163855773696,Adhi17Ok
1982818502001008917,2025-10-27 14:35:44+00:00,0,"sbenernya kopi terenak dimalang mnurutku tuku tp dia slalu rame jir gkdah tempat dudukk,,,dpet tmpat duduk kmarin sma shinta adlah keajaiban😁",1982818502001008917,,,in,,0,0,0,https://x.com/nyangbinns/status/1982818502001008917,1683883414150340608,nyangbinns
1982813681894236213,2025-10-27 14:16:35+00:00,0,sudah difase ngehabisin kopi tuku 1liter dalam waktu sejam,1982813681894236213,,,in,,0,1,0,https://x.com/addictokinn/status/1982813681894236213,1521520712548511750,addictokinn
1982812498244858035,2025-10-27 14:11:53+00:00,0,guys apasih kopi yg enak di kulkas indomaret yg gak terlalu manis &amp; enek… ada gak yg mirip ksk famina or tuku….,1982812498244858035,,,in,,0,0,0,https://x.com/bzelaur/status/1982812498244858035,1398087217545809921,bzelaur
1982645900511252508,2025-10-27 13:50:18+00:00,0,@whosurbbyy @blinkmf kopi tuku GBK gimana ka?,1982807067313270914,,whosurbbyy,in,,0,0,0,https://x.com/sheaachann/status/1982807067313270914,1742940273288876032,sheaachann
1982667454213206104,2025-10-27 12:03:25+00:00,0,"@likalikuliz kak, sapa tau ngerti alternative kopi merk lain yang rasanya mirip Es Kopi Susu Tetangga / Tuku Cur, spill yaaq",1982780171833733444,,likalikuliz,in,,0,1,0,https://x.com/demoniumisme/status/1982780171833733444,1495961906536120320,demoniumisme
1982774182363668843,2025-10-27 11:39:37+00:00,0,Angel musuh pemuja kopi tuku iki,1982774182363668843,,,in,,0,1,0,https://x.com/ypradd/status/1982774182363668843,1117450637417930753,ypradd
1982771300600074695,2025-10-27 11:28:10+00:00,0,Finally my love kopi tuku https://t.co/8VSo4eBV52,1982771300600074695,https://pbs.twimg.com/media/G4Q3-bGWQAABCXc.jpg,,in,,0,1,0,https://x.com/yourvitaminss/status/1982771300600074695,51673264,yourvitaminss
1982620488246690028,2025-10-27 10:49:36+00:00,0,"@sophierickmerss @indiepartij Baru tau kmrn, ternyata org2 yg antri tuku itu byk yg bawa tumbler &amp; belinya kopi curah ya. Bebas nentuin volume nya. Harganya Rp.100/ml. Enak jg ya.",1982761592644407439,,sophierickmerss,in,,0,1,0,https://x.com/tommonstertom/status/1982761592644407439,199347602,tommonstertom
1982734041876222167,2025-10-27 10:41:45+00:00,0,@A_FionyJKT48 Coba beli kopi tuku yg sepaket ama donat kampung. Sngattt mntabbbb surantabbbb,1982759616124731440,,A_FionyJKT48,in,,0,0,0,https://x.com/s3ptianiswp/status/1982759616124731440,156298140,s3ptianiswp
1982702568250736755,2025-10-27 10:36:10+00:00,0,@FWBSMG3 req kopi tuku bisa?? WKWKWK,1982758211838251050,,FWBSMG3,in,,0,0,0,https://x.com/urhowtygf/status/1982758211838251050,1354133198200954880,urhowtygf
1982689172898075049,2025-10-27 09:59:52+00:00,0,@sighyam KOPI TUKU!!!,1982749077680034259,,sighyam,in,,0,0,0,https://x.com/midoriihime/status/1982749077680034259,2149273266,midoriihime
1982738717732462632,2025-10-27 09:37:15+00:00,1,"@syubaragi akupun belum nyoba tuku, kmrn nyoba dartoyo enak juga kopinya lebih strong tp dia cuma kopsu sama kopi item doang, kalo makjay es kopi hitam markisa double shotnya belom ada yg ngalahin ☺️",1982743386567348247,,syubaragi,in,,0,1,0,https://x.com/minbebe12/status/1982743386567348247,1580420472231309312,minbebe12
1982738088477769910,2025-10-27 09:16:12+00:00,0,"List kopi yang akan kuhindari kalau lagi hectic kerja:
- kopi tuku
- kopi calf",1982738088477769910,,,in,,0,2,0,https://x.com/clumshyness/status/1982738088477769910,1208262980749512709,clumshyness
1982727719084601542,2025-10-27 09:11:42+00:00,0,"@introvertnest Kwkwkwwkw minum kopi karna fomo 🤣😭🤣😭😭, bner lgii, ak kan pngen bli Tuku jugaa wkwkwk",1982736957789835732,,introvertnest,in,,0,1,0,https://x.com/Dewriel/status/1982736957789835732,1319118858125336578,Dewriel
1982733334938824926,2025-10-27 08:57:19+00:00,0,"hari ini: 
1) 09.00 - 10.30 minum 1 gelas americano panas
2) 13.30 - 14.30 minum 1 gelas kopi susu tetangga tuku

hasilnya: https://t.co/jKzdQKIbOz",1982733334938824926,https://pbs.twimg.com/tweet_video_thumb/G4QVdBEWAAAiYqA.jpg,,in,,0,0,0,https://x.com/betwzeroandone/status/1982733334938824926,1368980261346582541,betwzeroandone
1982689172898075049,2025-10-27 08:45:51+00:00,1,"@sighyam u must try Soto Betawi Haji Oji in Pasar Baru, 
Nasi Goreng Kambing in Kebon Sirih,
Pallubasa Serigala ini Kelapa Gading,
and off course taste coffee in Kopi Tuku, they have several outlet in Jakarta",1982730451602321805,,sighyam,in,,0,0,0,https://x.com/arizalmania/status/1982730451602321805,43924657,arizalmania
1982726648626806851,2025-10-27 08:30:44+00:00,0,Gua sekarang jatuh cinta sama kopi calf lebih creamy dari tuku 😩😩😩😩,1982726648626806851,,,in,,0,1,0,https://x.com/arlenaked/status/1982726648626806851,1684280932415709184,arlenaked
1982724422298742860,2025-10-27 08:23:56+00:00,0,"@masridwan31 Ga dulu, makasih 🙏
Harga segitu mending tuku kopi keliling oleh 9 cup",1982724934695809117,,masridwan31,in,,0,0,0,https://x.com/michin_islove/status/1982724934695809117,1397055812766298118,michin_islove
1982724079938605157,2025-10-27 08:20:32+00:00,0,deym akhirnya membeli kopi tuku juga yg lokasinya tinggal pleset dari kantor,1982724079938605157,,,in,,0,0,0,https://x.com/rajarakyatbiasa/status/1982724079938605157,1806967139498418176,rajarakyatbiasa
1982692662307328479,2025-10-27 06:15:41+00:00,0,"top 3 kopi mengalami perubahan yg awalnya ada fore sorry to say harus bergeser.
1. tuku
2. point
3. calf
calf ya brewmalt emg bukan maen enaknya😌",1982692662307328479,,,in,,0,0,0,https://x.com/itsbilv2/status/1982692662307328479,1901812067130396672,itsbilv2
1982692216385740813,2025-10-27 06:13:55+00:00,0,"yaiya tuku enak, kopi sm campurannta banyakan campurannya. creamy? itu pake krimer",1982692216385740813,,,in,,0,0,0,https://x.com/raisagorbachevv/status/1982692216385740813,553599786,raisagorbachevv
1982680342759981179,2025-10-27 05:26:44+00:00,0,"Spill voucher promo senin spesial diskon kopi enak✨️

Kopi Calf
https://t.co/9JZ29zIs09

Kopi Tuku
https://t.co/vkZDvhSw1K

Kopi Philosophy
https://t.co/Q7X7vX5fiP

Kopi Kenangan
https://t.co/W98Ul1yEow

Janji Jiwa
https://t.co/4Ruwz0dceq",1982680342759981179,,,in,,0,0,0,https://x.com/ike_tjn/status/1982680342759981179,513346093,ike_tjn
1982679485255393569,2025-10-27 05:23:20+00:00,0,"finally, keturutan beli ini kopi..
harus banget sampai Jogja, karena di Solo belum ada..
#TUKU https://t.co/94jvLGsdNm",1982679485255393569,https://pbs.twimg.com/media/G4PkTrZXwAAaJuB.jpg,,in,,0,0,0,https://x.com/anas_erindra/status/1982679485255393569,177850274,anas_erindra
1982667850470089000,2025-10-27 04:37:06+00:00,0,tuku goes nyam nyam (lgi gak bisa minum kopi) 🧍‍♀️,1982667850470089000,,,in,,0,0,0,https://x.com/NAUIIEE/status/1982667850470089000,1038764657551400961,NAUIIEE
1982666631601078587,2025-10-27 04:32:15+00:00,1,"Kopi tuku termantep😭✨

Di sini tiba tiba musiknya jikalau nya naif, remind me about dua garis biru nya zara https://t.co/YgxucrZ5IN",1982666631601078587,https://pbs.twimg.com/media/G4PYxU-WEAAHcxf.jpg,,in,,0,0,0,https://x.com/tiopradana_/status/1982666631601078587,726069956144570368,tiopradana_
1982649716963000365,2025-10-27 03:25:03+00:00,0,beli makjay malah ngmg beli es kopi susu tetangga sm bolu coklat aeh dikira tuku,1982649716963000365,,,in,,0,0,0,https://x.com/taskrem/status/1982649716963000365,1245655373907779585,taskrem
1982353793707909375,2025-10-27 03:06:16+00:00,0,"@pwiping yowes dikenang ae rasa e
tapi iku rasa opo? ak wingi tuku rasa kopi.",1982644990603039171,,pwiping,in,,0,1,0,https://x.com/jing_haoo/status/1982644990603039171,1631473016713658370,jing_haoo
1982622423678951605,2025-10-27 01:36:35+00:00,0,"Promo Shopeefood

Mie Gacoan
https://t.co/Xfv0zJQOU9

Kopi Tuku
https://t.co/nTvKlYBwbA

Richeese Factory
https://t.co/o7PbHmm3f3

Kebuli Al Khalid
https://t.co/FIaM0TKH4T

Kopi Calf
https://t.co/fInoMA91Sz

Kopi Kenangan
https://t.co/4pCpPRccP3

HokBen
https://t.co/mcQDuVMu3o https://t.co/JCHDBDlx9i",1982622423678951605,https://pbs.twimg.com/media/G4OwlH9WYAAbALn.jpg,,in,,0,0,0,https://x.com/3esihma/status/1982622423678951605,1847151278776111104,3esihma
1982616056352108681,2025-10-27 01:11:17+00:00,0,"Ndajadi pesan kopi tuku karena keramean yg ngantri, jadi pesan roti aja bjir https://t.co/fSM2uz5wNG",1982616056352108681,https://pbs.twimg.com/media/G4Oqye4XMAAyUEv.jpg,,in,,0,0,0,https://x.com/Mangnaee/status/1982616056352108681,1489917987544973312,Mangnaee
1982363798578319377,2025-10-26 08:28:54+00:00,0,kataku gantinya kopi tuku di ccws kopken aj deh xixixixixixi,1982363798578319377,,,in,,0,0,0,https://x.com/zr1nta/status/1982363798578319377,1769353457771978752,zr1nta
1982013437648764952,2025-10-26 08:16:19+00:00,0,@halvdemon bengong di lapangan baseball makan bakso minum kopi tuku,1982360629249007914,,halvdemon,in,,0,0,0,https://x.com/karuniaphilipus/status/1982360629249007914,192231045,karuniaphilipus
1982350823016505461,2025-10-26 07:37:21+00:00,0,bm kopi tuku bangett,1982350823016505461,,,in,,0,0,0,https://x.com/rthcyee/status/1982350823016505461,1810371297119186944,rthcyee
1982349818560500084,2025-10-26 07:33:21+00:00,198,"kadang kasian sama orang yg masih minum kopi s, pasti belum kenal sama tuku fore hmmm kesian",1982349818560500084,,,in,,10,8,12,https://x.com/gyuwoongie9697/status/1982349818560500084,1844461949167468544,gyuwoongie9697
1982339597993664596,2025-10-26 07:06:23+00:00,2,"@ngopi_latte Tpi aku minum Tuku malah mual 😭😭, emng dasarnya tidak suka kopi",1982343030989562206,,ngopi_latte,in,,0,2,0,https://x.com/Dewriel/status/1982343030989562206,1319118858125336578,Dewriel
1982341739244638252,2025-10-26 07:01:15+00:00,0,"Promo Shopeefood

Momoyo
https://t.co/vyGgt6KvIv

Kopi Tuku
https://t.co/SrcJLifNgT

Hotways Chicken
https://t.co/QtFavgqukE

Mie Gacoan
https://t.co/bkBSbmXThu

Tomoro Coffee
https://t.co/9N1KoX9wbk

Sushi Yay
https://t.co/RhMWBa6xRO

HokBen
https://t.co/5nkSs5I4iy https://t.co/YNJaYmdKLw",1982341739244638252,https://pbs.twimg.com/media/G4KxTKbWQAAQgGd.jpg,,in,,0,0,0,https://x.com/pinkforestxoxo/status/1982341739244638252,1858457623684878336,pinkforestxoxo
1982330073228394901,2025-10-26 06:14:54+00:00,0,"Bola"" ubi + kopi tuku kombinasi yang superrr 🤤 kenapa ya dua makanan itu ga ada di deket rumah harus effort kalau beli 🥲",1982330073228394901,,,in,,0,0,0,https://x.com/Restina21/status/1982330073228394901,1185866978264641536,Restina21
1982321284345425931,2025-10-26 05:39:58+00:00,0,"Betah-betah ya @Shell di Indonesia, selama masih ada kamu tetep tak larisin masio muk ganti oli mbek tuku kopi 😊 https://t.co/VQ5bIgAoxD",1982321284345425931,https://pbs.twimg.com/media/G4Ker_AWAAA4ILy.jpg,,in,,0,1,0,https://x.com/RadenRomeo_/status/1982321284345425931,3298979497,RadenRomeo_
1982321026915803395,2025-10-26 05:38:57+00:00,0,"Promo Shopeefood

Mie Gacoan
https://t.co/r7oTUoJeRW

Hotways Chicken
https://t.co/QbhcYyzXIS

Kopi Tuku
https://t.co/1HXjqowyhm

Sushi Yay
https://t.co/3ZbRqCLpDk

Macaroni Cuck
https://t.co/xNucIAh7sE

HokBen
https://t.co/uWXbsXYTFf

Solaria
https://t.co/6uobLG4hLJ https://t.co/PuATGigsyu",1982321026915803395,https://pbs.twimg.com/media/G4KediWXcAA9lZy.jpg,,in,,0,0,0,https://x.com/pinkforestxoxo/status/1982321026915803395,1858457623684878336,pinkforestxoxo
1982320143725482396,2025-10-26 05:35:26+00:00,0,"Spill diskon shopeefood kopi recomended gajian sale

Kopi Calf
https://t.co/9JZ29zIs09

Kopi Tuku
https://t.co/vkZDvhSw1K

Kopi Philosophy
https://t.co/Q7X7vX5fiP

Kopi Kenangan
https://t.co/W98Ul1yEow

Janji Jiwa
https://t.co/4Ruwz0dceq",1982320143725482396,,,in,,0,0,0,https://x.com/ike_tjn/status/1982320143725482396,513346093,ike_tjn
1982288463232905230,2025-10-26 03:29:33+00:00,0,lemme get my kopi makmur jaya or tuku this time,1982288463232905230,,,in,,0,0,0,https://x.com/zolanoir/status/1982288463232905230,1545660366499094528,zolanoir
1982286591302537479,2025-10-26 03:22:07+00:00,0,gue baru minum kopi tuku 1 sedot anjir... 1 sedot... dan gue udah mules PARAH di pagi hari yg produktif ini...,1982286591302537479,,,in,,0,0,0,https://x.com/19clawsbvnny/status/1982286591302537479,1137351911789670400,19clawsbvnny
1982277070626713769,2025-10-26 02:44:17+00:00,0,"Ga tau lagi kayanya udah kena pelet sama nih kopi, dulu jalan 5 menit sampe sekarang pindah kantor jadi jauh, coba kopi lain tapi tetep top tiernya masih TUKU

#tukutiaphari https://t.co/2WsCN5oWbO",1982277070626713769,https://pbs.twimg.com/media/G4J2exlWYAA1OBL.jpg,,in,,0,1,0,https://x.com/myg_csb_/status/1982277070626713769,1506650333228900354,myg_csb_
1982236934857503174,2025-10-26 00:04:48+00:00,0,"Promo Shopeefood

Mie Gacoan
https://t.co/TK1ZMezu6c

Spicy Si Paman
https://t.co/yhrsrj5YHw

Kopi Tuku
https://t.co/JgoL6NEeRM

HokBen
https://t.co/PtikQheUrn

Burger Bangor
https://t.co/9fEr0LKkrh

Fish Streat
https://t.co/ry3U9hjLok

Fore Coffee
https://t.co/RlQ4we0lUw https://t.co/RibEbGhVew",1982236934857503174,https://pbs.twimg.com/media/G4JR-plXQAAzZhr.jpg,,in,,0,0,0,https://x.com/3esihma/status/1982236934857503174,1847151278776111104,3esihma
1982227430409388304,2025-10-25 23:27:02+00:00,0,4 hari gue di race expo jrf dan hal pertama yg gue lakukan di sini tiap harinya adalah war kopi tuku 😂😂😂😂,1982227430409388304,,,in,,0,1,0,https://x.com/irmanurrnurr/status/1982227430409388304,257361465,irmanurrnurr
1982226724159885718,2025-10-25 23:26:05+00:00,0,kopi tengah kata kakak b aja enakan tuku,1982227191657083316,,beaubluee,in,,0,0,0,https://x.com/beaubluee/status/1982227191657083316,1073784100182323202,beaubluee
1982141203123466577,2025-10-25 17:44:23+00:00,0,"baru sadar gw, tuku pake ek43s buat pourover nya, tpi ga tega ama baristanta si tadi mau pesen filter sore, macam lagi sangat sibuk ama orderan kopi susu",1982141203123466577,,,in,,0,0,0,https://x.com/jaidanrashit/status/1982141203123466577,1220601915706232832,jaidanrashit
1982084753596796946,2025-10-25 17:12:56+00:00,0,@Viurgil Biasanya pesen yang kopi susu tetangga! Atau tuku curah kalau bawa tumblr! Enak banget.,1982133288526598325,,Viurgil,in,,0,0,0,https://x.com/tertuku/status/1982133288526598325,3289126342,tertuku
1982124464063062130,2025-10-25 16:37:52+00:00,0,"Kopi Amstirdam rasanya mirip Tuku? Mana adaaa! Lebih mirip Beanspotnya Alfamart sih.
Nyesel banget beli, mana langsung beli yang seliter lagi. Tambah 10 ribu dapet Calf premium padahal. 😔",1982124464063062130,,,in,,0,0,0,https://x.com/dpluckytortoise/status/1982124464063062130,1715954305331810305,dpluckytortoise
1982033187694886953,2025-10-25 16:24:31+00:00,0,"@aisscoffee @sbyfess isok, tapi tuku kopi sek nak jobo",1982121100726460775,,aisscoffee,in,,0,0,0,https://x.com/sisilainpetrik/status/1982121100726460775,1573184292057858049,sisilainpetrik
1982117499354427640,2025-10-25 16:10:12+00:00,0,"wasyuuu lupa unsub storage gdrive, 3 bulan dapet promo pas abis promonya lupa unsuh

hadehhhhh mayan iso nggo tuku kopi duite :(",1982117499354427640,,,in,,0,0,0,https://x.com/dwp_____/status/1982117499354427640,77989993,dwp_____
1982112020666499506,2025-10-25 16:01:06+00:00,0,"Malem mingguan lagi, setelah dijemput di st. Klender kita bingung mo mam apa, muter² sampee akhirnya memutuskan untuk ke Gokana Ramen di Mall Artha Gading. Mmmm ramennya b aja sih menurut kita, tapi happy karna sebelum ke ramen dah beli kopi susu tetangga-nya Tuku.
19/10/2025 https://t.co/CSZmwb5ZwI",1982115207544775084,https://pbs.twimg.com/media/G4HjRsBXIAIyhXA.jpg,pikaaaaaaaaw,in,,0,1,1,https://x.com/pikaaaaaaaaw/status/1982115207544775084,1107298425563840512,pikaaaaaaaaw
1982108872807772373,2025-10-25 15:54:40+00:00,0,@PutraDalem10 Kopi tuku udah ada d Renon awkwkiwkwo,1982113592100200781,,PutraDalem10,in,,0,1,0,https://x.com/_SCrisdiv/status/1982113592100200781,617091843,_SCrisdiv
1982108577469993202,2025-10-25 15:34:45+00:00,0,Ternyata yg mampu membuatku mules adalah kopi tuku,1982108577469993202,,,in,,0,1,0,https://x.com/shyshycatmeong/status/1982108577469993202,3253686906,shyshycatmeong
1982100387223232653,2025-10-25 15:02:12+00:00,0,kopi tuku😽😽😽,1982100387223232653,,,in,,0,0,0,https://x.com/simpingonsho/status/1982100387223232653,1346479198458662914,simpingonsho
1982095562288803981,2025-10-25 14:43:02+00:00,0,habis nyoba kopi tuku yang rame itu walau aku gak suka kopi,1982095562288803981,,,in,,0,1,0,https://x.com/marucgame/status/1982095562288803981,1413089831479955465,marucgame
1982090685315776663,2025-10-25 14:23:39+00:00,0,pengen minum tuku tp semenjak aslam gue naik nyium bau kopi aja udh nyeri 😭😭😭,1982090685315776663,,,in,,0,0,0,https://x.com/ayiianae/status/1982090685315776663,1522495945404944384,ayiianae
1982070859180507321,2025-10-25 13:04:52+00:00,1,"salah satu resep paling ajib selama exchange dan ketemu mbak mas ppi adalah .... resep kopi BHAHAKS 

krn menurut gw waktu di cardiff rasa kopinya terlalu biasa aja dan banyak yg ... decaf?? 😭😭 kayak gw butuh kopi buat begadang wey? 😭 

alhasil jadilah gw barista tuku cihuy https://t.co/U11hZWkzSP",1982070859180507321,https://pbs.twimg.com/media/G4G62GFWcAAAXZs.jpg,,in,,0,2,0,https://x.com/salsaxas/status/1982070859180507321,1061801547225432065,salsaxas
1982069860273418429,2025-10-25 13:00:54+00:00,0,Kok iso yo bendino tuku kopi rego 20ewu ning nek utange ditagih sesak sesok.,1982069860273418429,,,in,,0,0,0,https://x.com/ahmadnr__/status/1982069860273418429,1139529920252530688,ahmadnr__
1982060483957174348,2025-10-25 12:23:38+00:00,0,"when yaaa punya fineshyt yang bisa diajak fun walk di Sanur / Subak Sembung / Kuta / Nusa Dua, beli kopi Tuku &amp; Subway, long trip, nonton bioskop / Netflix, dinner di pinggir jalan &amp; night ride lewat jalan tol 🥺 #hopelessromantic 😭😭",1982060483957174348,,,in,,0,0,0,https://x.com/keikeixcx/status/1982060483957174348,1833137151732785152,keikeixcx
1982052673089380851,2025-10-25 11:52:36+00:00,0,"Spill promo kopi enak shopeefood payday sale

Kopi Calf
https://t.co/9JZ29zIs09

Kopi Tuku
https://t.co/vkZDvhSw1K

Kopi Philosophy
https://t.co/Q7X7vX5fiP

Kopi Kenangan
https://t.co/W98Ul1yEow

Janji Jiwa
https://t.co/4Ruwz0dceq",1982052673089380851,,,in,,0,0,0,https://x.com/ike_tjn/status/1982052673089380851,513346093,ike_tjn
1982019966296854747,2025-10-25 11:10:43+00:00,0,"@coffebit Indomaret, tuku kopi golda karo kacang-kacangan",1982042131897409796,,coffebit,in,,0,0,0,https://x.com/patiladen/status/1982042131897409796,1874480983053160448,patiladen
1982024587442348313,2025-10-25 11:09:49+00:00,0,"@lirihkasih @bermuara_sayang here! lemme be your moodbooster for a whole day. omg coffee and talk? why not, is my fav activity to do wity my lovely one, but sayangnya di dom aku belum ada tuku huhu maafin ya flop, tapi masih ada merk lain kok kalau mau! ayo kita ngobrol ngalor ngidul karena aku juga anak

—",1982041906558500893,,lirihkasih,in,,0,1,0,https://x.com/kziahllary/status/1982041906558500893,1333653322922819584,kziahllary
1982039033749680271,2025-10-25 10:58:24+00:00,0,Nang Jenar iso tuku kopi sampek kembung wetenge,1982039033749680271,,,in,,0,0,0,https://x.com/dhikaydhstr/status/1982039033749680271,289807639,dhikaydhstr
1982031451689484638,2025-10-25 10:28:17+00:00,0,KOPI TUKU LESS SWEET TUH ENAK BGT KNP TEMEN GUE NGATAIN GUE MINUM KOPI GAENAK,1982031451689484638,,,in,,0,0,0,https://x.com/zeepages/status/1982031451689484638,1919384265747488768,zeepages
1982023497464565883,2025-10-25 09:56:40+00:00,0,"mauu beli kopi tuku tpi jauh ih dari sini, kopken aja kali ya wkwkw 😔",1982023497464565883,,,in,,1,0,0,https://x.com/ris_osh/status/1982023497464565883,1540571078044848128,ris_osh
1982023314504925481,2025-10-25 09:55:57+00:00,0,"Indomaret point
Ramen
Sushi
Family mart
Shihlin
Teazzi
Joder
Mie ayam Nusantara
Ayam kremes Unair
Bebek
Bakso aci
Kebab
Bubur Tunjungan
Ayce
Sempol
Pentol 
D crepes
Ttopoki
Cheesebokki
Kopi susu keluarga less sugar
Lyuca
Bingsoo
Oimja
Kopi tuku
Harlan holden
Aeon
Pempek",1982023314504925481,,,in,,0,1,0,https://x.com/fikyuti/status/1982023314504925481,1067988163296022530,fikyuti
1982022156960895003,2025-10-25 09:51:21+00:00,0,"Diskon kopi shopeefood gajian sale oktober

Kopi Calf
https://t.co/9JZ29zIs09

Kopi Tuku
https://t.co/vkZDvhSw1K

Kopi Philosophy
https://t.co/Q7X7vX5fiP

Kopi Kenangan
https://t.co/W98Ul1yEow

Janji Jiwa
https://t.co/4Ruwz0dceq",1982022156960895003,,,in,,0,0,0,https://x.com/ike_tjn/status/1982022156960895003,513346093,ike_tjn
1982016439394734516,2025-10-25 09:28:37+00:00,0,"udh 2 mnggu ga ngopi krna pengen tuku tp blm sempet beli, tp hari ini udh aduh pengen bgt jd yaudah trpaksa gw pesen kopi di cafe😭",1982016439394734516,,,in,,1,0,0,https://x.com/cnehlenthu/status/1982016439394734516,1250387736155918343,cnehlenthu
1981948354339946817,2025-10-25 08:58:47+00:00,0,@madtaraxacum kopi kan? kopi tuku kan?,1982008930999185573,,madtaraxacum,in,,0,0,0,https://x.com/jiseokirby/status/1982008930999185573,1907005881008689152,jiseokirby
1981969251507613912,2025-10-25 06:49:57+00:00,0,@YoungsterVERNON jaman skrg udah gada ale ale abg. skrg jamannya kopi tuku,1981976507703582919,,OrbitDokyeom,in,,0,1,0,https://x.com/duddududdru11/status/1981976507703582919,2759068227,duddududdru11
1981976323288641583,2025-10-25 06:49:13+00:00,0,"Diskon gajian sale kopi enak shopeefood

Kopi Calf
https://t.co/9JZ29zIs09

Kopi Tuku
https://t.co/vkZDvhSw1K

Kopi Philosophy
https://t.co/Q7X7vX5fiP

Kopi Kenangan
https://t.co/W98Ul1yEow

Janji Jiwa
https://t.co/4Ruwz0dceq",1981976323288641583,,,in,,0,0,0,https://x.com/ike_tjn/status/1981976323288641583,513346093,ike_tjn
1981967293803377115,2025-10-25 06:13:20+00:00,0,mknya w ketiwir aj kdg klo ad yg muk bli minumn mhl2 mah w jujur tim kopi jago aj udh... ato tuku tp yg seliter..,1981967293803377115,,,in,,0,0,0,https://x.com/dearamaranth_/status/1981967293803377115,632845476,dearamaranth_
1981965177697255497,2025-10-25 06:04:56+00:00,0,kopi tuku kenapa bisa secreamy itu ya,1981965177697255497,,,in,,0,0,0,https://x.com/journna_/status/1981965177697255497,1105759328521207808,journna_
1981963812761714710,2025-10-25 05:59:30+00:00,0,i miss kopi tuku jl.jombang🥺,1981963812761714710,,,in,,0,0,0,https://x.com/ppalsriady/status/1981963812761714710,1918298506428858375,ppalsriady
1981859080869220634,2025-10-25 05:58:47+00:00,0,"@ngalamfess kopi tuku, sering liat org kopag sambil ketemu client nya disana",1981963630448087206,,ngalamfess,in,,0,0,0,https://x.com/ppalsriady/status/1981963630448087206,1918298506428858375,ppalsriady
1981950654127002027,2025-10-25 05:07:13+00:00,0,Tolong saranin menu maksi selain Kopi Tuku karena udah,1981950654127002027,,,in,,0,5,0,https://x.com/talkedshits/status/1981950654127002027,3654480441,talkedshits
1981948354339946817,2025-10-25 04:58:05+00:00,0,kopi tuku kalo jadi orang pasti gaon orangnya,1981948354339946817,,,in,,0,5,0,https://x.com/jiseokirby/status/1981948354339946817,1907005881008689152,jiseokirby
1981931898957144554,2025-10-25 04:28:45+00:00,0,"@leeknowsauruuss @osamuoooo_ kek nya emg blm lama, klo yg udah lama kan kek fore, tuku, kopi kenangan gt",1981940973669433772,,leeknowsauruuss,in,,0,0,0,https://x.com/urluviesss/status/1981940973669433772,1969246450438848518,urluviesss
1981938439181463798,2025-10-25 04:18:41+00:00,3,"ini tumblr dari merch golda yang mirip sama tumblr kopi tuku (nanti deh aku compare), awalnya bimbang mau beli merch ini atau engga tp akhirnya ttp beli karena disuruh mama (ktnya gpp biar bantuin mahasiswa😭🤣) turns out memang cantik sih ini HIHIHI https://t.co/vz6hJbQrWb",1981938439181463798,https://pbs.twimg.com/media/G4FCfzCXEAAa7-W.jpg,,in,,1,3,0,https://x.com/virgorgy/status/1981938439181463798,1534160059982176256,virgorgy
1981928388987113730,2025-10-25 03:38:45+00:00,0,"Promo Shopeefood

Pizza Boxx
https://t.co/s9aRWcj5AP

Kopi Tuku
https://t.co/I3yCYQVLT8

Hi! Kebab
https://t.co/lc42H1cebm

Burger Bangor
https://t.co/Wgikk2vj1h

Kopi Kenangan
https://t.co/g14v7hSm04

Kebab Monster
https://t.co/drMuZCWOij

Point Coffee
https://t.co/3iSHLXFLOH https://t.co/0kcpZomCsu",1981928388987113730,https://pbs.twimg.com/media/G4E5W64WMAAKcra.jpg,,in,,0,0,0,https://x.com/3esihma/status/1981928388987113730,1847151278776111104,3esihma
1981925489934790924,2025-10-25 03:27:13+00:00,1,Mau tuku tapi uda gbs minum kopi😭,1981925489934790924,,,in,,0,1,0,https://x.com/kiwifruht/status/1981925489934790924,140838448,kiwifruht
1981925230366146897,2025-10-25 03:26:11+00:00,0,infokan kopi yg se enak tuku 🙏🏻,1981925230366146897,,,in,,0,0,0,https://x.com/straawrberriez/status/1981925230366146897,1784599679751397376,straawrberriez
1981923029769748521,2025-10-25 03:21:16+00:00,0,"kopi tuku
https://t.co/m7Kf3k5bFM

shihlin
https://t.co/hK4MZgcLvl https://t.co/rDxY9qrUP6",1981923993033875716,https://pbs.twimg.com/media/G4E1XTPWoAAmvM0.jpg,dyysyeee,in,,0,1,0,https://x.com/dyysyeee/status/1981923993033875716,1937115249125306368,dyysyeee
1981916628121207195,2025-10-25 02:52:01+00:00,0,"pake atsiri berasa bawa rempah seharian but in a good way. the special collab with tuku —warm sweet coffee scent, terus yang 1963 tuh kebalikannya —lemongrass-citrus fresh. base notesnya✨✨",1981916628121207195,,,in,,0,0,0,https://x.com/rightdiimple/status/1981916628121207195,1926314411347554305,rightdiimple
1981907982410788925,2025-10-25 02:17:39+00:00,0,"Promo Shopeefood

Lawson
https://t.co/b8M7Q9o5Er

Kopi Tuku
https://t.co/48zQrOpIFp

Sushi Yay
https://t.co/Ns46qpfAyL

HokBen
https://t.co/sp4qeKK3lG

Ayam Gepuk Pak Gembus
https://t.co/UK362B3PiJ

Jatinangor House
https://t.co/6DLSplKESr

Circle K
https://t.co/vw6Td98qcq https://t.co/OV6ixC5HS5",1981907982410788925,https://pbs.twimg.com/media/G4EmzFcWAAAyIbd.jpg,,in,,0,0,0,https://x.com/3esihma/status/1981907982410788925,1847151278776111104,3esihma
1981902154509263336,2025-10-25 01:54:30+00:00,0,"Mencoba mampir Kopi Tuku Denpasar, ternyata sepagi itu antriannya sudah sampai parkiran. Mending pulang aja.",1981902154509263336,,,in,,0,0,0,https://x.com/syakuronnansy/status/1981902154509263336,61132090,syakuronnansy
1981897766667436373,2025-10-25 01:37:04+00:00,0,sarapan emang paling enak pake rotbak samaa kopi tuku 🫰🏻,1981897766667436373,,,in,,0,0,0,https://x.com/igyutx/status/1981897766667436373,1141216533420507136,igyutx
1981895173048087017,2025-10-25 01:26:45+00:00,0,"Jalan kaki gw dari rumah ke istiqomah - makan lomie - beli kopi.
Dr rumah ke cihpit - jajan bakmie tjokin - kopi djawa.
Dr rumah ke saparua - jajan - ngopu di tuku.

Pantes susah kurus woeee 🤣",1981895173048087017,,,in,,0,0,0,https://x.com/uknowhoiaam/status/1981895173048087017,415230622,uknowhoiaam
1981892237580517379,2025-10-25 01:25:57+00:00,0,@sbyfess aku tk tuku bubur ayam ae wes ambe kopi,1981894972686418181,,sbyfess,in,,0,0,0,https://x.com/Mdfyow/status/1981894972686418181,1853402585572777984,Mdfyow
1981890329457639602,2025-10-25 01:10:23+00:00,0,@farhan_journal Jangan lupa kopi TUKU https://t.co/IYa4sxt6jK,1981891055164526789,https://pbs.twimg.com/media/G4EXaQyX0AAEC0y.jpg,farhan_journal,in,,0,0,0,https://x.com/asdfgkl_6/status/1981891055164526789,1589125195414896642,asdfgkl_6
1981874029083689186,2025-10-25 00:31:32+00:00,0,@jackcaca619996 Tuku kopi yg baru buka,1981881278002848095,,jackcaca619996,in,,0,0,0,https://x.com/josukatoblutbgt/status/1981881278002848095,2152609003,josukatoblutbgt
1981876982834249918,2025-10-25 00:14:28+00:00,0,"Promo Shopeefood

Mie Gacoan
https://t.co/6zYQKl39GL

Kopi Tuku
https://t.co/muT5IIySL1

Republic Kebab
https://t.co/w29GeyOyq9

HokBen
https://t.co/OOlC9XHUNE

Fish Streat
https://t.co/6NLYmjvwCR

Fore Coffee
https://t.co/Af6vb9y7OG

Tahu Go!
https://t.co/QQ5ckaiw0g https://t.co/FUbJhIn7i2",1981876982834249918,https://pbs.twimg.com/media/G4EKmhnXQAAf16Y.jpg,,in,,0,0,0,https://x.com/3esihma/status/1981876982834249918,1847151278776111104,3esihma
1981860791293972569,2025-10-24 23:10:08+00:00,1,"Yg d bali, boleh jastip kopi tuku nggak?  ☹️",1981860791293972569,,,in,,0,1,0,https://x.com/eskrimstobelii/status/1981860791293972569,432395511,eskrimstobelii
1981360588220747901,2025-10-24 22:04:34+00:00,0,@markizusss mie ayam + kopi tuku,1981844291728367668,,markizusss,in,,0,1,0,https://x.com/jadiplontos/status/1981844291728367668,892743603579113472,jadiplontos
1981837180478881912,2025-10-24 21:36:19+00:00,0,Padahal gw minum kopi tuku ga sampe abis tp samsek gabisa tidur gw till now wutdehely GW NGANTUK ANJRIT TAPI MATA GW TELL ME OTHERWISE 😭 https://t.co/AxClzZlk2O,1981837180478881912,https://pbs.twimg.com/tweet_video_thumb/G4DmZ97XUAAewyL.jpg,,in,,0,1,0,https://x.com/lohlucunya/status/1981837180478881912,1614236589634510848,lohlucunya
1981813066611282361,2025-10-24 20:00:30+00:00,1,Iki sih ekuivalen tuku kopi Golda njuk ngalamun neng kursi Indomaret,1981813066611282361,,,in,,0,1,0,https://x.com/fapangestika/status/1981813066611282361,361069100,fapangestika
1981797934271541738,2025-10-24 19:00:22+00:00,0,kopi kandung: tuku,1981797934271541738,,,in,,0,3,2,https://x.com/basotebu/status/1981797934271541738,1369692158899277828,basotebu
1981745732299407496,2025-10-24 15:32:56+00:00,0,sebelum tragedi jatohnya kopi tuku aing padahal msih utuh :)) https://t.co/srjvvGBgqN,1981745732299407496,https://pbs.twimg.com/media/G4CTOXBXwAAngSH.jpg,,in,,0,0,0,https://x.com/yloxzjsa/status/1981745732299407496,1284338955425439745,yloxzjsa
1981733185626214644,2025-10-24 14:43:04+00:00,0,"Beli syrup salted caramel zero sugar. 

Astagah enak bgt kopi gue jadinya. 
Setidaknya mengurangi hasrat ke cafe. 
Tapi tetep pengen Tuku barang seminggu sekali.",1981733185626214644,,,in,,0,0,0,https://x.com/dedekarman/status/1981733185626214644,79142109,dedekarman
1981725890393346086,2025-10-24 14:14:05+00:00,0,📍Kopi Tuku https://t.co/x8GJmwr86T,1981725890393346086,https://pbs.twimg.com/media/G4CBMZoXQAAFQYu.jpg,,in,,0,0,0,https://x.com/Khongbop/status/1981725890393346086,1815386611582222337,Khongbop
1981725408820121798,2025-10-24 14:12:10+00:00,0,"Tuku kopi, gowo muleh, ngopi ndek omah karo ngedep garapan",1981725408820121798,,,in,,0,0,0,https://x.com/Aaa_aelah/status/1981725408820121798,2731687856,Aaa_aelah
1981708926157816033,2025-10-24 13:40:44+00:00,0,@inourrplace Blm Kopi tuku,1981717495871688846,,inourrplace,in,,0,1,0,https://x.com/heihobrow/status/1981717495871688846,1274086355937587200,heihobrow
1981713781752467523,2025-10-24 13:25:58+00:00,2,"semoga besok pagi aslam ga naik
📍Toko Kopi Tuku Kotabaru https://t.co/kh0tcY7E3k",1981713781752467523,https://pbs.twimg.com/media/G4B2LROXkAATNQG.jpg,,in,,0,0,0,https://x.com/ddarkbluesky97/status/1981713781752467523,1275829498198384640,ddarkbluesky97
1981693441596661930,2025-10-24 12:43:19+00:00,0,@atmaralentera @silperquinns @wattpadmenfess_ beliin aja toko kopi tuku kayak orang-orang. lagi orang di kantorku juga belinya toko kopi tuku atau familymart yang di bawah lobi kantor itu,1981703046192410888,,atmandiraaa,in,,0,2,0,https://x.com/gemeinschweft/status/1981703046192410888,1538921271727034368,gemeinschweft
1981680298426589404,2025-10-24 12:09:38+00:00,3,"@yuwonooktav ga dibayar ga oleh opo2 mek jareku kopi susu paling enak ndek malang mentok kopi tuku, calf, kopken, kopjay, ambek amstirdam tok liane tergantung selera masing2🤣🤣",1981694570728689784,,yuwonooktav,in,,0,0,0,https://x.com/oberstelves/status/1981694570728689784,979737238224355329,oberstelves
1981684703074885960,2025-10-24 11:30:25+00:00,0,SAKIT PERUT ABIS MINUM KOPI TUKU,1981684703074885960,,,in,,0,0,0,https://x.com/hkimgaram/status/1981684703074885960,1460214220474044416,hkimgaram
1981681976697565358,2025-10-24 11:19:35+00:00,0,Padahal modal semilyar bisa nggo mbangun kosan 20 pintu. Lewihane nggo tuku kopi pranti ongkang2 ngenteni gajian ben wulan,1981681976697565358,,,in,,0,0,0,https://x.com/lukmanadic/status/1981681976697565358,378450392,lukmanadic
1981675317304664140,2025-10-24 10:53:08+00:00,0,BM kopi Tuku tetangga,1981675317304664140,,,in,,0,0,0,https://x.com/_depadepa/status/1981675317304664140,1236356671472975872,_depadepa
1981668086542713033,2025-10-24 10:24:24+00:00,0,"""Ke rumah lu tapi ga ada tuku kayak ada yang kurang nja, hampa"" MAAF  MASIH GABOLEH KOPI😭",1981668086542713033,,,in,,0,0,0,https://x.com/mouwpeceye/status/1981668086542713033,1053827208270143488,mouwpeceye
1981616704099946544,2025-10-24 09:33:20+00:00,0,@dialogsenja__ @textfor_ Selingkuh terus diewe ama pebinornya + tuku kopi 6 cup ajg,1981655238449963099,,dialogsenja__,in,,0,0,0,https://x.com/lifeofdilah/status/1981655238449963099,1746744504,lifeofdilah
1981638783369171329,2025-10-24 08:36:48+00:00,0,@reyandalll gweh udh siap kopi tuku bgt nih rey,1981641008367784430,,reyandalll,in,,0,0,0,https://x.com/antonellosainz/status/1981641008367784430,1956914217413709824,antonellosainz
1981636216631288254,2025-10-24 08:34:35+00:00,0,@heesxo1 BJIR LUCUU BGT LAGI😭😭😭 tpi asliii masi luas bgt muat itu 10 toko kopi tuku awksksk,1981640450235920858,,heesxo1,in,,0,0,0,https://x.com/dearheesjy/status/1981640450235920858,2296116589,dearheesjy
1981639067071926466,2025-10-24 08:29:05+00:00,0,"mengnulis and kopi tuku aga combo yeah, tp kopi gweh udh ga dngin huffttt",1981639067071926466,,,in,,0,0,0,https://x.com/antonellosainz/status/1981639067071926466,1956914217413709824,antonellosainz
1981631384889540675,2025-10-24 07:59:46+00:00,0,Terakhir minum tuku september (pas balik bekasi). Balik ke nangor ga minum lagi KARNA GA ADA COFFEE SHOPNYAA 😭,1981631690641723783,,dollschent,in,,0,1,0,https://x.com/dollschent/status/1981631690641723783,1947540448849104896,dollschent
1981613126111187062,2025-10-24 06:46:00+00:00,0,cinta bgt daerah sekitaran kantor karna mau apa aja adaa. terutama kopi tuku my luv,1981613126111187062,,,in,,0,0,0,https://x.com/piddyyaa/status/1981613126111187062,550806522,piddyyaa
1981613059765567664,2025-10-24 06:45:44+00:00,0,"Spill voucher diskon kopi recomended shopeefood

Kopi Calf
https://t.co/9JZ29zIs09

Kopi Tuku
https://t.co/vkZDvhSw1K

Kopi Philosophy
https://t.co/Q7X7vX5fiP

Kopi Kenangan
https://t.co/W98Ul1yEow

Janji Jiwa
https://t.co/4Ruwz0dceq",1981613059765567664,,,in,,0,0,0,https://x.com/ike_tjn/status/1981613059765567664,513346093,ike_tjn
1981610893395030243,2025-10-24 06:37:08+00:00,0,Akhirnya aku menegak segelas kopi susu tetangga dari tuku sayangku cintaku,1981610893395030243,,,in,,0,1,0,https://x.com/bgikik/status/1981610893395030243,1943273892287852544,bgikik
1981607832962142321,2025-10-24 06:24:58+00:00,0,kopi enak setelah tuku https://t.co/DEFplvemMh,1981607832962142321,https://pbs.twimg.com/media/G4AV0T-XUAAhpkX.jpg,,in,,0,2,0,https://x.com/trafficskutt/status/1981607832962142321,1206984534060748800,trafficskutt
1981603467518169418,2025-10-24 06:07:37+00:00,6,Kopi susu tetangga less sugar punya tuku! https://t.co/ZHsydGg84a,1981603467518169418,https://pbs.twimg.com/media/G4AR179XEAA9bW5.jpg,,in,,0,0,0,https://x.com/noturastroboy/status/1981603467518169418,1747319288674099200,noturastroboy
1981581940869431336,2025-10-24 05:34:42+00:00,0,"@cipokbrutal makjay kurang akh, kecuali kopi celupnya. Calf boleh tp dibawah tuku soalnya aku hoek hoek kek hamil minum calf",1981595184350769348,,cipokbrutal,in,,0,1,0,https://x.com/idxntptrnto/status/1981595184350769348,1139225787276509184,idxntptrnto
1981573775394279505,2025-10-24 05:13:44+00:00,0,"TUKU - paket berdua (kopi susu tetangga + kopi filter dingin pagi/sore) 
💸36. 797
https://t.co/Jdt74GEcXI

martabak pecenongan 78 - martabak klasik 1/2 keju + 1/2 coklat
💸46. 470
https://t.co/DtOsqGtbNM https://t.co/yduUmBDj2o",1981589904565109057,https://pbs.twimg.com/media/G4AFgj_WEAAO5Lx.jpg,laperterus__,in,,0,1,0,https://x.com/laperterus__/status/1981589904565109057,1892196957676036096,laperterus__
1981583382669828596,2025-10-24 04:47:49+00:00,0,"tan-panama &gt;&gt;&gt; tuku

i lop kopi tan-panama 🫶🏻",1981583382669828596,,,in,,0,1,0,https://x.com/yunnikloo/status/1981583382669828596,1948194453325508608,yunnikloo
1981248881259401459,2025-10-24 04:40:24+00:00,0,"@tokopedijee Aduh ga punya foto tuku. 

Kopi susu tetangga non sugar enak bangeeet kalo kata aku.",1981581518603727057,,tokopedijee,in,,0,0,0,https://x.com/bebeefinn/status/1981581518603727057,1456244821434122248,bebeefinn
1981579137124098158,2025-10-24 04:30:56+00:00,0,gue suka liat ada jastip peyek jastip sambel tapi gaada yg buka jastip kopi tuku 1L,1981579137124098158,,,in,,1,4,0,https://x.com/zwolftenaugust/status/1981579137124098158,98183457,zwolftenaugust
1981575702727299478,2025-10-24 04:17:18+00:00,2,tuku tuh kopinya strong banget ya? even kopi susu nya sekalipun?,1981575702727299478,,,in,,0,3,0,https://x.com/notesofjee/status/1981575702727299478,1933128096657580032,notesofjee
1981573065961279789,2025-10-24 04:06:49+00:00,0,disini ga ada kopi tuku ya bjir,1981573065961279789,,,in,,0,0,0,https://x.com/alleyesonmeel/status/1981573065961279789,1622917536399650816,alleyesonmeel
1981566514592616550,2025-10-24 03:40:47+00:00,0,"Ges, kopi tuku kalau beli literan di shopee pake same day ongkirnya *Rp. 0,-* 😍

https://t.co/PAKNXDlV6P

Gas gak sih, kapan lagi beli kopi tuku literan diskon dan dapet free ongkir 😁

Jakarta only ya ini 😊 https://t.co/K71cyPGAej",1981566514592616550,https://pbs.twimg.com/media/G3_wPWNWwAAWk7y.jpg,,in,,0,0,1,https://x.com/miasharii/status/1981566514592616550,2456127739,miasharii
1981564021347406149,2025-10-24 03:30:53+00:00,0,"Promo Shopeefood

Mie Gacoan
https://t.co/sYoBLcSFz1

Republic Kebab
https://t.co/iATpGz6LvU

Fish Streat
https://t.co/Mf97AqrbKA

Kopi Tuku
https://t.co/GKYuDNCpma

HokBen
https://t.co/Pu8H9yXgsB

Burger Bangor
https://t.co/44ePJ9lYP5

Salad Hut
https://t.co/Q1tbdQfHTP https://t.co/sKUo5m4O8M",1981564021347406149,https://pbs.twimg.com/media/G3_t95uX0AAxiLK.jpg,,in,,0,0,0,https://x.com/3esihma/status/1981564021347406149,1847151278776111104,3esihma
1981524769616121891,2025-10-24 02:48:10+00:00,0,"@JukiHoki Gantungan kunci kopi tuku, hahaha",1981553272856203596,,JukiHoki,in,,0,0,0,https://x.com/andrisfajarb/status/1981553272856203596,51273190,andrisfajarb
1981284799450140699,2025-10-23 10:04:08+00:00,0,"@kaslanha Kata si temen ini, paitan tuku. Padahal menurut gua lebih pait kopken. Kalau dibandingin yang signature mereka ya. Tuku tuh kopinya slightly lebih manis dibanding kopken tapi dia lebih heavy. Kek kopi banget. Kalau kopken gua rasainnya kaya... watery",1981300599766602068,,kaslanha,in,,0,1,0,https://x.com/leewhaechan/status/1981300599766602068,1240824831404171264,leewhaechan
1981297670884118883,2025-10-23 09:52:30+00:00,0,TUKU AJAIB BGT???? FIRST TIME MINUM KOPI GK SAKIT PERUT,1981297670884118883,,,in,,0,0,0,https://x.com/serotoneit/status/1981297670884118883,1322118601696927745,serotoneit
1981292283921387572,2025-10-23 09:31:05+00:00,0,Jadi suka kopi hitam tuku wkwk,1981292283921387572,,,in,,0,0,0,https://x.com/KeluargaDadan/status/1981292283921387572,1083603889457311744,KeluargaDadan
1981248881259401459,2025-10-23 09:28:17+00:00,0,@tokopedijee Gue paling suka kopi tuku sih tapi ga ada fotonya,1981291576916922628,,tokopedijee,in,,0,0,0,https://x.com/bibbleayy/status/1981291576916922628,849134740129038336,bibbleayy
1981182771663110415,2025-10-23 08:36:10+00:00,0,"@benomial laikiii rill, nek misal ora betah macet yo tuku kopi ireng neng bakul tengah dalan",1981278462397862208,,benomial,in,,0,0,0,https://x.com/Nathprasetya/status/1981278462397862208,1201243458,Nathprasetya
1981267673138024931,2025-10-23 07:53:18+00:00,1,"nyobain kopi tuku yg es kopi susu tetangga (less sugar, normal ice, extra milk, add caramel) enak bangett, kopinya nggak terlalu strong, creamy dan less sweet https://t.co/6JslLoKNEN",1981267673138024931,https://pbs.twimg.com/media/G37gcaXXoAAeUkF.jpg,,in,,0,2,0,https://x.com/anasjournal_/status/1981267673138024931,1578037776410234880,anasjournal_
1981258137899586006,2025-10-23 07:47:18+00:00,0,"@TenderTies halooo, kalo hari-harinya berat mah, emang paling enak ngobrol sambil s*bat kan ya? hahaha, pengguna gg shiver here, tapi kalau mau ajakin kembaran, saya bisa semua, mau kretek, mau filter juga oke. kalau kopi sih, mungkin tuku atau kopken juga boleh. kamu gimana nih?
-",1981266165063442918,,TenderTies,in,,0,1,0,https://x.com/akiarae/status/1981266165063442918,1967212380905222144,akiarae
1981243506137190621,2025-10-23 07:39:59+00:00,0,@Discl0sure84 tuku kopi ?,1981264323080274344,,Discl0sure84,in,,0,1,0,https://x.com/DudaMuda1301/status/1981264323080274344,1160488420965097472,DudaMuda1301
1981256221119434980,2025-10-23 07:07:47+00:00,0,"Diskon kopi shopeefood pilihan

Kopi Calf
https://t.co/9JZ29zIs09

Kopi Tuku
https://t.co/vkZDvhSw1K

Kopi Philosophy
https://t.co/Q7X7vX5fiP

Kopi Kenangan
https://t.co/W98Ul1yEow

Janji Jiwa
https://t.co/4Ruwz0dceq",1981256221119434980,,,in,,0,0,0,https://x.com/ike_tjn/status/1981256221119434980,513346093,ike_tjn
1981255644532658210,2025-10-23 07:05:30+00:00,0,"Spill voucher diskon kopi favorit shopeefood

Kopi Calf
https://t.co/9JZ29zIs09

Promo Kopi Tuku
https://t.co/vkZDvhSw1K

Kopi Philosophy
https://t.co/Q7X7vX5fiP

Kopi Kenangan
https://t.co/W98Ul1yEow

Janji Jiwa
https://t.co/4Ruwz0dceq",1981255644532658210,,,in,,0,0,0,https://x.com/ike_tjn/status/1981255644532658210,513346093,ike_tjn
1981248881259401459,2025-10-23 06:54:22+00:00,0,@tokopedijee enakan kopi tuku huhuu,1981252842553036849,,tokopedijee,in,,0,0,0,https://x.com/injfluence/status/1981252842553036849,3189368753,injfluence
1981234404971413908,2025-10-23 06:51:16+00:00,0,@mahaviel padahal nanti benefitnya dapet kopi tuku loh.,1981252062391529711,,mahaviel,in,,0,1,0,https://x.com/vanadhika/status/1981252062391529711,862885027872460800,vanadhika
1981234935987130514,2025-10-23 05:51:07+00:00,1,"@reyreyhan__ nah, itu tujuanku ke tuku buat tuku kopi tuku",1981236926293430733,,reyreyhan__,in,,0,1,0,https://x.com/akarsatukuadrat/status/1981236926293430733,1769271759092826112,akarsatukuadrat
1981204587186180126,2025-10-23 05:28:52+00:00,0,@pixiedust__111 boleh juga kopi tuku,1981231328818581811,,pixiedust__111,in,,0,0,0,https://x.com/Ryuguji_Ken/status/1981231328818581811,1183390665310269443,Ryuguji_Ken
1981229472105058643,2025-10-23 05:21:30+00:00,0,"Promo Shopeefood

Jatinangor House
https://t.co/5Lhg5mb6Bx

Mie Gacoan
https://t.co/78HvP3npao

Kopi Tuku
https://t.co/PbD6apaU34

Sushi Yay
https://t.co/tcj2puFP2G

HokBen
https://t.co/AWnQPeqijP

Truffle Belly
https://t.co/sD0YOLFnVf

Dapur Cokelat
https://t.co/Nzo5PTHjm8 https://t.co/j2KoDpD3TK",1981229472105058643,https://pbs.twimg.com/media/G369sepXMAAw1oI.jpg,,in,,0,0,0,https://x.com/3esihma/status/1981229472105058643,1847151278776111104,3esihma
1981225489818907009,2025-10-23 05:17:24+00:00,0,"@puteeera Duh belum nyoba yg ini. 
Sekaligus geprek bu rum trus kopi tuku deh kl ke jogja.
Iya di sini ga ada tuku 😞",1981228439320613313,,puteeera,in,,0,0,0,https://x.com/becausemikhael/status/1981228439320613313,1241339973502033920,becausemikhael
1981165023415398755,2025-10-23 04:59:21+00:00,0,@dmsJUNKI Kopi tuku sih? Kalau kamu apa?,1981223898424496612,,jemianrsh,in,,0,1,0,https://x.com/lioiora/status/1981223898424496612,1943443863861075968,lioiora
1981003393402630498,2025-10-23 04:17:17+00:00,0,"@envkidu Pink lava richeese factory, kopi tuku, matcha espresso kopken, spanish latte kopken, kopi dari tani fore, strawberry tea di rumah momo",1981213313934774653,,envkidu,in,,0,1,0,https://x.com/ketekreze/status/1981213313934774653,1073425597362188288,ketekreze
1981209140983975998,2025-10-23 04:00:42+00:00,1,Di Semarang tu yang rasa kopinya kayak Tuku tu kopi apa ya,1981209140983975998,,,in,,0,0,0,https://x.com/kesh_chia/status/1981209140983975998,46330569,kesh_chia
1981202819194769618,2025-10-23 03:35:35+00:00,0,ibarate wes batuk berat sampe raono seng iso dikeluarkan tp ttp tuku es kopi,1981202819194769618,,,in,,0,0,0,https://x.com/durkheimgodean/status/1981202819194769618,1836414307237863424,durkheimgodean
1981148568007184558,2025-10-23 02:01:36+00:00,0,@txtdrimedia invest ke kopi tuku udah dapet 2 gerai pak :(,1981179167640309915,,txtdrimedia,in,,0,1,0,https://x.com/kidofuniverse/status/1981179167640309915,1014711757,kidofuniverse
1981155510385856527,2025-10-23 00:27:36+00:00,0,"Promo Shopeefood

Kopi Tuku
https://t.co/WbcwFZKnIe

Mie Gacoan
https://t.co/XtLZAZhQKz

HokBen
https://t.co/1dfLPr7yWL

Burger Bangor
https://t.co/tWTBNVIRnV

Salad Hut
https://t.co/IDiijHKNB1

Fish Streat
https://t.co/OMHIDpH3cE

Republic Kebab
https://t.co/B2Q60j9jFq https://t.co/uaxIaCavK7",1981155510385856527,https://pbs.twimg.com/media/G356bh1WIAANzAI.jpg,,in,,0,0,0,https://x.com/3esihma/status/1981155510385856527,1847151278776111104,3esihma
1981121403958300763,2025-10-22 22:12:04+00:00,0,Gw suka kopi tuku walaupun kalo abis ngopi pasti mual,1981121403958300763,,,in,,0,0,0,https://x.com/spesiesjawa/status/1981121403958300763,1731616370192949248,spesiesjawa
1981039332044787812,2025-10-22 16:45:57+00:00,0,"day 110 - 22 oktober 2025

hari ini ada acara sumpah dokternya mbak aku je. aku ngantuk dan capek bgt padahal udh beli kopi tau. jam 7 pagi aku langsung cabut ke tuku &amp; beli ice long black kaya aku biasanya beli kalo di tuku",1981039332044787812,,,in,,0,1,0,https://x.com/keshxii/status/1981039332044787812,1370905263775969284,keshxii
1981033738000613569,2025-10-22 16:23:43+00:00,0,"grgr ngabisin kopi tuku punya adek, skrg aku mecicil terang benderang mataku😩😩😩",1981033738000613569,,,in,,0,0,0,https://x.com/ayuksetiaaa/status/1981033738000613569,1466491550,ayuksetiaaa
1981025580989518249,2025-10-22 15:51:18+00:00,0,kangen kopi tuku,1981025580989518249,,,in,,0,0,0,https://x.com/sstupeefyy/status/1981025580989518249,1685413768908738561,sstupeefyy
1981020334225564138,2025-10-22 15:30:27+00:00,0,terima kasih sudah menciptakan Kopi Tuku https://t.co/HlWr0a5VW3,1981020334225564138,https://pbs.twimg.com/ext_tw_video_thumb/1981020041748283392/pu/img/PGatoeTb5p9_Rfev.jpg,,in,,0,0,0,https://x.com/febriyustian_/status/1981020334225564138,1916779291,febriyustian_
1981000133819928764,2025-10-22 14:49:52+00:00,0,@sbyfess Kayak ga asing tempat e. Iki kopi tuku sing ndk spbu ta?,1981010119807951348,,sbyfess,in,,0,1,0,https://x.com/dlgksk14/status/1981010119807951348,1809164732,dlgksk14
1980902572044239201,2025-10-22 13:15:55+00:00,0,@coupsistt Kita bawa kopi susu tetangganya tuku segalon ke venue entar🤙🏻 mari gerd bersama🤙🏻🤙🏻,1980986476876943632,,coupsistt,in,,0,0,0,https://x.com/sagarrow/status/1980986476876943632,1246948795247521792,sagarrow
1980981470010458392,2025-10-22 13:03:14+00:00,0,@ronwbsn aku belinya pake qpon 9k dapet roti sm kopi aren :((( hmm tak maklumi saja rego sakmunu. Tapi lek harga asline yo wani milih kopi tuku ae huhu,1980983284768395411,,ronwbsn,in,,0,0,0,https://x.com/_sckurniawati/status/1980983284768395411,110360839,_sckurniawati
1980980722631586090,2025-10-22 12:53:03+00:00,0,"Kalo infused milk with tea nya berhasil, berarti nemu lg resep enak selain kopi ala tuku 😂😂😂😂👊",1980980722631586090,,,in,,0,1,0,https://x.com/blissrhpsdy/status/1980980722631586090,935539988749361152,blissrhpsdy
1980975717342118300,2025-10-22 12:33:10+00:00,0,Start my day with Kopi susu tetangga nya Tuku and end up with Rojali Cold Brewnya 1/15 Coffee. Alhamdulillah,1980975717342118300,,,in,,0,0,0,https://x.com/apaiyacill/status/1980975717342118300,1787341689352511488,apaiyacill
1980966686036771115,2025-10-22 11:57:17+00:00,0,ntar deh kalo konser lagi di sini gue kasih fore atau engga kopi tuku lebih enak,1980966686036771115,,,in,,0,0,0,https://x.com/takoyakisunda/status/1980966686036771115,1887896058111664128,takoyakisunda
1980899437720277068,2025-10-22 11:49:23+00:00,0,"@Dopeman1002 @caratstalk HAHAHAHA KITA GAS KAN BAWA TUKU KE KONSER SEBONG SAMBIL BAWA BANNER ""KOPI MOGOGALLE?""😇😇",1980964697513005183,,Dopeman1002,in,,0,0,0,https://x.com/hoonie2927/status/1980964697513005183,1916229368,hoonie2927
1980954346746753087,2025-10-22 11:11:49+00:00,0,@xyrinnsaaa Takut juga dede... hmmm beliin ak kopi tuku dulu,1980955246215233581,,xyrinnsaaa,in,,0,1,0,https://x.com/princessedf_/status/1980955246215233581,1495303752743809029,princessedf_
1980942687521161543,2025-10-22 10:21:55+00:00,0,"Promo Shopeefood

Martabak Pecenongan
https://t.co/7BF2256EW9

Mie Gacoan
https://t.co/S7pbHoqIsJ

Hotways Chicken
https://t.co/HGnVR8xfya

Kopi Tuku
https://t.co/C2r0pSlaZ3

Sushi Yay
https://t.co/xgiwqIu9RY

Solaria
https://t.co/lkw2SJBk1S

HokBen
https://t.co/owxFSfUi67 https://t.co/tOYlhaZmxo",1980942687521161543,https://pbs.twimg.com/media/G3243jlXUAAQNB1.jpg,,in,,0,0,0,https://x.com/pinkforestxoxo/status/1980942687521161543,1858457623684878336,pinkforestxoxo
1980907195433988543,2025-10-22 09:10:27+00:00,0,@drratiord andalanku tuku dan arah coffee😻,1980924700508541008,,drratiord,in,,0,1,0,https://x.com/rebeIed/status/1980924700508541008,2800116224,rebeIed
1980915005819412628,2025-10-22 08:31:55+00:00,0,"OPEN JASTIP KOPI TUKU 🤩☕🙌

Keterangan lanjut ada di poster ya 🤙 https://t.co/7M1jlW2lmQ",1980915005819412628,https://pbs.twimg.com/media/G32flNOWYAAq-mn.jpg,,in,,0,0,1,https://x.com/ceftriaxonee_/status/1980915005819412628,1303193370626420737,ceftriaxonee_
1980909556697063485,2025-10-22 08:10:16+00:00,0,"Promo Shopeefood

Kopi Tuku
https://t.co/8XvyH3z5fs

Mie Gacoan
https://t.co/dA3I3i0CBj

Sushi Yay
https://t.co/EoQzdC130p

Richeese Factory
https://t.co/ysBfXAo9Dr

Burger Bangor
https://t.co/HR9JUSaGjC

Fore Coffee
https://t.co/1ueFVpPJBq

Kopi Kenangan
https://t.co/Hb1P0AMXfp https://t.co/V1q84CSjVz",1980909556697063485,https://pbs.twimg.com/media/G32avA2XkAAklCV.jpg,,in,,0,0,0,https://x.com/pinkforestxoxo/status/1980909556697063485,1858457623684878336,pinkforestxoxo
1980899437720277068,2025-10-22 08:02:48+00:00,167,@caratstalk Besok2 kita bawa tuku segalon dah biar bisa mabok kopi bareng2😚,1980907677959192793,,caratstalk,in,,3,11,2,https://x.com/hoonie2927/status/1980907677959192793,1916229368,hoonie2927
1980887738217116012,2025-10-22 06:43:34+00:00,0,"fav local coffee so far, better dari tuku yg antre terus https://t.co/10wlgzxQ0c",1980887738217116012,https://pbs.twimg.com/media/G32G3nlXAAAdBoJ.jpg,,in,,0,0,0,https://x.com/giannygreeny/status/1980887738217116012,1521608670252961793,giannygreeny
1980887288663122310,2025-10-22 06:41:47+00:00,0,"Promo Shopeefood

Momoyo
https://t.co/JK45Jp058J

Mie Gacoan
https://t.co/3CSzWsfk4D

Kopi Tuku
https://t.co/KW4uuObj24

Hotways Chicken
https://t.co/dWcPT95ztR

Sushi Yay
https://t.co/RvYzw7wgwl

Macaroni Cuck
https://t.co/dtskuRL3yq

Solaria
https://t.co/7ZbOxsItmq https://t.co/1T65oEImd0",1980887288663122310,https://pbs.twimg.com/media/G32GfBDX0AA161P.jpg,,in,,0,0,0,https://x.com/pinkforestxoxo/status/1980887288663122310,1858457623684878336,pinkforestxoxo
1980873159470682373,2025-10-22 05:45:39+00:00,1,"Mereka berjuang antara hidup dan mati. Beda kayak kita yang masih bisa minum air putih selain coca cola, bisa minum kopi tuku selain sbux, bisa makan sabana selain ayam mcd. Justru malu sama yang masih punya pilihan tapi memilih buat gak boikot.",1980873162377294087,,annartelier,in,,0,0,2,https://x.com/annartelier/status/1980873162377294087,1531300105844068353,annartelier
1980803146592194870,2025-10-22 05:31:34+00:00,0,"@afrkml Aku ga beli tuku, tapi di coffee shop lain double shot less sugar ga pait sih nerss. Aku tetep double shot less sugar less ice dan rasanya ga ada beda",1980869617267679725,,afrkml,in,,0,0,0,https://x.com/loonycloudy/status/1980869617267679725,980372286,loonycloudy
1980868391226470692,2025-10-22 05:26:41+00:00,0,"Dapatkan voucher promo shopeefood spesial kopi enak

Kopi Calf
https://t.co/9JZ29zIs09

Diskon Kopi Tuku
https://t.co/vkZDvhSw1K

Kopi Philosophy
https://t.co/Q7X7vX5fiP

Kopi Kenangan
https://t.co/W98Ul1yEow

Janji Jiwa
https://t.co/4Ruwz0dceq",1980868391226470692,,,in,,0,0,0,https://x.com/ike_tjn/status/1980868391226470692,513346093,ike_tjn
1980862946231361829,2025-10-22 05:05:03+00:00,0,"Meh komplen 
Tuku kopi ket wingi sore ra tekan- tekan min @klikindomaret https://t.co/2x3Ax9p1U6",1980862946231361829,https://pbs.twimg.com/media/G31wWOAXgAAuiCG.jpg,,in,,0,2,0,https://x.com/Alepppp_/status/1980862946231361829,393876662,Alepppp_
1980862233338081487,2025-10-22 05:02:13+00:00,1,kopi mandja ini 90% mirip tuku,1980862233338081487,,,in,,0,0,0,https://x.com/fishingpole88/status/1980862233338081487,1561669871036878849,fishingpole88
1980829258890244364,2025-10-22 04:04:06+00:00,30,"@saptaipb harusnya ya soalnya udah q3 tapi mega ipo kayak blubank (anak bbca), vidio (anak scma dan emtk), superbank, kopi tuku, kenangan bahkan giga ipo seperti pertamina hulu energi, pertamina sanga sanga belum",1980847606537527507,,saptaipb,in,,0,0,0,https://x.com/DennySeggssegar/status/1980847606537527507,1492848282355515395,DennySeggssegar
1980819442595717400,2025-10-22 02:12:11+00:00,0,"Promo Shopeefood

Mie Gacoan
https://t.co/pWCbHR1TI0

Kopi Tuku
https://t.co/EXBoSUlfWp

Sushi Yay
https://t.co/DfQVT1HYGx

HokBen
https://t.co/2RzKZaO5Cn

Jatinangor House
https://t.co/d2R4gri5iV

Burger Bangor
https://t.co/TB8wHO3wJ1

Dapur Cokelat
https://t.co/YfTCQOMBmh https://t.co/qVOsO9lmbw",1980819442595717400,https://pbs.twimg.com/media/G31IxuBXEAAiFNs.jpg,,in,,0,0,0,https://x.com/3esihma/status/1980819442595717400,1847151278776111104,3esihma
1980672425109901549,2025-10-22 02:02:41+00:00,0,@rhyndevouz tuku alias my go-to coffee :3 tp aku abis beli jago sih ini..,1980817051246907673,,rhyndevouz,in,,0,1,0,https://x.com/wonbin___n/status/1980817051246907673,1620104739538210816,wonbin___n
1980806667903332561,2025-10-22 01:21:25+00:00,0,pgn tuku tumblr e point coffee tbtb🥺,1980806667903332561,,,in,,0,0,0,https://x.com/jagungpletok/status/1980806667903332561,1086795724329635840,jagungpletok
1980796793765167614,2025-10-22 00:42:11+00:00,0,"Baru ngopi pagi lagi setelah sekian bulan, kopi mas tuku(L). 😁 https://t.co/TI1ukGbjZB",1980796793765167614,https://pbs.twimg.com/media/G300Lr-W8AAjSRT.jpg,,in,,0,1,0,https://x.com/ndraperkasa/status/1980796793765167614,323793047,ndraperkasa
1980796276339011715,2025-10-22 00:40:08+00:00,0,"Promo Shopeefood

Mie Gacoan
https://t.co/Hwwj9gEoXt

Kopi Tuku
https://t.co/xl7nJdj9TY

Republic Kebab
https://t.co/lbLX1c6XXs

HokBen
https://t.co/0pI1lSHqVh

Burger Bangor
https://t.co/3PJOMV1plV

Fore Coffee
https://t.co/siD0gAjVPJ

Tomoro Coffee
https://t.co/qg5xqiG5eF https://t.co/yJduR8dcsb",1980796276339011715,https://pbs.twimg.com/media/G30ztOxXQAIa68k.jpg,,in,,0,0,0,https://x.com/3esihma/status/1980796276339011715,1847151278776111104,3esihma
1980775817069359246,2025-10-21 23:18:50+00:00,0,"Seberapa lari elu? Gua beli kopi tuku udah gak pake tumbler lagi, tapi pake softlask. Ah syit syit syitttt",1980775817069359246,,,in,,0,0,0,https://x.com/KeluargaDadan/status/1980775817069359246,1083603889457311744,KeluargaDadan
1980634791700754644,2025-10-21 15:46:08+00:00,0,"@fwbhub_ Mau dong nder, jajanin UKT SBM ITB klo ga bisa kopi tuku aja gpp sama bolu",1980661890100711906,,fwbhub_,in,,0,0,0,https://x.com/bestofluckkkkk/status/1980661890100711906,1625341836079562752,bestofluckkkkk
1980649846504865899,2025-10-21 14:58:49+00:00,0,kopi… tuku…. why did i forget………,1980649983495033237,,dyodoram,in,,0,0,0,https://x.com/dyodoram/status/1980649983495033237,1780899267110191104,dyodoram
1980541483347484932,2025-10-21 13:07:03+00:00,0,"@lilacmachiato ka level aku ga suka kopi tuh semanis apapun di lidahku tetep pait 😭 tapi yang ini rasanya kayak kopiko susu, karena susunya enak banget 🤣

tuku di aku masih pait banget ga ketelen 😞",1980621857880698903,,lilacmachiato,in,,0,1,0,https://x.com/terimaakashii/status/1980621857880698903,1416972877648187396,terimaakashii
1980539821446873527,2025-10-21 13:00:33+00:00,0,"@nekoradon Udah lama banget aku ga beli kopi kaleng gituu. Terakhir kali asam lambungnya naik sih, cuma kayaknya waktu itu emg lagi perut kosong, stress dan kurang tidur, jadi ke trigger ajaa

Aku paling bermasalah sama tuku pokoknya, beneran ga kuat kafeinnya 😔",1980620222815170881,,nekoradon,in,,0,1,0,https://x.com/spaghett_y/status/1980620222815170881,1009799916443463682,spaghett_y
1980615582535020819,2025-10-21 12:42:07+00:00,0,gue aja takut tiba2 digrebek itu lavatory ini lagi minta part 2 anyinhhhhh boleh jg si tapi (sogok kopi tuku seliter),1980615582535020819,,,in,,0,1,0,https://x.com/smkaoau/status/1980615582535020819,1537340078053556226,smkaoau
1980603161841922119,2025-10-21 11:52:46+00:00,9,"Kamu bilang apapun yg tak minta mbok kasih? Aku minta opo emang? Mung kopi ambek ice cream. Koncoku iso nukokno aku sampe aku kembung, yo aku dewepun iso tuku",1980603161841922119,,,in,,0,3,0,https://x.com/mieayambihun/status/1980603161841922119,1478388355637334025,mieayambihun
1978779943480827910,2025-10-21 11:25:39+00:00,0,"@shzinsia @1 Noh kan lu jago bgt skena dan agenda kalcernya.... gw takut. Suka kopi tuku yang tetangga itu, enak bettt &gt;_&lt; udah kalcer banget mbassss 9/10. 1 nya kurang carabiner dan rante rante",1980596340435583230,,shzinsia,in,,0,1,0,https://x.com/Jozyeon/status/1980596340435583230,1250718761696391168,Jozyeon
1980584627350958502,2025-10-21 10:39:07+00:00,18,Kamu lebih suka kopi tuku apa point square?,1980584627350958502,,,in,,1,13,0,https://x.com/discreet_sih/status/1980584627350958502,928815685026725890,discreet_sih
1980566870500733196,2025-10-21 09:28:33+00:00,0,Kopi Tuku dan donatnya https://t.co/TtQTcV89tz,1980566870500733196,https://pbs.twimg.com/media/G3xjEIGWMAAA2xx.jpg,,in,,0,0,0,https://x.com/amrulhakim/status/1980566870500733196,68588849,amrulhakim
1980566196878819693,2025-10-21 09:25:53+00:00,1,"haloo ada yg mau barter kuesioner?  kriteria: usia 18-34 tahun, pengguna aktif instagram &amp; tau toko kopi tuku. reply/DM aku yaa!

https://t.co/JIe75HqECe",1980566196878819693,,,in,,0,4,0,https://x.com/mudahkoyak/status/1980566196878819693,1544382889366016000,mudahkoyak
1980565246462070814,2025-10-21 09:22:06+00:00,0,uda ada yang cobain kopi Tuku yang baru bukak di dps itu belum?? antrinyaa anjim bgt😖😭,1980565246462070814,,,in,,0,0,0,https://x.com/Naturebridge_/status/1980565246462070814,1258207232107241473,Naturebridge_
1980560126294782103,2025-10-21 09:01:45+00:00,3,"haloo ada yg mau barter kuesioner?

kriteria: usia 18-34 tahun, pengguna aktif instagram &amp; tau toko kopi tuku. reply/DM aku yaa!",1980560126294782103,,,in,,0,5,0,https://x.com/mudahkoyak/status/1980560126294782103,1544382889366016000,mudahkoyak
1980536833814798387,2025-10-21 07:29:12+00:00,0,"Dapatkan promo kopi shopeefood selasa cetar

Kopi Calf
https://t.co/9JZ29zIs09

Kopi Tuku
https://t.co/vkZDvhSw1K

Kopi Philosophy
https://t.co/Q7X7vX5fiP

Kopi Kenangan
https://t.co/W98Ul1yEow

Janji Jiwa
https://t.co/4Ruwz0dceq",1980536833814798387,,,in,,0,0,0,https://x.com/ike_tjn/status/1980536833814798387,513346093,ike_tjn
1980528076091224133,2025-10-21 06:54:24+00:00,0,"Tp emang tuku ena si. Creamy tp ga susu, masi ada kopi nyaa. Tolong semoga segera buka di Semarang. 😭🤣🙏🏻",1980528077865464069,,di_sayangi,in,,0,0,0,https://x.com/di_sayangi/status/1980528077865464069,845283675793080320,di_sayangi
1980516515993776165,2025-10-21 06:08:28+00:00,1,masuk toko kopi tuku di sambut dg lagu perunggu🙏😭,1980516515993776165,,,in,,0,0,0,https://x.com/birulaut21/status/1980516515993776165,933288270473060352,birulaut21
1980467059315339446,2025-10-21 05:25:47+00:00,0,@sbtLISASA kopi tuku gbk aja kak,1980505776025399741,,sbtLISASA,in,,0,1,0,https://x.com/untitle2024/status/1980505776025399741,1332916372360155138,untitle2024
1980490103534547142,2025-10-21 04:23:31+00:00,0,"tembalang &amp; semarang people, hey kalian semua lagi nyari kopi susu enak yang baru di semarang kan? mirip tuku kalo kata orang-orang! kalau masih ragu liat reviewnya aja deh! ongkir 5k aja untuk anak tembalang! 3-5 hari tahan kulkas guys!
hit us up at whatsapp : 082138619935 https://t.co/Fi4nFKDGbg",1980490103534547142,https://pbs.twimg.com/media/G3wdPzzXEAEOrA7.jpg,,in,,0,0,0,https://x.com/ato_122/status/1980490103534547142,1777810085370331137,ato_122
1980484144732991861,2025-10-21 03:59:50+00:00,0,"hariini bikin es kopi lagii mwehehe, belom berani beli es kopi kaya fore/tuku/bean dan teman temannya karna takut kepaitan, soalnya kemaren sok sokan nyoba toffee hazelnut mixue PAIT BGT BJIRRR jadinya akbar yang abisin ehehe",1980484144732991861,,,in,,0,0,0,https://x.com/jkbiny/status/1980484144732991861,1390368184847409153,jkbiny
1980481964978368761,2025-10-21 03:51:10+00:00,0,"Promo oktober kopi favorit shopeefood

Kopi Calf
https://t.co/9JZ29zIs09

Kopi Tuku
https://t.co/vkZDvhSw1K

Kopi Philosophy
https://t.co/Q7X7vX5fiP

Kopi Kenangan
https://t.co/W98Ul1yEow

Janji Jiwa
https://t.co/4Ruwz0dceq",1980481964978368761,,,in,,0,0,0,https://x.com/ike_tjn/status/1980481964978368761,513346093,ike_tjn
1980445221180813798,2025-10-21 03:31:36+00:00,0,@irginien @ditahatesyou kayaknya booth nya ada sutei ama kopi tuku deh,1980477042044068055,,irginien,in,,0,2,0,https://x.com/udanggunung/status/1980477042044068055,1240624039728570369,udanggunung
1980464089869783162,2025-10-21 02:40:08+00:00,1,"KOPI KEMENANGAN LAAHH
Udah pernah nyobain calf, tuku dll
Yg lumayan cocok selain kemenangan cuma couvee
Belum coba cosan, tungguu...",1980464089869783162,,,in,,0,0,0,https://x.com/xxlal4x/status/1980464089869783162,1135884594199162880,xxlal4x
1980462983810805990,2025-10-21 02:35:45+00:00,0,"Promo Shopeefood

Kopi Tuku
https://t.co/8RZLbdYrLW

Sushi Yay
https://t.co/i4AVK1PiSP

Jatinangor House
https://t.co/97a0SXPH5d

Burger Bangor
https://t.co/ELZKejIB00

Richeese
https://t.co/Ctho8dzFUb

Dapur Cokelat
https://t.co/51Irq8IuwP

Tomoro Coffee
https://t.co/KNaQHXKZhk https://t.co/yYgWe83HpG",1980462983810805990,https://pbs.twimg.com/media/G3wEk4YWQAAo1cr.jpg,,in,,0,0,0,https://x.com/3esihma/status/1980462983810805990,1847151278776111104,3esihma
1980443716017090988,2025-10-21 01:19:11+00:00,2,"Empat hari aku tanpamu
Empat hari tiada bertemu
Empat hari basah lidahku
Tapi bukan karena rasamu

Tidak, kata tetuaku
Sembuh dulu, baru itu
Sungguh tak sanggup aku
Beri aku seteguk kopi Tuku

Siapapun, tolong aku!",1980443716017090988,,,in,,0,0,0,https://x.com/keponakannnn/status/1980443716017090988,1679158424158998528,keponakannnn
1980219665935987163,2025-10-20 23:34:46+00:00,0,"@senyuminaja93 Wkwkwkwk senam poco2 ye na. 

Tp serius tuku double shot mantepp jir, baru berasa kopi nya (no sugar)",1980417440699019332,,senyuminaja93,in,,0,0,0,https://x.com/keepurstay/status/1980417440699019332,1517372009151229952,keepurstay
1980410070598054031,2025-10-20 23:05:29+00:00,0,oci ke jkt makanannya kita kasih kue cubit n kopi tuku aja,1980410070598054031,,,in,,0,0,0,https://x.com/eatwithrosie/status/1980410070598054031,3307578986,eatwithrosie
1980324049013338598,2025-10-20 17:23:40+00:00,0,Di ngalam day 2 menghabiskan waktu di kopi terbaik se indonesia yaitu TUKU,1980324049013338598,,,in,,0,2,0,https://x.com/kamanayas/status/1980324049013338598,1283283518064189440,kamanayas
1980181486407242100,2025-10-20 08:03:34+00:00,0,saranin aku kopi lain selain calf tuku kopken fm dong yg ga manis bgt:(,1980183094528516203,,_c0rnsalad,in,,0,2,0,https://x.com/_c0rnsalad/status/1980183094528516203,1171531862,_c0rnsalad
1980173644115640559,2025-10-20 07:26:01+00:00,8,"Myluv the one and only. Imo, calf &gt; tuku karna gw pernah pesen tuku less sugar gigi gw malah giung 😭 Calf regular &gt; calf permium, karna lebih berasa kopi apalagi kalau pesennya less sugar 👍🏽👍🏽 https://t.co/UWapFKzRAg",1980173644115640559,https://pbs.twimg.com/media/G3r9brhWEAAq8jc.jpg,,in,,1,2,0,https://x.com/inizule/status/1980173644115640559,2180290308,inizule
1980162581856674184,2025-10-20 07:17:01+00:00,0,"@yappingfess tuku, fore, sama calf!

top three kopi ak, kstnya tuku, butterscotchnya fore, sama caramel macchiatonya calf (honorable mention ke matcha calf ENAK BGTTTTT) KEK MRK BERTIGA ENAK BGT JIR",1980171378528751995,,yappingfess,in,,0,0,0,https://x.com/leedoknghae/status/1980171378528751995,1579465651659284482,leedoknghae
1980159252993085724,2025-10-20 06:28:50+00:00,0,"Spill promo kopi di shopeefood

Kopi Calf
https://t.co/9JZ29zIs09

Kopi Tuku
https://t.co/vkZDvhSw1K

Kopi Philosophy
https://t.co/Q7X7vX5fiP

Kopi Kenangan
https://t.co/W98Ul1yEow

Janji Jiwa
https://t.co/4Ruwz0dceq",1980159252993085724,,,in,,0,0,0,https://x.com/ike_tjn/status/1980159252993085724,513346093,ike_tjn
1980157031484154356,2025-10-20 06:20:00+00:00,0,"susahnya menjaga perasaan (yg di sg TUKU, viewers nya toko kopi langganan) 🥀🥀 https://t.co/PPtnkrpWSY",1980157031484154356,https://pbs.twimg.com/media/G3ruUiIXQAAldRQ.jpg,,in,,0,0,0,https://x.com/AbnerWawan/status/1980157031484154356,1088724903665123328,AbnerWawan
1980156802848473399,2025-10-20 06:19:05+00:00,0,kopi tuku + donat 💓,1980156802848473399,,,in,,0,0,0,https://x.com/alfia1911/status/1980156802848473399,63085584,alfia1911
1980154755776426408,2025-10-20 06:10:57+00:00,6,"Terakhir ke @marketlane itu ngingetin kami jaman Kopi Tuku  masih di Pasar Santa dulu, coffee shop yang lokasinya di pasar, tapi ngantrinya gileeee...

Mayan mengobati rasa kangen Melbourne https://t.co/AJjBhXH6ww",1980154755776426408,https://pbs.twimg.com/media/G3rsQEjWsAAS3sJ.jpg,,in,,0,0,1,https://x.com/gastronusa/status/1980154755776426408,1303753640847392769,gastronusa
1980146008391864783,2025-10-20 05:36:12+00:00,0,keknya gara2 makan pagi sore + kopi tuku deh🤣🫠,1980146008391864783,,,in,,0,0,0,https://x.com/windintheair1/status/1980146008391864783,1157170488415682560,windintheair1
1980130303961415894,2025-10-20 04:33:48+00:00,1,2 hari berturut” kopi tuku thokk,1980130303961415894,,,in,,0,1,0,https://x.com/yaelahfina/status/1980130303961415894,1209196798729867265,yaelahfina
1980128560691183998,2025-10-20 04:26:52+00:00,0,"Aduh mau beli tuku, tapi ak kmrn udah hbs 3 kopi hdeh",1980128560691183998,,,in,,0,0,0,https://x.com/nasybelajar/status/1980128560691183998,1739199021389090816,nasybelajar
1980125254627573932,2025-10-20 04:13:44+00:00,0,Kopi tuku sekarang jadi oleh oleh yaaa,1980125254627573932,,,in,,0,0,0,https://x.com/ellmaanm/status/1980125254627573932,321230642,ellmaanm
1980105975844778011,2025-10-20 02:57:27+00:00,0,"kopi tuku
https://t.co/hWpqJGNBLu

pizza hut
https://t.co/z3K5YuetDW https://t.co/eKzeaGFBUZ",1980106059877626247,https://pbs.twimg.com/media/G3q_95jX0AAxCgp.jpg,dyexpl0rer,in,,0,1,0,https://x.com/dyexpl0rer/status/1980106059877626247,1911673721661571072,dyexpl0rer
1980096060560441446,2025-10-20 02:17:43+00:00,0,"Diskon kopi oktober spesial shopeefood

Kopi Calf
https://t.co/9JZ29zIs09

Kopi Tuku
https://t.co/vkZDvhSw1K

Kopi Philosophy
https://t.co/Q7X7vX5fiP

Kopi Kenangan
https://t.co/W98Ul1yEow

Janji Jiwa
https://t.co/4Ruwz0dceq",1980096060560441446,,,in,,0,0,0,https://x.com/ike_tjn/status/1980096060560441446,513346093,ike_tjn
1980093903912227160,2025-10-20 02:09:09+00:00,0,"Promo Shopeefood

Kopi Tuku
https://t.co/PxWJOPLrbG

Sushi Yay
https://t.co/FJtJizW1Wu

HokBen
https://t.co/ipD35drL5N

Jatinangor House
https://t.co/iU8LLxLAvx

Richeese Factory
https://t.co/QXWibHhsIj

Dapur Cokelat
https://t.co/hE3f8vIaW3

Mie Gacoan
https://t.co/ARQYGUV831 https://t.co/dTy0QopKlW",1980093903912227160,https://pbs.twimg.com/media/G3q05xHW0AA3Jhw.jpg,,in,,0,0,0,https://x.com/3esihma/status/1980093903912227160,1847151278776111104,3esihma
1979764480314929473,2025-10-20 01:53:03+00:00,1,@txtdrkuliner Tahta tertinggi kopi beginian mah masih dipegang sama Tuku dan Makmur Jaya Kopi,1980089852474593559,,txtdrkuliner,in,,0,0,0,https://x.com/_ArryOn_/status/1980089852474593559,2527838989,_ArryOn_
1980089191003484550,2025-10-20 01:50:26+00:00,0,pengen bgt seruput kopi tuku dah,1980089191003484550,,,in,,0,1,0,https://x.com/k0pitanpagula/status/1980089191003484550,181409742,k0pitanpagula
1980087133454176565,2025-10-20 01:42:15+00:00,0,walaupun msh batuk kita ttp beli es kopi tuku pemirsa,1980087133454176565,,,in,,0,0,0,https://x.com/clownstothew3st/status/1980087133454176565,74883295,clownstothew3st
1980086536965431634,2025-10-20 01:39:53+00:00,0,gabisa bedain kopi enak dan ga enak tp yang jelas tuku ENAK BGT huft https://t.co/PsUWwuPaw3,1980086536965431634,https://pbs.twimg.com/media/G3quNFQXwAAg2gC.jpg,,in,,0,0,0,https://x.com/walkingbless/status/1980086536965431634,1963889420207378432,walkingbless
1980062642695016709,2025-10-20 00:04:56+00:00,0,"Promo Shopeefood

Fore Coffee
https://t.co/NKI1BxZ9rF

Burger Bangor
https://t.co/FBrw1iN4cX

HokBen
https://t.co/W1BKxX1H18

Kopi Tuku
https://t.co/YHkpS4KaM6

Mie Gacoan
https://t.co/UPaqDNh3Oi

Republic Kebab
https://t.co/0eLCJN9Vt1

Fish Streat
https://t.co/JefYbgnoPE https://t.co/WjIvk0yYDB",1980062642695016709,https://pbs.twimg.com/media/G3qYeOaWEAABp0P.jpg,,in,,0,0,0,https://x.com/3esihma/status/1980062642695016709,1847151278776111104,3esihma
1980034288306561435,2025-10-19 22:12:16+00:00,0,"Ada org goblok bgt, gw kan ga beli starbucks lagi karena ada ygle ih murah dan enak, also like? Political reasons juga dan gw dibilang ekonomi turun? Wtf lo oon bgt apa gmn dah? Gw beli mah masih bisa anjir, tp buat apa? Fore ada, Kopi Tuku ada, literally Kope Imdomaret",1980034288306561435,,,in,,0,1,0,https://x.com/Dyosaurusrex/status/1980034288306561435,1827494902323933187,Dyosaurusrex
1979858205636526540,2025-10-19 10:32:34+00:00,0,Tetep tuku es kopi senajan hawane  mulai adem 👌,1979858205636526540,,,in,,0,0,0,https://x.com/KhoirulFata08/status/1979858205636526540,1296578763946250241,KhoirulFata08
1979486060272107681,2025-10-19 10:04:37+00:00,0,@_chowoodzyoun Ini di jkt kah? Aku dulu pas ke surabaya sepi tokonya (buat oleh oleh pulang dri main wkwk) emg enak sih kopi tuku,1979851170173866142,,_chowoodzyoun,in,,0,1,0,https://x.com/seobholic/status/1979851170173866142,1239544917237497856,seobholic
1979849124251083038,2025-10-19 09:56:29+00:00,0,Kafein pada kopi tuku nih sangat mantap,1979849124251083038,,,in,,0,1,0,https://x.com/s3ptianiswp/status/1979849124251083038,156298140,s3ptianiswp
1979847006404452855,2025-10-19 09:48:04+00:00,4,"Pusing, butuh kopi.
Syukurnya yg ini udah ada di Bali, jadi nggak perlu nunggu adikku kalo pulang ke Bali 😅

📍 Toko Kopi Tuku https://t.co/yAtVvH7PXk",1979847006404452855,https://pbs.twimg.com/media/G3nUWPxW0AADbrj.jpg,,in,,0,1,0,https://x.com/desymiadaisy/status/1979847006404452855,101978648,desymiadaisy
1979842915347407245,2025-10-19 09:31:49+00:00,0,"Manifestnya, Ya Allah bangunin lebih pagi ya nanti malem
Dan kopi tuku masih se tumbler
Tp tetep ya Allah, tdr cepet bangunin cepet yak",1979842915347407245,,,in,,0,0,0,https://x.com/BabyMilliLover/status/1979842915347407245,115320947,BabyMilliLover
1979842543694356843,2025-10-19 09:30:20+00:00,0,me after drink kopi tuku: https://t.co/0UJtF8k4GN,1979842543694356843,https://pbs.twimg.com/media/G3nQTC7WAAAmHkm.jpg,,in,,0,0,0,https://x.com/syafaespa/status/1979842543694356843,848291419705843713,syafaespa
1979832394309099598,2025-10-19 08:50:49+00:00,0,@Ricbongg Bismillah Kopi tuku enak kykna uncle 😭😭😭,1979832597191827518,,Ricbongg,in,,0,0,0,https://x.com/dbeztvirgo22/status/1979832597191827518,221772610,dbeztvirgo22
1979831831966204404,2025-10-19 08:47:46+00:00,0,"Spill diskon shopeefood spesial kopi pilihan

Kopi Calf
https://t.co/9JZ29zIs09

Kopi Tuku
https://t.co/vkZDvhSw1K

Kopi Philosophy
https://t.co/Q7X7vX5fiP

Kopi Kenangan
https://t.co/W98Ul1yEow

Janji Jiwa
https://t.co/4Ruwz0dceq",1979831831966204404,,,in,,0,0,0,https://x.com/ike_tjn/status/1979831831966204404,513346093,ike_tjn
1979827620020998564,2025-10-19 08:31:02+00:00,1,"ya Allah ini kopi tuku pke biji kopi ape? gue smpe gemeteral, pusing, muntah (udh 4x)",1979827620020998564,,,in,,1,0,0,https://x.com/shazhimiii/status/1979827620020998564,1794588601550065664,shazhimiii
1979810519050801414,2025-10-19 07:23:05+00:00,0,KOPI DARI TANI ENAK BANGET HEIIII RASANYA MIRIP TUKU TAPI BUKAN TUKU TAPI CREAMYNYA PAS HEI NIKMAT MANA YANG ENGKAU DUSTAKAN,1979810519050801414,,,in,,0,0,0,https://x.com/pusingmaxxing/status/1979810519050801414,1455841360179707908,pusingmaxxing
1979809984411226212,2025-10-19 07:20:58+00:00,1,Mw kopi tuku 🥹,1979809984411226212,,,in,,0,0,0,https://x.com/Kinanasmr/status/1979809984411226212,1937523147814895616,Kinanasmr
1979803804917997878,2025-10-19 06:56:24+00:00,0,otw kopi tuku grenwisss,1979803804917997878,,,in,,0,1,0,https://x.com/opowaeeeee/status/1979803804917997878,1742038516794843136,opowaeeeee
1979789990621286744,2025-10-19 06:01:31+00:00,0,kopi tuku 🤤,1979789990621286744,,,in,,0,0,0,https://x.com/shoyodd/status/1979789990621286744,1418268743264661508,shoyodd
1979778917612617866,2025-10-19 05:23:16+00:00,0,@jaeyunjin_ Kamu pake baju apa kaakk?? Aku di depan kopi tuku,1979780367138836818,,jaeyunjin_,in,,0,0,0,https://x.com/only_cream08/status/1979780367138836818,1251276305791774721,only_cream08
1979778810402013579,2025-10-19 05:17:05+00:00,0,"Spill promo kopi shopeefood

Kopi Calf
https://t.co/9JZ29zIs09

Kopi Tuku
https://t.co/vkZDvhSw1K

Kopi Philosophy
https://t.co/Q7X7vX5fiP

Kopi Kenangan
https://t.co/W98Ul1yEow

Janji Jiwa
https://t.co/4Ruwz0dceq",1979778810402013579,,,in,,0,0,0,https://x.com/ike_tjn/status/1979778810402013579,513346093,ike_tjn
1979778703724097771,2025-10-19 05:16:40+00:00,0,"Promo Shopeefood

Richeese Factory
https://t.co/X5xzftCmQr

Mie Gacoan
https://t.co/uK4Nk85zDR

Kopi Tuku
https://t.co/8f8QnxQkzR

Kopi Calf
https://t.co/aYi30ER6AE

Sec Bowl
https://t.co/gzrzCWFzQB

Kopi Kenangan
https://t.co/6aZsUM5IHV

Tomoro Coffee
https://t.co/hyZBY0FWSf https://t.co/FlWaUfmZDq",1979778703724097771,https://pbs.twimg.com/media/G3mWOv7WEAAggQS.jpg,,in,,0,0,0,https://x.com/3esihma/status/1979778703724097771,1847151278776111104,3esihma
1979777890708603168,2025-10-19 05:13:33+00:00,0,"Tuku Kopi yang Es Kopi Susu Tetangga my top 1 perkopian!
Kopinya berasa tapi tetep creamy, enak bangettt😭
https://t.co/7W8T8K9jCL
Kamu harus coba!￼",1979777921868018064,,osengpetehek,in,,0,0,0,https://x.com/osengpetehek/status/1979777921868018064,1580894513572507653,osengpetehek
1979777890708603168,2025-10-19 05:13:26+00:00,0,"Hari Minggu masih kerja, ngejar apa sihh😭
Untung ditemenin kopi favorite
Tuku Kopi to the rescue￼ https://t.co/bnXolxKm6y",1979777890708603168,https://pbs.twimg.com/media/G3mVftYWAAAITEp.jpg,,in,,0,1,0,https://x.com/osengpetehek/status/1979777890708603168,1580894513572507653,osengpetehek
1979729209263300986,2025-10-19 04:18:24+00:00,0,"@shychop4th blok m, minum kopi tuku yeah🤤🤤",1979764043587191033,,shychop4th,in,,0,1,0,https://x.com/ecslipsew/status/1979764043587191033,1390939510377119744,ecslipsew
1979741931493343493,2025-10-19 04:05:51+00:00,0,@needalilrest Kopi tuku,1979760881593684420,,needalilrest,in,,0,1,0,https://x.com/masalaheee/status/1979760881593684420,2920535418,masalaheee
1979407898087428265,2025-10-18 11:32:50+00:00,0,@smileafterkiss Kopi tuku 2 gelas,1979510982797115583,,smileafterkiss,in,,0,0,0,https://x.com/RanPra1290/status/1979510982797115583,1892386879,RanPra1290
1979465282184687861,2025-10-18 10:51:20+00:00,0,"@KOPlTUKU @muncorner Gua suka kopi, tapi kalau tuku blm nyoba",1979500540683059480,,r__3mi,in,,0,0,0,https://x.com/Druegij/status/1979500540683059480,1909584249340280833,Druegij
1979498387071521109,2025-10-18 10:42:47+00:00,0,Sebuah ide yg seru besok lari sambil beli Kopi Tuku,1979498387071521109,,,in,,0,1,0,https://x.com/catpatrolll/status/1979498387071521109,88343779,catpatrolll
1979493146162823398,2025-10-18 10:21:57+00:00,0,"minimal sebulan sekali minum kopi tuku, minimal banget 🥰☝️",1979493146162823398,,,in,,0,0,0,https://x.com/akanaechi/status/1979493146162823398,1300968355281604608,akanaechi
1979453751841935858,2025-10-18 10:21:10+00:00,0,@congggski Dikira disana ada kopi tuku dll,1979492947604406430,,congggski,in,,0,1,0,https://x.com/syannastasja/status/1979492947604406430,65639109,syannastasja
1979476631917125906,2025-10-18 09:16:20+00:00,14,kopi yang enak apa sihh selain tuku gabisa gofood,1979476631917125906,,,in,,0,15,0,https://x.com/tinkerabels/status/1979476631917125906,1228892910453571584,tinkerabels
1978790011752624588,2025-10-18 08:53:18+00:00,0,@nocturnalcutie kopken matcha sm kopi + kopi tuku🤩🍀,1979470833732202822,,nocturnalcutie,in,,0,0,0,https://x.com/makeitkrystale/status/1979470833732202822,1271805041075032064,makeitkrystale
1979465452100424029,2025-10-18 08:31:55+00:00,0,"Spill promo kopi shopeefood

Kopi Calf
https://t.co/9JZ29zIs09

Kopi Tuku
https://t.co/vkZDvhSw1K

Kopi Philosophy
https://t.co/Q7X7vX5fiP

Kopi Kenangan
https://t.co/W98Ul1yEow

Janji Jiwa
https://t.co/4Ruwz0dceq",1979465452100424029,,,in,,0,0,0,https://x.com/ike_tjn/status/1979465452100424029,513346093,ike_tjn
1979372476661666215,2025-10-18 07:32:38+00:00,0,"Lama ga ke Tuku, enak banget anjir kopi nya 😭",1979450536475922749,,YogurtSinbiotik,in,,0,0,0,https://x.com/YogurtSinbiotik/status/1979450536475922749,289127749,YogurtSinbiotik
1979450112964464821,2025-10-18 07:30:57+00:00,0,"TERNYATA ADA TUKU DI HERO WKWKWKWK BABAY FORE BABAY KOPKEN BABAY JANJIW BABAY SEMUA KOPI KAFE 
HIDUPKU AKAN PENUH TUKU SEKARANG",1979450112964464821,,,in,,0,0,0,https://x.com/ansadmirer/status/1979450112964464821,1793293390819528704,ansadmirer
1979439084486693302,2025-10-18 06:47:08+00:00,0,alfamart lgi banyak promo yoo jirr 😭 mau sebelahe kopi tuku onok alfa tpi malah lali ga mampir 😔 ilenge ps ws tekan pasar turi 😔😭,1979439084486693302,,,in,,0,0,0,https://x.com/ris_osh/status/1979439084486693302,1540571078044848128,ris_osh
1979436268510679534,2025-10-18 06:35:57+00:00,0,next maw cobain kopi tuku https://t.co/k2wGPhRaMz,1979436268510679534,https://pbs.twimg.com/media/G3heyprWEAAeW-j.jpg,,in,,0,0,0,https://x.com/cloudintheskye_/status/1979436268510679534,1248544498944110597,cloudintheskye_
1979415467757572476,2025-10-18 06:12:51+00:00,0,@Sulihen11 Favorit saya dan keluarga. Kopi Tuku. 😅,1979430456337772584,,Sulihen11,in,,0,1,0,https://x.com/Fasd0129/status/1979430456337772584,1931024471101689856,Fasd0129
1979424730043343093,2025-10-18 05:50:06+00:00,0,Berharap opo karo wong seng tuku kopi e ndadak mikir,1979424730043343093,,,in,,0,0,0,https://x.com/vicifebriansyah/status/1979424730043343093,250118141,vicifebriansyah
1979414787160502463,2025-10-18 05:10:35+00:00,0,Pengen cobain tuku tapi aku suka degdegan klo minum kopi,1979414787160502463,,,in,,0,1,0,https://x.com/vantaejung/status/1979414787160502463,1263301812888629248,vantaejung
1979408636251357624,2025-10-18 04:46:11+00:00,0,"Toko Kopi Tuku sekarang ada di ShopeeFood! Pesan Sekarang, langsung diantar. https://t.co/KrnP9XEOfU

#kopituku #racundfitria",1979408645197828560,,shopingyukkk,in,,0,0,0,https://x.com/shopingyukkk/status/1979408645197828560,1712487192684318720,shopingyukkk
1979401604706242906,2025-10-18 04:25:19+00:00,0,"@ekawicaksana Kopi ""Tuku"" buatan istri

Indahnya akhir pekan~ https://t.co/osXgsIsKGa",1979403392775786943,https://pbs.twimg.com/media/G3hAxtTXUAAWdPX.jpg,ekawicaksana,in,,0,0,0,https://x.com/qepo_s/status/1979403392775786943,478563619,qepo_s
1979159251604889791,2025-10-18 02:29:49+00:00,0,@FOOD_FESS sp yang suka beli kopi tuku? 🤤 https://t.co/pYNlAHWTo9,1979374329537401187,https://pbs.twimg.com/media/G3gmdI2WwAEX5gy.jpg,FOOD_FESS,in,,0,0,0,https://x.com/callmeveeraa/status/1979374329537401187,1801239502587068416,callmeveeraa
1978790011752624588,2025-10-18 01:37:07+00:00,0,@nocturnalcutie kopi tuku,1979361066426732786,,nocturnalcutie,in,,0,0,0,https://x.com/daisyimply/status/1979361066426732786,1222017053600534529,daisyimply
1979349595663798579,2025-10-18 00:51:32+00:00,0,"Dulu sepedaan bisa 20km-an pp, pernah 40km pp demi mengunjungi kopi tuku yg jauh itu 🤣
Sekarang mah 5km aja kek mau mati 😭🔥 https://t.co/pyWiAIMJKV",1979349595663798579,https://pbs.twimg.com/media/G3gP96OWwAAulBx.jpg,,in,,1,1,0,https://x.com/tanzheyuanci/status/1979349595663798579,944197344186179585,tanzheyuanci
1979194057755627721,2025-10-18 00:34:50+00:00,0,"@tegalfess bisa sing penting aja sering maring cafe bae, mending tuku kopi kapal geni dinung dewek",1979345392996331776,,tegalfess,in,,0,0,0,https://x.com/dururururu_hoy/status/1979345392996331776,1589664764980269057,dururururu_hoy
1979338078058877239,2025-10-18 00:05:46+00:00,0,"Promo Shopeefood

Mie Gacoan
https://t.co/xQpomX0s8D

Kopi Tuku
https://t.co/fdvvWdnAZo

Republic Kebab
https://t.co/voOTkXd9py

HokBen
https://t.co/leSQSnV5Yr

Fish Streat
https://t.co/9WaCSsWH71

Fore Coffee
https://t.co/EznFWy25jZ

Circle K
https://t.co/3UQJlfMceB https://t.co/lqn76LbwqR",1979338078058877239,https://pbs.twimg.com/media/G3gFe2uXkAAc9-P.jpg,,in,,0,0,0,https://x.com/3esihma/status/1979338078058877239,1847151278776111104,3esihma
1979260779808591896,2025-10-17 19:01:29+00:00,0,"2 gelas kopi tuku hari ini tidak memberikan tenaga untuk fitting seharian tadi, cuma dapet kebelet buang air kecil aja😭",1979261503388946529,,iatepanini,in,,0,0,0,https://x.com/iatepanini/status/1979261503388946529,1103475670280073216,iatepanini
1979155212695933071,2025-10-17 16:59:49+00:00,0,@dtnxxna Bocah kalcer itu yg klo nongkrong di kopi tuku blokm🤘,1979230882532855925,,dtnxxna,in,,0,0,0,https://x.com/masdepnyaShuaaa/status/1979230882532855925,1490539839535861761,masdepnyaShuaaa
1979222215959957896,2025-10-17 16:25:23+00:00,4,"for any of my moots who are mentally struggling pls dont take your own life. mending kita beli mie ayam terus makan es krim di kursi besi indomaret. please, i promise life will be worth living again. bertahan untuk indomie di jam 2 pagi, mie ayam, atau kopi tuku.",1979222215959957896,,,in,,0,0,0,https://x.com/nabiurban__/status/1979222215959957896,1612611055322304512,nabiurban__
1979207260586045597,2025-10-17 15:25:57+00:00,0,"Fuck fomo kopi tuku, aku tetap loyal dengan kopi Cak Ri",1979207260586045597,,,in,,0,0,0,https://x.com/valiantmahdi/status/1979207260586045597,45808161,valiantmahdi
1979184737093898627,2025-10-17 13:56:27+00:00,2,"Fuck fomo kopi tuku, aku tetap setia dengan good day",1979184737093898627,,,in,,0,2,0,https://x.com/sincheri/status/1979184737093898627,781000026654928896,sincheri
1979178012840202687,2025-10-17 13:29:44+00:00,0,"abis beli kopi tuku trs abang gojeknya bilang ""atas nama xinlong"" IYA BANG NAMA KU XINLONGGG😭😭🥹😭🥹",1979178012840202687,,,in,,0,0,0,https://x.com/hanjustbme/status/1979178012840202687,1860391674691878913,hanjustbme
1979177227209015513,2025-10-17 13:26:36+00:00,0,"Nih ke tuku pesen kopi yang di inget malah ""aku kalo gak minum kopi palanya nyut²an, aku harus minum kopi, kopi apapun itu""

Gak suka banget nih kalo keingetnya ini :)",1979177227209015513,,,in,,0,0,0,https://x.com/rizkydimas_139/status/1979177227209015513,1199658386830135296,rizkydimas_139
1979162770928267611,2025-10-17 12:29:10+00:00,0,"1. Tuku: kopi susu tetangga, less sugar, extra caramel
2. Calf: premium, less sugar
3. Point: palm sugar, himalayan butter
4. Fore: buttercream tiramisu less sugar, kopi dari tani
5. Famima: ksk
6. Kopken: kenangan mantan, creamy aren latte less sugar
7. Tomoro: pistachio latte",1979162770928267611,,,in,,0,2,0,https://x.com/micacuw/status/1979162770928267611,3186852593,micacuw
1978991550320234954,2025-10-17 11:54:48+00:00,0,@ayubsr asal ada kopi tuku semua aman,1979154121417425074,,ayubsr,in,,0,0,0,https://x.com/randomlyclipz/status/1979154121417425074,1907055545359720449,randomlyclipz
1978741267803861046,2025-10-17 11:36:04+00:00,0,@alergimalam kopi tuku🤤,1979149409930875116,,alergimalam,in,,0,1,0,https://x.com/arsyamlambunk/status/1979149409930875116,1294115161905618947,arsyamlambunk
1979134564661629322,2025-10-17 10:37:05+00:00,0,"Spill promo kopi shopeefood

Kopi Calf
https://t.co/9JZ29zIs09

Kopi Tuku
https://t.co/vkZDvhSw1K

Kopi Philosophy
https://t.co/Q7X7vX5fiP

Kopi Kenangan
https://t.co/W98Ul1yEow

Janji Jiwa
https://t.co/4Ruwz0dceq",1979134564661629322,,,in,,0,0,0,https://x.com/ike_tjn/status/1979134564661629322,513346093,ike_tjn
1979133927194529859,2025-10-17 10:34:33+00:00,0,"Promo Shopeefood

HokBen
https://t.co/vxCyXhL1IT

Sushi Yay
https://t.co/Fa3Nagdo5i

Mie Gacoan
https://t.co/WdBcVvYICQ

Kopi Tuku
https://t.co/PVQDG8YoJT

Jatinangor House
https://t.co/DTVgNVBcjU

Burger Bangor
https://t.co/ZRe0VjMKvT

Richeese Factory
https://t.co/HuyWzhDZo1 https://t.co/O90zPIW16I",1979133927194529859,https://pbs.twimg.com/media/G3dLz2mWwAAkk3S.jpg,,in,,0,0,0,https://x.com/3esihma/status/1979133927194529859,1847151278776111104,3esihma
1979114962434785402,2025-10-17 09:19:11+00:00,1,"menemani apus ke heykama, teruus dapet kopi tuku gratiis karena sudah review di gmapss wkwkwk

enaak ih 👍🏻🫠 https://t.co/EiaGfHF0XH",1979114962434785402,https://pbs.twimg.com/media/G3c6j-cWAAAH6Nj.jpg,,in,,0,0,0,https://x.com/stnsnw/status/1979114962434785402,1291707044618096640,stnsnw
1979112038279582096,2025-10-17 09:07:34+00:00,0,"kgn kopken, kgn kopi fm, kgn tuku 😔😔 alias kgn ngopiii",1979112038279582096,,,in,,0,0,0,https://x.com/itsmejenox/status/1979112038279582096,1474028444656685061,itsmejenox
1979094938143891929,2025-10-17 08:24:08+00:00,0,@hvancdreamflo akhirnyaaa kopi tuku ikut berbahagia,1979101105100337575,,hvancdreamflo,in,,0,1,0,https://x.com/thonadoly/status/1979101105100337575,1975367284739960832,thonadoly
1979074474969555103,2025-10-17 06:42:03+00:00,0,"kl kopinya aduh....kurang bisa disebut kopi 😭 kl kopi mah yg enak ttp tuku. kl ga couvee kl yg di jogja, tp masih enak tuku",1979075417706500224,,mooncakeslice,in,,0,0,0,https://x.com/mooncakeslice/status/1979075417706500224,229324595,mooncakeslice
1979073092124094901,2025-10-17 06:32:49+00:00,0,Wkakwkakw iki mah adit tuku point coffee https://t.co/hBMLjv1HG4,1979073092124094901,https://pbs.twimg.com/media/G3cUfOrXMAAfC4s.jpg,,in,,0,1,0,https://x.com/Rxfiiciel/status/1979073092124094901,1359353180044234756,Rxfiiciel
1979047277760061539,2025-10-17 06:07:46+00:00,0,@whosnalaaaaa ih jdi pgn kopi tuku de,1979066789805068682,,whosnalaaaaa,in,,0,1,0,https://x.com/hxechaniac/status/1979066789805068682,1826020904188653568,hxechaniac
1979062292118421652,2025-10-17 05:49:54+00:00,0,"Promo Shopeefood

Kopi Tuku
https://t.co/zEGtgVfHhl

Mie Gacoan
https://t.co/JKwSlvKG52

Dadar Beredar
https://t.co/0l76eoiYIx

Circle K
https://t.co/L3djO961zo

Solaria
https://t.co/Kr5rxVvxne

Kopi Calf
https://t.co/ThVNZ8IqtS

Yoshinoya
https://t.co/dQeGUoHUie https://t.co/rDTkYWREw6",1979062292118421652,https://pbs.twimg.com/media/G3cKqGEW0AAKSPP.jpg,,in,,0,0,0,https://x.com/pinkforestxoxo/status/1979062292118421652,1858457623684878336,pinkforestxoxo
1979060418401161421,2025-10-17 05:42:27+00:00,0,"Promo kopi pilihan shopeefood

Kopi Calf
https://t.co/9JZ29zHUaB

Kopi Tuku
https://t.co/vkZDvhRYcc

Kopi Philosophy
https://t.co/Q7X7vX4Hth

Kopi Kenangan
https://t.co/W98Ul1y6yY

Diskoj Janji Jiwa
https://t.co/4Ruwz0cEoS",1979060418401161421,,,in,,0,0,0,https://x.com/ike_tjn/status/1979060418401161421,513346093,ike_tjn
1978798046961184995,2025-10-17 05:13:02+00:00,0,"@NARAVITarts Agar bisa minum kopi tuku setiap hari, ya…? 😭",1979053014397702196,,UserGebe,in,,0,0,0,https://x.com/mainrpduluma/status/1979053014397702196,3133332014,mainrpduluma
1978790011752624588,2025-10-17 05:10:16+00:00,0,@nocturnalcutie kopi tuku sama nescafee,1979052318445441528,,nocturnalcutie,in,,0,0,0,https://x.com/jenjiyun/status/1979052318445441528,1462684587335684099,jenjiyun
1979045213122498746,2025-10-17 04:42:02+00:00,2,"guyss ada yg mau jastip kopi calf gaa? rasanya creamy bgt lebi enak dari tuku menurutku, lagii promooo yang 1 liter hanyaaa 90rb sajaa ready smi besok yaaa https://t.co/O00C9u14am",1979045213122498746,https://pbs.twimg.com/media/G3b7ID1bAAACZYP.jpg,,in,,0,1,1,https://x.com/SukabumiiFess/status/1979045213122498746,1403201063176458246,SukabumiiFess
1979042145907438075,2025-10-17 04:29:51+00:00,1,"gue dipercaya untuk rnd kopi lactose free untuk usaha temen gue🥺 surprisingly menu yg kita buat ini enak, makjay tuku sorry bgt nih gue akan berpaling karena gue udah nemuin formula yg rasanya nendang tapi anti sakit perut🙏🏻😭",1979042145907438075,,,in,,0,0,0,https://x.com/eajbrian/status/1979042145907438075,1111785033314926592,eajbrian
1979038447672188959,2025-10-17 04:15:09+00:00,0,"itu kopi tuku boleh di bawa sampe masuk venue ga, takut ngantuk enhypen perform tengah malem",1979038447672188959,,,in,,0,1,0,https://x.com/hooniedots/status/1979038447672188959,1593948966671958016,hooniedots
1979037196771377270,2025-10-17 04:10:11+00:00,0,"Promo Shopeefood

Sushi Yay
https://t.co/NB8C4GTX9U

Kopi Tuku
https://t.co/k2DaeL7frq

Momoyo
https://t.co/CpTRkZgYER

HokBen
https://t.co/DuSWtbpX0e

Solaria
https://t.co/NYozx8vRrW

Ayam Keprabon
https://t.co/VY9VNz6x8m

Burger Bangor
https://t.co/c7qu0t3Pgl https://t.co/yvLpcJxN4n",1979037196771377270,https://pbs.twimg.com/media/G3bz1WMWYAA9LZ9.jpg,,in,,0,0,0,https://x.com/3esihma/status/1979037196771377270,1847151278776111104,3esihma
1979024989857677418,2025-10-17 03:21:40+00:00,0,"List Promo Shopeefood

Mie Gacoan
https://t.co/M7FsxRGamv

Kopi Tuku
https://t.co/EF4lU4LuMh

Sushi Yay
https://t.co/MIqujo6imU

HokBen
https://t.co/vGoFuE5wrz

Macaroni Cuck
https://t.co/mNQEYHtRgs

Sec Bowl
https://t.co/w7BnQ9Va6h

Richeese Factory
https://t.co/5eWyOo2qp9 https://t.co/nDj9dcaC93",1979024989857677418,https://pbs.twimg.com/media/G3bou1PXsAAjde1.jpg,,in,,0,0,0,https://x.com/m_mola9591/status/1979024989857677418,1882643851107848192,m_mola9591
1979009289734746136,2025-10-17 03:11:27+00:00,0,@lilcrescent_ Aku malah ga cocok tuku krn kopinya tipikal kopi yg asem gt lambungku gakuat 🤣🤣,1979022418971697348,,lilcrescent_,in,,0,0,0,https://x.com/figzuserma/status/1979022418971697348,210796200,figzuserma
1979022181813178562,2025-10-17 03:10:31+00:00,0,"Promo Shopeefood

Circle K
https://t.co/X2g1J4qoiP

Kopi Tuku
https://t.co/nt3tYwNR8a

Nasi Kulit Gokskin
https://t.co/W7U4qWUfUr

Salad Hut
https://t.co/sIU7cE3EzO

Tahu Go!
https://t.co/2kEIytQwQR

Dapur Cokelat
https://t.co/SdFOC91z77

Burger Bangor
https://t.co/DBMFTbLslr https://t.co/sAQoPUU11b",1979022181813178562,https://pbs.twimg.com/media/G3bmLQOWQAAf0Mg.jpg,,in,,0,0,0,https://x.com/3esihma/status/1979022181813178562,1847151278776111104,3esihma
1979012983033327631,2025-10-17 02:33:58+00:00,1,pgn ke sby lagi menjemput my love kopi tuku,1979012983033327631,,,in,,0,1,0,https://x.com/estehjumbos/status/1979012983033327631,1527634936966283264,estehjumbos
1979009289734746136,2025-10-17 02:19:17+00:00,0,Kopi tani nya Tuku enakkkk 🫠,1979009289734746136,,,in,,0,1,0,https://x.com/lilcrescent_/status/1979009289734746136,1068419834587734016,lilcrescent_
1979003902407082117,2025-10-17 01:57:53+00:00,5,"hi guyss ada yg mau barter kuesioner? 

kriterianya usia 18-34 tahun, pengguna aktif instagram &amp; tau toko kopi tuku. bisa langsung reply/DM yaa!",1979003902407082117,,,in,,0,6,0,https://x.com/mudahkoyak/status/1979003902407082117,1544382889366016000,mudahkoyak
1978990283426500878,2025-10-17 01:03:46+00:00,7,"Fuck fomo kopi tuku, aku tetap setia dengan milo double teh poci🥰",1978990283426500878,,,in,,2,2,0,https://x.com/pureslytherine_/status/1978990283426500878,1745627036268515329,pureslytherine_
1978982398756032632,2025-10-17 00:32:26+00:00,0,"Promo Shopeefood

Mie Gacoan
https://t.co/SNOTNxhhrV

Kopi Tuku
https://t.co/LIeqjg9IGW

Republic Kebab
https://t.co/fNFG51r9T8

HokBen
https://t.co/GfzKXwDw73

Fish Streat
https://t.co/MmrKYcLdTf

Fore Coffee
https://t.co/zWrgj24RVy

Tomoro Coffee
https://t.co/Rz6pL9lMt7 https://t.co/wAqZYY5bKo",1978982398756032632,https://pbs.twimg.com/media/G3bB_nPWIAAEeW4.jpg,,in,,0,0,0,https://x.com/3esihma/status/1978982398756032632,1847151278776111104,3esihma
1978970520743002394,2025-10-16 23:45:14+00:00,1,"Kopi tuku kl disyukuri akan nikmat luar biasa

Tp nikmat ini bs sirna ketika liat temen SD yg dulu sm2 minum es mambo skrg postingannya sering ngopi di cafe view kabbah, menara Epel, dll

Tinggal pilih. Mau terus fokus liat ke atas atau liat abang starling lg ngaduk kapal api",1978970520743002394,,,in,,0,0,0,https://x.com/Marcode991/status/1978970520743002394,1467151856560271363,Marcode991
1978848068276515317,2025-10-16 15:38:39+00:00,0,"Halo adakah yg rumahnya di daerah bintaro-tanggerang dan nonton day 2 sektor k berangkat hari h pagi ? Aku mau ajak naik grab bareng tikum di toko kopi tuku sektor 1
Paling sharing gtab + emoney aja",1978848068276515317,,,in,,0,0,1,https://x.com/jayikeuwon/status/1978848068276515317,361757035,jayikeuwon
1978843489199632426,2025-10-16 15:24:19+00:00,0,"dari semuanya, kopi tuku yg paling best sih 🫰🏻🫰🏻",1978844463238656129,,blossombbiel,in,,0,0,0,https://x.com/blossombbiel/status/1978844463238656129,1641339709384454144,blossombbiel
1978803875009511607,2025-10-16 15:16:00+00:00,0,@minjunseoo aku dah siap maem lasagna sama minum kopi tuku 🤗🤗,1978842368754278427,,minjunseoo,in,,0,1,0,https://x.com/vanilliblue/status/1978842368754278427,1429452067681103880,vanilliblue
1978683176282202281,2025-10-16 04:43:26+00:00,0,nyobain kopi tuku for the first time,1978683176282202281,,,in,,0,1,0,https://x.com/dearjkv/status/1978683176282202281,1401030054,dearjkv
1978681363692712337,2025-10-16 04:36:13+00:00,1,habis wawancara kerja langsung self reward beli kopi tuku wkwkw,1978681363692712337,,,in,,0,1,0,https://x.com/dearjkv/status/1978681363692712337,1401030054,dearjkv
1978680506888634513,2025-10-16 04:32:49+00:00,1,"ㅤ
[📦] a package has been sent
ㅤ     to @bitterstains 

""Assalamualaikum, sayang! Hari ini aku lagi males masak. Tapi pengen bikin pisang goreng krispi pakai wijen. Dan mampir ke Tùku juga buat beli kopi. Bagi-bagi juga ke yang lain, dan simpen kopinya buat besok lagi ❤️""
ㅤ https://t.co/VpKBq41XVW",1978680506888634513,https://pbs.twimg.com/media/G3WvaxcbwAAKzUG.jpg,,in,,1,0,1,https://x.com/amertaprosa/status/1978680506888634513,2922005293,amertaprosa
1978446250031661343,2025-10-16 04:21:25+00:00,0,"@icikiwirr__ ah yg benul, biasa kopi hitam tuku yg menghalau gess",1978677635640160394,,icikiwirr__,in,,0,1,0,https://x.com/Sealmoon__/status/1978677635640160394,232570926,Sealmoon__
1978640764885426663,2025-10-16 01:54:54+00:00,0,"Promo Shopeefood

Kopi Tuku
https://t.co/orzxaGmehm

HokBen
https://t.co/FOJKQ5t9ZN

Republic Kebab
https://t.co/Q1BJd83R5A

Fish Streat
https://t.co/1E4AeLLr8o

Burger Bangor
https://t.co/mczqKAaWMJ

Tahu Go!
https://t.co/t4UAXlPDoo

Tomoro Coffee
https://t.co/Jtz9T4MvaI https://t.co/WxtbJdVKfv",1978640764885426663,https://pbs.twimg.com/media/G3WLR-ZbcAARUXf.jpg,,in,,0,0,0,https://x.com/3esihma/status/1978640764885426663,1847151278776111104,3esihma
1978640437041848789,2025-10-16 01:53:36+00:00,2,"Tuku emng jangan pesen Americano... Mending kopi filter pagi/sore, beda 2ribut tapi lebih enak https://t.co/u8UFQUIk85",1978640437041848789,https://pbs.twimg.com/media/G3WKyRWbEAAkHUL.jpg,,in,,0,0,0,https://x.com/R_halawi/status/1978640437041848789,97849330,R_halawi
1978622963474702379,2025-10-16 01:36:06+00:00,0,@yetaxo Dkriuk juga adaaa ba kopi tuku jg boleeh 😭,1978636034360676599,,yetaxo,in,,0,0,0,https://x.com/y0unkuza/status/1978636034360676599,1277631223699927042,y0unkuza
1978627109389029599,2025-10-16 01:00:38+00:00,0,"Kopi tuku
Gultik wkwkwk

Tp asli blok m serame itu anjir, nyari parkir sama jalan jalannya lamaan nyari parkirnya",1978627109389029599,,,in,,0,0,0,https://x.com/acckesurupan/status/1978627109389029599,1431218424642891776,acckesurupan
1978542115031330960,2025-10-15 19:22:54+00:00,0,"Kopi tuku manjur bgt, pdhl skrg udh pgn tidur",1978542115031330960,,,in,,0,1,0,https://x.com/Pinguinukep/status/1978542115031330960,1434538285104173066,Pinguinukep
1978536819370123719,2025-10-15 19:01:51+00:00,0,Eh gila ya kopi tuku ini gw gabisa tidur bjir,1978536819370123719,,,in,,0,0,0,https://x.com/sasageyossgy/status/1978536819370123719,1104340435844001793,sasageyossgy
1978340809104556225,2025-10-15 18:19:48+00:00,0,@zeusdawterr kopinya aku kopi tuku,1978526237480861949,,zeusdawterr,in,,0,0,0,https://x.com/susahmiskin___/status/1978526237480861949,1709043483548471296,susahmiskin___
1978494797498499543,2025-10-15 16:14:53+00:00,0,"hari ini pesen kopi tuku tapi dianterinnya salah, terus ngajuin complaint dan pesenannya diganti 2 cup 🥹 much appreciated, terima kasih tuku 🤍 https://t.co/jaoRjUVwpe",1978494797498499543,https://pbs.twimg.com/media/G3UGhqIaYAAabPN.jpg,,in,,0,1,0,https://x.com/gedubraque/status/1978494797498499543,848102895786446850,gedubraque
1978420637732368517,2025-10-15 15:39:56+00:00,0,"@tanyarlfes Tuku, kopi family mart",1978486001912930722,,tanyarlfes,in,,0,0,0,https://x.com/shaddychuu/status/1978486001912930722,1509623696566394880,shaddychuu
1978482543109591057,2025-10-15 15:28:06+00:00,0,Aku sih kebetulan udah pernah ngerasain yg diluar kota jadi gak sepenasaran itu. Kopi susu tetangga + keramahan baristanya sih yg bikin selalu kangen tuku 🥰,1978483026599539133,,nmaaassssss,in,,0,1,0,https://x.com/nmaaassssss/status/1978483026599539133,1584806102,nmaaassssss
1978475645614350483,2025-10-15 14:58:46+00:00,0,Kopi tuku next,1978475645614350483,,,in,,0,0,0,https://x.com/aiisily/status/1978475645614350483,918732647441973248,aiisily
1977580595107828045,2025-10-15 14:47:08+00:00,0,@rubygimx ini? sama kopi tuku kangennya??,1978472716744425730,,rubygimx,in,,0,1,0,https://x.com/bokemsejati/status/1978472716744425730,1538047408684183552,bokemsejati
1978469109357756438,2025-10-15 14:32:48+00:00,0,Kopi bulan ini mending apa? Menurut kalian enak tuku atau makmur? Aku belum pernah beli tuku soalnya:(,1978469109357756438,,,in,,0,3,0,https://x.com/tebakaksyapa/status/1978469109357756438,1444895331099938816,tebakaksyapa
1978446262576771165,2025-10-15 13:26:52+00:00,13,@vctrkmng Barusan jg ke Pancoran dari arah Ps.Minggu. Kondisi sama. Bedanya pom BP masih terpantau ramai. Karena ada Kopi Tuku,1978452517697568926,,vctrkmng,in,,0,1,0,https://x.com/gstprdt/status/1978452517697568926,175388407,gstprdt
1978069649053950205,2025-10-15 12:46:26+00:00,0,"@xolousvoyez Dekat dengan area Dukuh Atas, nah bisa tuh naik LRT ke Dukuh Atas ahahaha. 
Di sana ada point coffee dekat pintu E MRT Dukuh Atas, Famima juga ada, TUKU juga ada. 
Dan ada cafe kesukaanku itu namanya Pan Cafe.",1978442343163257314,,xolousvoyez,in,,0,0,0,https://x.com/theunknownm4n/status/1978442343163257314,729424668,theunknownm4n
1978427675245986240,2025-10-15 11:48:09+00:00,0,top-tier kopi susu jatuh kepada tuku!!,1978427675245986240,,,in,,0,0,0,https://x.com/croissoneau/status/1978427675245986240,1866060116119977984,croissoneau
1978419398080651475,2025-10-15 11:15:17+00:00,0,"kayanyaa tuh aku bener"" harus detox dari perkopi""an deh🥲 (tp kopi tuku enak bgt gimana dong)",1978419403222827518,,yashhbabyygurlz,in,,0,0,0,https://x.com/yashhbabyygurlz/status/1978419403222827518,1133919968947449863,yashhbabyygurlz
1978408108612276517,2025-10-15 10:30:24+00:00,0,Tiba2 pingin kopi tuku tetangga,1978408108612276517,,,in,,0,0,0,https://x.com/fidadirya/status/1978408108612276517,272381892,fidadirya
1978404768709026292,2025-10-15 10:17:08+00:00,0,Kopi tuku and hokben,1978404768709026292,,,in,,0,0,0,https://x.com/byrdzxmb/status/1978404768709026292,21555742,byrdzxmb
1978401719043407953,2025-10-15 10:05:01+00:00,5,"Tuku kopi Tuku
Tumbas kopi Tuku
Beli kopi Tuku
Kopine di Tuku
Tumbase di kopi Tuku
Tukune di kopi Tuku 
Aaaassssstttttt... Cape untung ada kopi 😘🌧️ https://t.co/QhLTcmVblQ",1978401719043407953,https://pbs.twimg.com/media/G3Sx4MJaoAAtKL9.jpg,,in,,0,1,0,https://x.com/rosee_203/status/1978401719043407953,1844240566802055170,rosee_203
1978379530906615934,2025-10-15 08:36:51+00:00,0,bm kopi tuku,1978379530906615934,,,in,,0,0,0,https://x.com/tyastristaaa/status/1978379530906615934,330794074,tyastristaaa
1967073927940960575,2025-10-15 08:05:39+00:00,0,"@kusixr #Lyn

Cocok cocokkan sih, Zo. Saya lebih sering Palm sugar poin coffee enak, butterscotch fore udah juaranya, sama kopi susu tetangga extra caramel Tuku.",1978371677995061725,,kusixr,in,,2,1,0,https://x.com/matchxlatte_/status/1978371677995061725,982071877920108544,matchxlatte_
1978107669220143206,2025-10-15 07:55:16+00:00,0,@hlgnsnymbk @hukumkirchof kopi tuku cok gek ndang rene,1978369064855535668,,hlgnsnymbk,in,,0,0,0,https://x.com/tomowrey/status/1978369064855535668,1796219105034514432,tomowrey
1978107669220143206,2025-10-15 07:53:53+00:00,0,@hlgnsnymbk @hukumkirchof ndang rene tuku kopi ((beneran ora bohong)),1978368718984860154,,hlgnsnymbk,in,,0,1,0,https://x.com/tomowrey/status/1978368718984860154,1796219105034514432,tomowrey
1978364934200189078,2025-10-15 07:38:51+00:00,0,kopi tuku ternyata enak ya maap br coba krn dr dulu underestimate lol😭,1978364934200189078,,,in,,0,0,0,https://x.com/switzaly/status/1978364934200189078,1663081443474694144,switzaly
1978358059102543922,2025-10-15 07:11:32+00:00,0,"NGOPI SEKALI DI SINI, AUTO KETAGIHAN 😭 Kopi Tuku emang beda banget! https://t.co/m3SJKLgPd4 https://t.co/lA7TV8JKb9",1978358059102543922,https://pbs.twimg.com/media/G3SKKrpaIAA937X.jpg,,in,,0,0,0,https://x.com/witrisyahputri/status/1978358059102543922,71719121,witrisyahputri
1978352596931760610,2025-10-15 06:49:49+00:00,0,"Promo kopi recomended shopee

Kopi Calf
https://t.co/9JZ29zHUaB

Kopi Tuku
https://t.co/vkZDvhRYcc

Kopi Philosophy
https://t.co/Q7X7vX4Hth

Kopi Kenangan
https://t.co/W98Ul1y6yY

Janji Jiwa
https://t.co/4Ruwz0cEoS",1978352596931760610,,,in,,0,0,0,https://x.com/ike_tjn/status/1978352596931760610,513346093,ike_tjn
1978347302528897487,2025-10-15 06:28:47+00:00,1,kopi tuku enak bgt ya allah,1978347302528897487,,,in,,0,1,0,https://x.com/k0pitanpagula/status/1978347302528897487,181409742,k0pitanpagula
1978332977718256066,2025-10-15 05:31:52+00:00,0,"Diskon shopeefood spesial kopi favoritmu

Kopi Calf
https://t.co/9JZ29zHUaB

Kopi Tuku
https://t.co/vkZDvhRYcc

Kopi Philosophy
https://t.co/Q7X7vX4Hth

Kopi Kenangan
https://t.co/W98Ul1y6yY

Janji Jiwa
https://t.co/4Ruwz0cEoS",1978332977718256066,,,in,,0,0,0,https://x.com/ike_tjn/status/1978332977718256066,513346093,ike_tjn
1978327272135196950,2025-10-15 05:09:11+00:00,0,"Lha kowe?
Tuku Coffee maker kok sogokane airfryer.
Akhire tep keno iPhone kan, Yem? 🤣🤣🤣🤣🤣",1978327272135196950,,,in,,0,2,0,https://x.com/picoez/status/1978327272135196950,22225830,picoez
1978326254764933309,2025-10-15 05:08:26+00:00,0,@munvess Kopi taninya tuku udah pernah belum?,1978327080162021707,,munvess,in,,1,0,0,https://x.com/tamaneigi/status/1978327080162021707,4782818216,tamaneigi
1978304863181164835,2025-10-15 03:40:09+00:00,0,Klo ada cewe gila fans no 1 kopi tuku sampai topik tugasnya pun ttg kopi tuku itu kakakku,1978304863181164835,,,in,,0,0,0,https://x.com/fehlinginluv/status/1978304863181164835,1929486922965266432,fehlinginluv
1978298730148163611,2025-10-15 03:15:46+00:00,8,"disediain mesin kopi di kantor lengkap dari yg otomatis smp yg ribet, susu sm kopinya juga ada, tapi tetep lebih suka tuku😂",1978298730148163611,,,in,,1,2,0,https://x.com/disojuin/status/1978298730148163611,336462749,disojuin
1978277810541129882,2025-10-15 02:58:57+00:00,0,@noturbest Kopi tuku,1978294495796961748,,noturbest,in,,0,0,0,https://x.com/carisahmad/status/1978294495796961748,1284751152060354561,carisahmad
1978290049557954971,2025-10-15 02:41:17+00:00,0,"Promo Shopeefood

Momoyo
https://t.co/DOZ02kHJPy

Mie Gacoan
https://t.co/FWmXftbvdN

Sushi Yay
https://t.co/OBBlPKo4qF

Kopi Tuku
https://t.co/JrOZZXnOOD

Macaroni Cuck
https://t.co/M4Dp5f4ZRr

Richeese Factory
https://t.co/Rx9e6UU9Y7

Mixue
https://t.co/0N7LSkgHsf https://t.co/IbaTyvfgqq",1978290049557954971,https://pbs.twimg.com/media/G3RMTj_bAAAeh9L.jpg,,in,,0,0,0,https://x.com/pinkforestxoxo/status/1978290049557954971,1858457623684878336,pinkforestxoxo
1978283790008017078,2025-10-15 02:16:24+00:00,0,kak amoy ini belum ada lanjutannya atau harus aku kirim kopi susu tetangganya tuku baru dilangjut yh?? kadung mewek gue kakkk 😭😭😭,1978283790008017078,,,in,,0,1,0,https://x.com/smkaoau/status/1978283790008017078,1537340078053556226,smkaoau
1977735162818416969,2025-10-13 14:03:08+00:00,0,"@kiorcally ""yauda nanti aku bawain kopi tuku sama donat bahagia buat camilan nonton kita deh... """,1977736866309779582,,kiorcally,in,,0,1,0,https://x.com/vvaterforest/status/1977736866309779582,1675269623741308928,vvaterforest
1977734409982779618,2025-10-13 13:53:22+00:00,0,Ternyata kopi tuku gak mashookk di lidah ini,1977734409982779618,,,in,,0,0,0,https://x.com/neuralgins/status/1977734409982779618,78257647,neuralgins
1977727882836189513,2025-10-13 13:45:49+00:00,0,@setelahberpikir Gak minum KopKen tapi alternatifnya minum Tuku/Calf/Fore/Point Coffee 😅,1977732510722515448,,setelahberpikir,in,,0,1,0,https://x.com/vinnsley_shaun/status/1977732510722515448,1672611946661822465,vinnsley_shaun
1975473585813848074,2025-10-13 13:22:30+00:00,0,"@sunglhyun Ehh jadi abang gajadi beli kopi tuku kah? Berarti biar ga ngantri panas panasan, abang ngantri gultiknya pas malem aja bang wkwkwkwkkw",1977726642727313449,,sunglhyun,in,,0,1,0,https://x.com/Sungcanm/status/1977726642727313449,1525802770535620609,Sungcanm
1977496696407097624,2025-10-13 13:12:07+00:00,3,"since this tweet is getting numbers, here’s a list of places:

📍warung nasi ibu imas (jukutnya debes!)
📍lontong cibadak (isi oncom sama ayam best!)
📍dimsum sembilan ayam (hakaunya mantep!)
📍makmur jaya coffee and roaster (kt gw kopsus makjay lebih enak dari tuku)",1977724027645898779,,memmbasuh,in,,0,1,0,https://x.com/memmbasuh/status/1977724027645898779,1552285373593690117,memmbasuh
1977697740546036058,2025-10-13 11:27:39+00:00,0,Sakau kopi tuku pls,1977697740546036058,,,in,,0,0,0,https://x.com/seorangjawir/status/1977697740546036058,877864330879946753,seorangjawir
1977690881261277613,2025-10-13 11:00:24+00:00,0,bayangin tiap pagi ketemu albon di tuku dukuh atas lg ngantri kopi sambil nenteng tas laptop sama mantengin hp liatin jadwal meeting sama klien 😭😭😭,1977690881261277613,,,in,,0,0,0,https://x.com/jonginiebae/status/1977690881261277613,1045018121239650305,jonginiebae
1977689190155645205,2025-10-13 10:53:41+00:00,0,"kata temen w ""3 bulan tanpa jajan kopi tuku, mahe, dimsum madina, martabak tipiker, udah bisa lu beli tiket bigbang exo buat taun depan, gausah kerja tiap hariii""

LAH AKU KERJA TIAP HARI JUSTRU BUAT NUM KOPI TIAP HARI 🤣",1977689190155645205,,,in,,0,0,0,https://x.com/heartfoxzz/status/1977689190155645205,829617533237866501,heartfoxzz
1977664855038669039,2025-10-13 10:40:58+00:00,0,@ybdzaky kopi tuku,1977685989893292121,,ybdzaky,in,,0,1,0,https://x.com/nasipadangclub/status/1977685989893292121,917671151052103680,nasipadangclub
1977639234388332726,2025-10-13 10:33:31+00:00,0,@UNDIP_FESS KAK MAU INFO PRICELIST PLS LAGI PENGEN KOPI TUKU BANGET,1977684117102981537,,UNDIP_FESS,in,,0,2,0,https://x.com/momorikea/status/1977684117102981537,1294624890729897985,momorikea
1977673895076602334,2025-10-13 09:52:54+00:00,0,"Spill diskon kopi favorit shopeefood deals

Kopi Calf
https://t.co/9JZ29zIs09

Kopi Tuku
https://t.co/vkZDvhSw1K

Kopi Philosophy
https://t.co/Q7X7vX5fiP

Kopi Kenangan
https://t.co/W98Ul1yEow

Janji Jiwa
https://t.co/4Ruwz0dceq",1977673895076602334,,,in,,0,0,0,https://x.com/ike_tjn/status/1977673895076602334,513346093,ike_tjn
1977665456489267459,2025-10-13 09:19:22+00:00,0,ada yg di sby open jastip kopi tuku spbu deket st gubeng ngga? 😭 bm croffle nya #jastipsby #zonauang #fastneed,1977665456489267459,,,in,,0,0,0,https://x.com/virinidaa/status/1977665456489267459,3233196307,virinidaa
1977621052298764427,2025-10-13 07:55:29+00:00,0,@yusrilfahriza Coba tuku kopi sing bubuk ben iso bubuk,1977644343499616715,,yusrilfahriza,in,,0,0,0,https://x.com/gigihadiguna/status/1977644343499616715,337620179,gigihadiguna
1977643424544379021,2025-10-13 07:51:49+00:00,0,"Pengen kopi mandja, slamat tinggal tuku",1977643424544379021,,,in,,0,0,0,https://x.com/ineeddrinkss/status/1977643424544379021,1676478920806514688,ineeddrinkss
1977639234388332726,2025-10-13 07:35:10+00:00,108,"undip! open jastip Sofdoh &amp; Kopi Tuku, fee 5k (ambil di kos sender), 7k (anter sampe kosan area undip). ❗️ready selasa, 14 oktober jam 19.00❗️ yang mau info pricelist rep ya, sender ada di rep. thankyouu✨✨ https://t.co/BbKxyL89vE",1977639234388332726,https://pbs.twimg.com/media/G3H8Zz9WkAEkVD9.jpg,,in,,1,53,1,https://x.com/UNDIP_FESS/status/1977639234388332726,1940165092194316288,UNDIP_FESS
1977624931262480616,2025-10-13 06:38:20+00:00,1,Dahlah pengen siomay dan kopi. Calf? Tuku? Point coffe? Kapal api? Hahaha,1977624931262480616,,,in,,0,2,0,https://x.com/papaGi_ID/status/1977624931262480616,1648185960226775041,papaGi_ID
1977624856679387255,2025-10-13 06:38:02+00:00,0,beli kopi tuku apa calf ya.....,1977624856679387255,,,in,,0,0,0,https://x.com/azkzuhaa/status/1977624856679387255,1885944280499494912,azkzuhaa
1977624519235043761,2025-10-13 06:36:42+00:00,0,"Diskon kopi favorit shopeefood deals

Kopi Calf
https://t.co/9JZ29zIs09

Kopi Tuku
https://t.co/vkZDvhSw1K

Kopi Philosophy
https://t.co/Q7X7vX5fiP

Kopi Kenangan
https://t.co/W98Ul1yEow

Janji Jiwa
https://t.co/4Ruwz0dceq",1977624519235043761,,,in,,0,0,0,https://x.com/ike_tjn/status/1977624519235043761,513346093,ike_tjn
1975431523982823792,2025-10-13 06:26:40+00:00,0,@Jokyeom Ngopi di kopi tuku? Apa kopi liong? 😭,1977621995098657132,,Jokyeom,in,,0,1,0,https://x.com/hyemuf/status/1977621995098657132,1419352182256590851,hyemuf
1977613450592612571,2025-10-13 05:52:43+00:00,0,"kalau misal di gabung kopinya itu kopi jaya terus donatnya kopi tuku, aku mau beli setiap hari",1977613450592612571,,,in,,0,1,0,https://x.com/cicimoll_3/status/1977613450592612571,1650754710104842240,cicimoll_3
1977612796813816157,2025-10-13 05:51:30+00:00,0,"@lix_lee007 Wokeh nabung aku dari sekrang bang. 
Apa itu kopi tuku ga kenal
Apa itu seblak ga kenal 
Welcome bekal 😘😘😘",1977613143422689314,,lix_lee007,in,,0,0,0,https://x.com/fishandchips92/status/1977613143422689314,1683120207823536128,fishandchips92
1977601625419346289,2025-10-13 05:05:44+00:00,16,Kenapa kopi tuku tuh seenak itu ya,1977601625419346289,,,in,,0,5,0,https://x.com/JungleBlade/status/1977601625419346289,1319816922997813248,JungleBlade
1977593421457182750,2025-10-13 04:33:08+00:00,0,"kenapa kopi tuku gada di sidoarjo, HARUS BGT SBY!",1977593421457182750,,,in,,1,0,0,https://x.com/actofyou/status/1977593421457182750,1256804463232159744,actofyou
1977564904556016004,2025-10-13 03:57:14+00:00,0,"@muncorner tuku, kopi susu tetangga less sugar extra ice",1977584388109119835,,muncorner,in,,0,0,0,https://x.com/reshufflee/status/1977584388109119835,1943730328042188802,reshufflee
1977352344284086307,2025-10-13 03:50:14+00:00,0,@sbyfess Wekku tumblr stainless tuku wes 3-4th lalu sek awet ae tak isii kopi bendino,1977582624832131381,,sbyfess,in,,0,0,0,https://x.com/pndhprtm_/status/1977582624832131381,1097210450,pndhprtm_
1977563020453937504,2025-10-13 02:32:46+00:00,0,"tuku dibawain temen cra, 2 kopi sisanya dibikinin kabaggg
nikmat mana lagi yg kau dustakann",1977563131858849888,,shuttlecock1412,in,,0,0,0,https://x.com/shuttlecock1412/status/1977563131858849888,3196085371,shuttlecock1412
1977562247091433868,2025-10-13 02:29:15+00:00,0,"Dino senin ngeluh ? Aleman, lanang kok. Budal tuku kopi pahit trs sebat bar kui adepi meneh penguripan iki.",1977562247091433868,,,in,,0,0,0,https://x.com/Manusia_Plus62/status/1977562247091433868,1796376863545454592,Manusia_Plus62
1977364930761216050,2025-10-13 02:28:51+00:00,0,"@ssefmun Kopken caramel machiato/butterscotch, Fore caramel praline/butterscotch, tuku kopi susu tetangga, tomo caramel chesee latte/breve latte",1977562143852724390,,ssefmun,in,,0,1,0,https://x.com/coldbrewr/status/1977562143852724390,1608433341132607488,coldbrewr
1977523529336889668,2025-10-13 00:28:03+00:00,0,"@NINGIEblox karna tengah malem seru banget dibawa deeptalk 👉🏻👈🏻 kopi to the rescue by, plis aku need tuku 1liter!😣",1977531746670567527,,JOCELlNE,in,,0,0,0,https://x.com/kaleularia/status/1977531746670567527,1893245493599453184,kaleularia
1977526791473697111,2025-10-13 00:08:22+00:00,0,"Promo Shopeefood

Mie Gacoan
https://t.co/Qa5z0zRhLU

HokBen
https://t.co/PyEPdrWEMa

Republic Kebab
https://t.co/PbhfkamQtP

Fish Streat
https://t.co/1f6xatjpyv

Circle K
https://t.co/qISFYJLWKm

Kopi Tuku
https://t.co/gu2E8oEztq

Burger Bangor
https://t.co/V3tCTJjZ2t https://t.co/5sqIVjyk6Y",1977526791473697111,https://pbs.twimg.com/media/G3GWITBbMAAdMiu.jpg,,in,,0,0,0,https://x.com/3esihma/status/1977526791473697111,1847151278776111104,3esihma
1977193519031984404,2025-10-12 22:43:44+00:00,0,"@collegemfs KOPI KOPI KOPI, segala kopi tp lbh mood booster tuku sama kopjayy. HUFT APALAGI TUKU CURAHHH",1977505491145372091,,collegemfs,in,,0,0,0,https://x.com/coffepuffy_/status/1977505491145372091,1320579055587000320,coffepuffy_
1977489241589666102,2025-10-12 21:39:09+00:00,0,anjirrr lahh gue kaga bisa tidur gara2 minum kopi tuku semalem 😭😭,1977489241589666102,,,in,,0,0,0,https://x.com/haechansleep/status/1977489241589666102,1313499334814494720,haechansleep
1977436655478022609,2025-10-12 18:10:12+00:00,0,"jujur sebenernya cape kerja di kerjaan yg skrg, mau resign pun keinget pusingnya nyari kerjaan, blm lgi shari kerja 14 jam/hari, 6+1 dan sistemnya shift, iya bnr ko jam kerjanya sgitu, gaji shari pun klo dibeliin barang paling cuma kebeli marlboro sebungkus sm kopi tuku kst",1977436655478022609,,,in,,0,1,0,https://x.com/sh1t_th1ngs/status/1977436655478022609,1636827219355144193,sh1t_th1ngs
1977418344988057821,2025-10-12 16:57:26+00:00,0,"kopi tuku oleh2 dr kakak w lupa w bawa huftt so sad, pdhl buat nemenin nugas",1977418344988057821,,,in,,0,0,0,https://x.com/av0cado0z/status/1977418344988057821,1132635591202357248,av0cado0z
1977400238089675124,2025-10-12 15:45:29+00:00,0,"Real 😭. Kulit gw sensitif bgt, skrg terpaksa pake la roche posay buat body lotion. skincare sih msh ok pake erha otc cuma essencenya yg cocok cuma SKII doang 😫. Terus gw suka minum kopi tp perut gw maag klo minum kopi kayak tuku, kenangan dll, anehnya minum ombe kofie aman 🥲",1977400238089675124,,,in,,0,1,0,https://x.com/star_alien04/status/1977400238089675124,1513177980289548293,star_alien04
1977390037638471771,2025-10-12 15:13:22+00:00,0,"+ late night coffee fix! 🚬🚬😅☕️ #ADAKAH #TUKU &amp; #KALCER #DIDADAMU 

fyi kk zul kl beli dirtymatcha espresso ny 2x &amp; that’s like triple the caffeine😭 trs kl kopsus extrashot JD DIA UDAH 5x THE CAFFEINE INTAKE SEHARI PLS PRAY FOR HER SANITY &amp; YOONGI SURUH PULANG CEPETAN

&amp; TMI: https://t.co/t6KmZ5CChZ",1977392155892003222,https://pbs.twimg.com/media/G3EbrwubYAAEJkt.jpg,primadonagirll_,in,,1,0,0,https://x.com/primadonagirll_/status/1977392155892003222,1696687398992932864,primadonagirll_
1970400711252058469,2025-10-12 14:20:40+00:00,0,"@choebry HEHEHE MASIH YA… aku masih diving.. masih mau ngobrol sama aku di sini kan? 🥺 HAHAHA, gapapa cantik! Makasih ya buat ucapannya &lt;3 YAHHHH, padahal ada bingkisan loh! Isinya kopi tuku sama dimsum mentai! 🤤",1977378894203248927,,choerryi,in,,0,1,0,https://x.com/Miaoysi/status/1977378894203248927,1327164661100290048,Miaoysi
1977378603919720638,2025-10-12 14:19:31+00:00,0,es kopi hitam tuku gapake gula,1977378603919720638,,,in,,0,0,0,https://x.com/andrmoonlight/status/1977378603919720638,3167546473,andrmoonlight
1977364930761216050,2025-10-12 14:14:59+00:00,1,"@ssefmun Kopi susu keluarga famima : Less sugar 
Caramel machiato &amp; Coconut Aren latte - Point Coffee : less sugar
Kopi susu tetangga - Tuku : less sugar
Es kopi calf premium - less sugar 
Ice butterscotch sea salt latte &amp; caramel praline coffee ice blended - Fore",1977377462632821041,,ssefmun,in,,0,0,0,https://x.com/R0guehope/status/1977377462632821041,764990106759487488,R0guehope
1977375666753429681,2025-10-12 14:07:51+00:00,0,"Tuku, Calf and Point Coffee 💯 or when I feel a bit fancier then Fore is ftw. Kopken, Tomoro and CK adalah penyelamat saat akhir bulan.",1977375666753429681,,,in,,0,1,0,https://x.com/wooyoundg/status/1977375666753429681,2497286114,wooyoundg
1977366848560665060,2025-10-12 13:32:49+00:00,1,"Family Mart the best based on taste dan price.
TUKU juga masih jadi kopi susu ter the best sih.
Djournal juga enak tp agak pricey 🫠",1977366848560665060,,,in,,0,0,0,https://x.com/halfbeakprince/status/1977366848560665060,1356215878367383552,halfbeakprince
1977366537213235510,2025-10-12 13:31:34+00:00,0,"famima, tomoro, fore, tuku, kopi gerobakan namanya kopi jempol",1977366537213235510,,,in,,0,0,0,https://x.com/biyungupik/status/1977366537213235510,1343513465596436481,biyungupik
1977364930761216050,2025-10-12 13:29:44+00:00,0,"@ssefmun KSK Famima, Kopi Susu Santai nya Djournal, TUKU tp abis itu ak mati jadi minumnya harus dicampur air putih. 🥲",1977366072777978341,,ssefmun,in,,0,0,0,https://x.com/silentarcs/status/1977366072777978341,1773034701990821889,silentarcs
1977364930761216050,2025-10-12 13:26:12+00:00,1,"@ssefmun point, tuku, suksestama,little langkah, sakara kopi bali🧡💚",1977365186672541921,,ssefmun,in,,0,0,0,https://x.com/noty0urcompany/status/1977365186672541921,1427196866244972550,noty0urcompany
1977358315815366745,2025-10-12 13:00:17+00:00,0,"Udah gituewat tuku TAPI GUE GABOLEH MINUM KOPI, sedih😔",1977358662424228025,,mouwpeceye,in,,0,0,0,https://x.com/mouwpeceye/status/1977358662424228025,1053827208270143488,mouwpeceye
1977357457564282921,2025-10-12 12:55:30+00:00,89,"Promo Shopeefood Deals &amp; Diskon 100% 

• Voucher berlaku 7 hari 
• Bisa dine in or pick up

Dapetin promo dealsnya di sini : 
https://t.co/coakwX38id

Kopi tuku diskon 90% &amp; gratis ongkir :
https://t.co/B0N8Z0jLAs

Klaim voucher diskon 100% : 
https://t.co/y6Ym7z5Ozq https://t.co/TfO4N0GWO8",1977357457564282921,https://pbs.twimg.com/media/G3D7cAObIAAQcC1.jpg,,in,,6,0,75,https://x.com/louvoutfit/status/1977357457564282921,1715316586008178688,louvoutfit
1977330758231712172,2025-10-12 12:48:45+00:00,0,@GrabID Jadi kopi tuku pake promo grab,1977355759319965904,,GrabID,in,,0,0,0,https://x.com/DipoNiarto/status/1977355759319965904,153432675,DipoNiarto
1977339174031327732,2025-10-12 11:42:50+00:00,1,"Kopi tuku udah, tinggal uma yumcha nih 🫠",1977339174031327732,,,in,,1,0,0,https://x.com/nasstaxya/status/1977339174031327732,1260519587172372481,nasstaxya
1977320298732249578,2025-10-12 10:27:50+00:00,1,"Kopi tuku kenapa ga ada di cbng sih, calf udh ada next yu bisa tuku",1977320298732249578,,,in,,0,0,0,https://x.com/drmalcaa/status/1977320298732249578,515184215,drmalcaa
1977314922288853280,2025-10-12 10:06:28+00:00,1,"akhirnya mencoba calf. and imo : Calf &gt; Tuku dri kopi, tempat, &amp; fasilitasnya https://t.co/eA9vOaKvK9",1977314922288853280,https://pbs.twimg.com/media/G3DVb6SaYAEPQga.jpg,,in,,0,1,0,https://x.com/yoga_dn11/status/1977314922288853280,1272121513664147456,yoga_dn11
1977312292036620446,2025-10-12 09:56:01+00:00,0,"tuku kopi nggo sangu nyetir neng yojo, tapi lagi diminum pas wes finish yojo, ngopo ra tuku ndek yojo wae nek ngono, wong outlet kopine yo luweh akeh ndek yojo 😮‍💨",1977312292036620446,,,in,,0,0,0,https://x.com/anunemouse/status/1977312292036620446,414669384,anunemouse
1977310237708480677,2025-10-12 09:47:51+00:00,1,Kopi Tuku ternyata enggak enak. Tapi donatnya enak.,1977310237708480677,,,in,,0,0,0,https://x.com/lergalerr/status/1977310237708480677,64131097,lergalerr
1977270556698296735,2025-10-12 09:44:16+00:00,0,"@tanyakanrl TUKU, pliss kalo kopi mah TUKUU",1977309335949853027,,tanyakanrl,in,,0,0,0,https://x.com/tiaramutsyah/status/1977309335949853027,616590842,tiaramutsyah
1977305103960011069,2025-10-12 09:29:57+00:00,0,"rate top 5 kopi menurut guweee
1. Djuara🫶🫶
2. Kopi Maju 57 yang londho
3. Tuku/Calf
4. sbx (dh lama ga bli)
5. point coffe

kalo kopi grobak dorongan ada Disaat yang depan BI Pleburan✨️",1977305729527841155,,bedsobluee,in,,0,0,0,https://x.com/bedsobluee/status/1977305729527841155,1417145377799643144,bedsobluee
1977305195530141971,2025-10-12 09:27:49+00:00,0,"Promo Shopeefood

Solaria
https://t.co/rH24GWVFUJ

Sushi Yay
https://t.co/Yux0v3gVVM

Kopi Tuku
https://t.co/p6SiBqC5nd

HokBen
https://t.co/aKlKUAXuJ2

Sec Bowl
https://t.co/WZGVQZFZWk

CFC
https://t.co/94PsNSCOM5

Burger Bangor
https://t.co/Aq1GWlNQte https://t.co/8f35Er8vWp",1977305195530141971,https://pbs.twimg.com/media/G3DMlqkbgAA2ioL.jpg,,in,,0,0,0,https://x.com/3esihma/status/1977305195530141971,1847151278776111104,3esihma
1977305103960011069,2025-10-12 09:27:27+00:00,0,"makasih udah dikenalin sama TOKO KOPI DJUARA, seenak itu cok😭 udah pernah nyoba kopi tuku, calf, tetep aja cintaku balik lagi ke DJUARA, mana kadang murah bgt 2 cup tadi beli 17rb di sopi, plis i love you so much Djuara, makin banyak buka cabang ya sayang🥹🫶🥰❤️❤️❤️ https://t.co/SoNhrn0muo",1977305103960011069,https://pbs.twimg.com/media/G3DMgMoa8AAxQMA.jpg,,in,,0,1,0,https://x.com/bedsobluee/status/1977305103960011069,1417145377799643144,bedsobluee
1977304106055369175,2025-10-12 09:23:30+00:00,2,"Jangan takut orang datang cuma mau numpang duduk/baca dan gak beli. Terbukti sejak transformasi, antrian kasir di Gramedia Melawai gak kalah sama antrian kopi tuku dan kedai2 roti kekinian.",1977304106055369175,,,in,,0,0,0,https://x.com/mumualoha/status/1977304106055369175,36314821,mumualoha
1977270556698296735,2025-10-12 09:05:07+00:00,0,@tanyakanrl Bagi sayax juara tetep KOPI TUKU 🤩 beli yg 1 Liter nder,1977299483068449220,,tanyakanrl,in,,0,0,0,https://x.com/ika_sagita/status/1977299483068449220,361088981,ika_sagita
1977291740194521553,2025-10-12 08:41:59+00:00,12,@afrkml Tepat di bawahnya jawabane. Tuku kopi. https://t.co/AUzaa1b4g3,1977293658442621109,https://pbs.twimg.com/media/G3DCGOcaoAAGT4Y.jpg,afrkml,in,,0,2,0,https://x.com/belindch/status/1977293658442621109,83841425,belindch
1977291612268228771,2025-10-12 08:33:51+00:00,360,Orgil kopi tuku 12rb 😭🫵🏻 https://t.co/eL7mSRHHCE,1977291612268228771,https://pbs.twimg.com/media/G3DAPSBbwAUclR1.jpg,,in,,6,25,8,https://x.com/afrkml/status/1977291612268228771,978646566,afrkml
1977071400432419015,2025-10-11 17:58:48+00:00,1,Kopi tuku seliter. Alamat melek sampe pagi,1977071400432419015,,,in,,0,0,0,https://x.com/R_afika0208/status/1977071400432419015,1364884749735526401,R_afika0208
1977067247521943738,2025-10-11 17:46:47+00:00,0,@ArcaKaa_ Aman aku mau tuku kopi kenangan 2 gawe sak drng e timnas maen karo pas nobar engkok😭😭😭😭😭,1977068375932387811,,ArcaKaa_,in,,0,2,0,https://x.com/jpgynnk/status/1977068375932387811,1391405736962322432,jpgynnk
1977053858158592181,2025-10-11 17:09:56+00:00,1,"@Online_Riot Wkwk jujur gw sampe eneg ya kalo ada VT org malaysia minum kopi selain tuku, org indo pd nyuruh enakan tuku blabla. Kek ngasih rekomendasi kek maksa bgt biarin kek dia mau nyobain fore ato brand lain....ngga semua2 kudu tuku anjrit😭🙏🏻",1977059101873156294,,Online_Riot,in,,0,1,1,https://x.com/A1toh/status/1977059101873156294,1465165902123442179,A1toh
1977046471066501155,2025-10-11 16:19:45+00:00,0,Bm kopi tuku 🥺,1977046471066501155,,,in,,0,0,0,https://x.com/dugonggoreng13/status/1977046471066501155,1241199377856622593,dugonggoreng13
1977036484038336779,2025-10-11 15:53:22+00:00,0,@KediriFess Tuku kopi tak ombe nak ndalan karo muter lagu ngentekne bensin,1977039834322813168,,KediriFess,in,,0,0,0,https://x.com/pndhprtm_/status/1977039834322813168,1097210450,pndhprtm_
1977015621331112298,2025-10-11 15:40:51+00:00,0,"@FWBaseSby info mi ayam enak, kalo kopi maaf too generic but I love Tuku 😔",1977036682781507652,,FWBaseSby,in,,0,0,0,https://x.com/reindweer/status/1977036682781507652,1359847137375232005,reindweer
1977031225589309811,2025-10-11 15:26:23+00:00,0,@juankarly3 Kopi #Tuku kacaw,1977033042872221982,,juankarly3,in,,0,0,0,https://x.com/efekrumahkaciw/status/1977033042872221982,1234048772876824576,efekrumahkaciw
1977031214461825463,2025-10-11 15:19:07+00:00,0,"terakhir beli kopi tuku di blok m waktu kuliah, kgn bgt akhirnyaaa tp knp kaya enakan di blok m yhhh?!?! https://t.co/mhNTPuPmvU",1977031214461825463,https://pbs.twimg.com/media/G2_TYzVbwAUyMFS.jpg,,in,,0,0,0,https://x.com/pizzachese/status/1977031214461825463,1290141367553818625,pizzachese
1976991046518407177,2025-10-11 14:57:35+00:00,0,"@lalaaylsa kopi tuku yang apa pesennya, La?",1977025795806970192,,lalaaylsa,in,,0,0,0,https://x.com/yusufnoorm/status/1977025795806970192,266439482,yusufnoorm
1977008837749022939,2025-10-11 14:42:41+00:00,0,@sbyfess Tanganmu sg gede opo tuku ancen cilik koyo kopi granita 😭😭😭,1977022043595194782,,sbyfess,in,,0,0,0,https://x.com/kangkuwng/status/1977022043595194782,1822946194466963456,kangkuwng
1976991046518407177,2025-10-11 13:56:57+00:00,0,@dompet_jatoh kopi tuku dan kamu*,1977010534894780687,,dompet_jatoh,in,,0,0,0,https://x.com/lalaaylsa/status/1977010534894780687,1467181909578895363,lalaaylsa
1977008837749022939,2025-10-11 13:56:30+00:00,0,@sbyfess Mauuuuuu kopi tuku,1977010422575517805,,sbyfess,in,,0,0,0,https://x.com/nastarrkejuu/status/1977010422575517805,76333737,nastarrkejuu
1976995027370098888,2025-10-11 13:31:21+00:00,0,"@dafodly Lagek tuku kopi dlek, langsung cahe ngmg. Mas yg jualan jamu bukan? Kok di sini dah tutup ya. 
Tak jawab terus intine takon rumahe sekitsr sini aja po mas? Tak jawab iya. 
Mah maring ngono memperkenalkan diri. Takon umur ro aku tak jawab 29 mah bocahe rak percaya 🤣",1977004094675140975,,dafodly,in,,0,1,0,https://x.com/alle_santo/status/1977004094675140975,534062860,alle_santo
1976999020280365310,2025-10-11 13:11:11+00:00,0,"Jiro marketingnya kurang. Damar kan marketingnya sambil dakwah, ibaratkan menyelam sambil minum kopi tuku. Win win solution nya sih Jiro sama ustad Damar kolaborasi jadi jualan Bakpia isi mayo atau risol isi kacang ijo.",1976999020280365310,,,in,,0,0,12,https://x.com/yukimurald/status/1976999020280365310,3186366124,yukimurald
1976998325443608587,2025-10-11 13:08:26+00:00,0,kopi tuku berapaan ya?,1976998325443608587,,,in,,0,0,0,https://x.com/rajengl/status/1976998325443608587,1178561341260357632,rajengl
1976991046518407177,2025-10-11 13:02:38+00:00,0,@lalaaylsa gamau dan kopi tuku dan aku (?),1976996867511927159,,lalaaylsa,in,,0,1,0,https://x.com/dompet_jatoh/status/1976996867511927159,1545321012983926786,dompet_jatoh
1976991046518407177,2025-10-11 12:54:10+00:00,0,@lalaaylsa Malam Minggu dan nggak tuku kopi (cuman minum es teh),1976994735303934321,,lalaaylsa,in,,0,1,0,https://x.com/RosesGan/status/1976994735303934321,1060342842738958336,RosesGan
1976991046518407177,2025-10-11 12:39:30+00:00,373,malam minggu dan kopi tuku ☕📚 https://t.co/sVPFDyzZ6t,1976991046518407177,https://pbs.twimg.com/media/G2-u3WJbwAMS7yd.jpg,,in,,1,17,16,https://x.com/lalaaylsa/status/1976991046518407177,1467181909578895363,lalaaylsa
1976988571514110207,2025-10-11 12:29:40+00:00,0,tiba-tiba nemu coffee shop yg rasanya mirip sama Tuku 🤏,1976988571514110207,,,in,,0,0,0,https://x.com/catskyou/status/1976988571514110207,1095346209106014209,catskyou
1976980099598893328,2025-10-11 11:56:00+00:00,6,"Kopi Susu Tetangga GRATIS? 

temen-temen ada yang pencinta kopi tuku ngga?? aku lagi mau ngadain FGD mengenai kopi tuku nih, dan yang kepilih FGD semuanya akan dapet Kopi Susu Tetangga GRATIS!

boleh langsung daftar aja yaaaa!

📌 https://t.co/EQtbJLsAzC",1976980099598893328,,,in,,1,0,9,https://x.com/nayyecaww/status/1976980099598893328,751946149741727744,nayyecaww
1976979725357633890,2025-10-11 11:54:56+00:00,2,"@uibasev3 KST GRATIS? 

temen-temen ada yang pencinta kopi tuku ngga?? aku lagi mau ngadain FGD mengenai kopi tuku nih, dan yang kepilih FGD semuanya akan dapet Kopi Susu Tetangga GRATIS!

boleh langsung daftar aja yaaaa!

📌 https://t.co/EQtbJLsAzC",1976979829389246806,,uibasev3,in,,0,1,0,https://x.com/nayyecaww/status/1976979829389246806,751946149741727744,nayyecaww
1976979725357633890,2025-10-11 11:54:31+00:00,2,guys ada yg pecinta kopi tuku dan mau kopi susu tetangga gratis ngga??,1976979725357633890,,,in,,1,1,0,https://x.com/uibasev3/status/1976979725357633890,1931570508602220544,uibasev3
1976965111937220753,2025-10-11 10:56:27+00:00,1,"Jadii, lagi wfc di fore. mesen large size coffee. drink it half and jatuh kesenggol laptop.

minta ke staff buat dibersihin. terus setelah dibersihin staffnya ngasi kopi pengganti full :))

after that I declare myself as ""forever fore"" dan tidak nyoba tuku yg baru buka disini :))",1976965111937220753,,,in,,0,0,0,https://x.com/momongasama16/status/1976965111937220753,1238153897199329280,momongasama16
1976962368828780692,2025-10-11 10:45:33+00:00,0,"Spill voucher diskon kopi enak di shopeefood, pilih lokasi terdekat makin hemat

Kopi Calf
https://t.co/9JZ29zIs09

Kopi Tuku
https://t.co/vkZDvhSw1K

Kopi Philosophy
https://t.co/Q7X7vX5fiP

Kopi Kenangan
https://t.co/W98Ul1yEow

Janji Jiwa
https://t.co/4Ruwz0dceq",1976962368828780692,,,in,,0,0,0,https://x.com/ike_tjn/status/1976962368828780692,513346093,ike_tjn
1976961866737037507,2025-10-11 10:43:33+00:00,22,📍Toko Kopi Tuku Renon https://t.co/9aYBTLpktM,1976961866737037507,https://pbs.twimg.com/media/G2-UVYmbwAQF_tr.jpg,,in,,0,3,0,https://x.com/fishcakegulung/status/1976961866737037507,1414399840725848064,fishcakegulung
1976933437526491590,2025-10-11 08:51:03+00:00,0,Dan berakhir makan misoa dan beli kopi tuku doang wkwkw,1976933553020846286,,barabibimbeom,in,,0,0,0,https://x.com/barabibimbeom/status/1976933553020846286,1026114455875215361,barabibimbeom
1976927647595933932,2025-10-11 08:27:35+00:00,0,"Promo Shopeefood

Kopi Tuku
https://t.co/EZjuA9EjX4

Sec Bowl
https://t.co/kwsxADND1n

Burger Bangor
https://t.co/wIKzIB2RrR

Ayam Keprabon
https://t.co/5remWFA1hQ

Geprek Gold Chick
https://t.co/dHxmlZRSQJ

Bishi Bento
https://t.co/E7ZeOeu8Mr

Janji Jiwa
https://t.co/6Hv6qfBTff https://t.co/oNYJ3hxDkf",1976927647595933932,https://pbs.twimg.com/media/G291Ng2bwAYTtuE.jpg,,in,,0,0,0,https://x.com/3esihma/status/1976927647595933932,1847151278776111104,3esihma
1976665313656951062,2025-10-11 06:48:59+00:00,0,@yoneist Minum tuh kopi tuku saat kita eden,1976902835746095280,,yoneist,in,,0,1,0,https://x.com/AlNlGMA/status/1976902835746095280,1289622438246940672,AlNlGMA
1976882467991961679,2025-10-11 05:28:03+00:00,1,Kopi dari tani the best udah ngalahin KST Tuku. In my opinion 😁,1976882467991961679,,,in,,0,0,0,https://x.com/aliakbarmocha/status/1976882467991961679,83359853,aliakbarmocha
1976862600429502857,2025-10-11 04:09:06+00:00,9,Yu ke tuku kopi😌,1976862600429502857,,,in,,0,2,0,https://x.com/jackcaca619996/status/1976862600429502857,1851188502278582272,jackcaca619996
1976858701685571697,2025-10-11 03:53:37+00:00,1,"1. kopjay
2. tuku
3. point coffee",1976858701685571697,,,in,,0,0,0,https://x.com/sunflwrsyyy/status/1976858701685571697,2258413111,sunflwrsyyy
1976852389585207496,2025-10-11 03:28:32+00:00,48,Sarapan hari ini alhamdulillah menyenangkan bangettt. Semalem pulang kerja bikin cinnamon roll untuk dipadupadankan dengan kenikmatan hakiki Kopi Tuku❤️. Alhamdulillah allahumma baarik https://t.co/lGPK9aou9D,1976852389585207496,https://pbs.twimg.com/media/G28wxILbwAM4c2l.jpg,,in,,1,4,6,https://x.com/happys0ul_/status/1976852389585207496,1009247207512395776,happys0ul_
1976794914207023506,2025-10-11 03:20:32+00:00,0,@ecccaaaaaaaaaa Tuku es kopi sek koyok e enak bu cik swante. Kondisi sumuk njobo jero ngene.,1976850375367180792,,ecccaaaaaaaaaa,in,,0,1,0,https://x.com/ruangsigit/status/1976850375367180792,414804286,ruangsigit
1976839425821929706,2025-10-11 02:37:01+00:00,1,Pagi kopi tuku… https://t.co/MZvc1CFKos,1976839425821929706,https://pbs.twimg.com/media/G28k-e2bwAAB9ad.jpg,,in,,0,1,0,https://x.com/Morpheusdream8/status/1976839425821929706,1967202388449853442,Morpheusdream8
1976687117523878316,2025-10-11 02:25:38+00:00,0,@booskgirlie Murahan kopi tuku daripada ongkirnya,1976836559275278423,,booskgirlie,in,,0,1,0,https://x.com/Jhoneyyoo/status/1976836559275278423,1894132574668427266,Jhoneyyoo
1976486208932032633,2025-10-11 02:16:04+00:00,0,@theunknownm4n Nahh kopi toko djawa mirip2 tuku memang,1976834151111373254,,theunknownm4n,in,,0,0,0,https://x.com/dinisuciyanti/status/1976834151111373254,187052480,dinisuciyanti
1976824176561557905,2025-10-11 02:09:26+00:00,0,@keonroti run bts turnamen padel doorprizenya 7 galon kopi tuku cabang korea,1976832482915074377,,keonroti,in,,0,1,0,https://x.com/miniscalico/status/1976832482915074377,1566361102468157441,miniscalico
1976831580409909707,2025-10-11 02:05:51+00:00,0,"Promo Shopeefood

Sushi Yay
https://t.co/IkeT0KbS2B

Jatinangor House
https://t.co/s7muF5JWiu

Fish Streat
https://t.co/JRJWhYIddn

Dapur Cokelat
https://t.co/SljqOnc1lk

Kopi Tuku
https://t.co/Qxke44zoXT

HokBen
https://t.co/Q0z94ro2I6

Ayam Bang Dava
https://t.co/70gMyuS0Y5 https://t.co/2MmV5nLXop",1976831580409909707,https://pbs.twimg.com/media/G28d1qWbwAY_3-R.jpg,,in,,0,0,0,https://x.com/3esihma/status/1976831580409909707,1847151278776111104,3esihma
1976805483903435179,2025-10-11 00:22:09+00:00,0,"Promo Shopeefood

Mie Gacoan
https://t.co/MdMpR5kpRi

Kopi Tuku
https://t.co/c2el1cZs8E

HokBen
https://t.co/8TlY4fJgyi

Burger Bangor
https://t.co/6hZhU3F2uy

Fore Coffee
https://t.co/8Db4nXMiRt

SeIndonesia
https://t.co/ERJgFGxK6B

Ayam Keprabon
https://t.co/X7D0R7NFv6 https://t.co/DlhuwT9AeJ",1976805483903435179,https://pbs.twimg.com/media/G28GGllbcAAfBIU.jpg,,in,,0,0,0,https://x.com/3esihma/status/1976805483903435179,1847151278776111104,3esihma
1976804505951035870,2025-10-11 00:18:16+00:00,0,"Katanya kalau belum coba kopi Tuku, belum sah jadi anak senja 😎☕”
Cobain langsung rasa kopi legendaris yang sempet viral di Jakarta!
Pesan sekarang di ShopeeFood biar gak perlu antre panjang 🛵💨
👉 https://t.co/xBHDW4pRR2 https://t.co/L1Cb5EIbLe",1976804505951035870,https://pbs.twimg.com/media/G28FNynbMAAz0-m.jpg,,in,,0,0,0,https://x.com/witrisyahputri/status/1976804505951035870,71719121,witrisyahputri
1976800867157508164,2025-10-11 00:03:48+00:00,3,suka banget daerah sini banyak makanan trus deket juga sama kopi tuku,1976800867157508164,,,in,,0,1,0,https://x.com/yourborealis/status/1976800867157508164,947703907433660416,yourborealis
1976797321578103124,2025-10-10 23:49:43+00:00,0,"Nek ncen lg pengen (tuku) kopi, yowis grobakan ke lo jek terjangkau😂 https://t.co/rri4E31F2j",1976797321578103124,https://pbs.twimg.com/media/G27-r2HbwAMjgMO.jpg,,in,,0,0,0,https://x.com/MuskNurr/status/1976797321578103124,159747626,MuskNurr
1976792661123313994,2025-10-10 23:31:12+00:00,0,Bro melewatkan kesempatan minum kopi Tuku..... How can....,1976792661123313994,,,in,,0,1,0,https://x.com/pyuneomz/status/1976792661123313994,1869426233412595713,pyuneomz
1976486208932032633,2025-10-10 22:34:14+00:00,0,"@dinisuciyanti Aku selalu dapat rekomendasi itu, kayaknya beneran harus dicoba nih.

Kopi toko djawa kayaknya mainstream banget deh, mirip Tuku.",1976778326401544220,,dinisuciyanti,in,,0,1,0,https://x.com/theunknownm4n/status/1976778326401544220,729424668,theunknownm4n
1976713856652300336,2025-10-10 18:18:03+00:00,0,"ya Allah emoh aku tuku kopi mneh nang cafe, bali2 mesti ngunyah promag",1976713856652300336,,,in,,1,0,0,https://x.com/fafufafumii/status/1976713856652300336,1970799150561370112,fafufafumii
1976712385911308592,2025-10-10 18:12:12+00:00,0,udah lama gak pernah bengong jam segini karena minum tuku kopi susu tetangga (plus asam lambung),1976712385911308592,,,in,,0,1,0,https://x.com/wicislite/status/1976712385911308592,1235502246470635521,wicislite
1976701278739914966,2025-10-10 17:53:48+00:00,0,@babyblush__ @fwbhub_ Kopi seliter tuku kah??,1976707755240308751,,babyblush__,in,,0,1,0,https://x.com/khalexiee26/status/1976707755240308751,1215462011225530368,khalexiee26
1976698387723698505,2025-10-10 17:16:35+00:00,0,"knp yh kopi tuku jogja ga seenak
tuku jkt 😔",1976698387723698505,,,in,,0,0,0,https://x.com/thewaterrss/status/1976698387723698505,1401538115488010243,thewaterrss
1976673569016107167,2025-10-10 15:37:58+00:00,0,"Kopi tuku ini ternyata termasuk kuat kopinya ya, cuman gak yg bikin jantung jedug2 disko kyk yang lain😭",1976673569016107167,,,in,,0,0,0,https://x.com/wanttobehaapppy/status/1976673569016107167,1046059388820062208,wanttobehaapppy
1976672711918460987,2025-10-10 15:34:33+00:00,1,"tuku I love tuku, tapi kopi lain gue suka, tapi kalau creamy tuku hehehe",1976672711918460987,,,in,,0,1,0,https://x.com/viveletter/status/1976672711918460987,1246911173049470977,viveletter
1976638939651072220,2025-10-10 15:29:47+00:00,0,"@arieparikesit Saya selalu pesen coklat karena ga bisa minum kopi...heuu
Klo istri pesen Tuku saya malah beli banana cake atau carrot cakenya...heuu",1976671511064052053,,arieparikesit,in,,0,1,1,https://x.com/BpkMamanRacing/status/1976671511064052053,1794147230800322560,BpkMamanRacing
1976574647333515555,2025-10-10 15:20:33+00:00,0,"@wahiddarmadi @vigilante1312 @Maudy_Apain @Belok_dong Haha, oke, doa terkabul! Buat Belok_dong, cek lowongan barista di Toko Kopi Tuku Jakarta atau PT Kopi Kina Bogor via Jobstreet. Kalau bola, ada analis data sepak bola di Lapangbola. Lamar di Glints atau Indeed. Semangat cari kerjanya! 😆",1976669188765958302,,wahiddarmadi,in,,0,1,0,https://x.com/grok/status/1976669188765958302,1720665183188922368,grok
1976668243592122802,2025-10-10 15:16:48+00:00,0,"List yg hrs ada di Temcy 
1. Family mart 
2. Bagi kopi
3. TUKU!!!!",1976668243592122802,,,in,,0,6,0,https://x.com/midnightnavys/status/1976668243592122802,1863943874231795712,midnightnavys
1976667214624481599,2025-10-10 15:12:43+00:00,0,"revisi yaa han, itu kurang photobox (spesifik: photobox ikan) + kopi tuku ☺️🙏🏻",1976667214624481599,,,in,,0,0,0,https://x.com/ahcoioneoti/status/1976667214624481599,1924127611233742848,ahcoioneoti
1976665313656951062,2025-10-10 15:05:10+00:00,0,Kalau mendapati user yoneist masih melek di atas jam 9 ketahuilah bahwa beliau habis mabuk kopi Tuku.,1976665313656951062,,,in,,0,2,0,https://x.com/yoneist/status/1976665313656951062,1900709110141906945,yoneist
1976662985608507802,2025-10-10 14:55:55+00:00,0,hari ini minum kopi filternya tuku dan sekarang ni mata rasanya seger bgt🙂🙂🙂🙂🙂,1976662985608507802,,,in,,0,0,0,https://x.com/apluviophiles/status/1976662985608507802,152131958,apluviophiles
1976656249422032911,2025-10-10 14:29:09+00:00,0,"tadi nyobain kopi posko, for me rasanya slightly seperti tuku but more thick tapi enak",1976656249422032911,,,in,,0,0,0,https://x.com/guitarjeu/status/1976656249422032911,1564605351118647297,guitarjeu
1976645719886086612,2025-10-10 13:47:18+00:00,1,"in this economy keblonyok tuku antigores hp trs pesen kopi di shopeefood pake voc yg good deals bgt tapi kekirim ke alamat kantor bojone, siall siall",1976645719886086612,,,in,,0,0,0,https://x.com/bocilstroberi/status/1976645719886086612,271329284,bocilstroberi
1976640271652905398,2025-10-10 13:31:58+00:00,0,Sampe di store disuruh kerja yg bukan kerjaan saat itu permintaan bawa stampel yg udh aku info dari bbrp minggu lalu sampe sekarang gk dibawa 😭 trus dia tiba2 fomo kopi tuku yg baru buka itu sampe sana tutup karena banyak yg antri dan jam sholat dan antrinya 2 jam bjirrrr,1976641862426603897,,Kyoyokyoyou,in,,0,1,0,https://x.com/Kyoyokyoyou/status/1976641862426603897,1650159722069372931,Kyoyokyoyou
1976570367612465482,2025-10-10 13:03:01+00:00,0,@nrutrient Kopi tuku eceran ya ini?,1976634576417251461,,nrutrient,in,,0,1,0,https://x.com/charcowal/status/1976634576417251461,1884119813536243715,charcowal
1976477599963676715,2025-10-10 12:56:08+00:00,0,@Khal1sh_Q @_jacobson91 Asyik kopi tetangga Tuku ☕,1976632841103630649,,Khal1sh_Q,in,,0,0,0,https://x.com/Mia_Kyushu/status/1976632841103630649,1345197460474318848,Mia_Kyushu
1976614181068775715,2025-10-10 11:41:59+00:00,0,"-liquid jefferson less sugar-
lebih strong dari tuku
posisi: sudah mual &amp; gemeter
mampos. baru kmrn rabu minum obat maag krn kopi. kok yoo rak kapok 😅😮‍💨 https://t.co/zbys9KQlkf",1976614181068775715,https://pbs.twimg.com/media/G25XukQbAAANptB.jpg,,in,,1,0,0,https://x.com/nn_skyblue/status/1976614181068775715,1370278909,nn_skyblue
1976612699053388130,2025-10-10 11:36:05+00:00,1,Coba main ke toko kopi tuku mas @/minho. Ada di tempatmu kok,1976612699053388130,,,in,,0,1,0,https://x.com/ramentaem/status/1976612699053388130,45337812,ramentaem
1976599252056043917,2025-10-10 10:42:39+00:00,2,"kopi favorite aku makjay, tuku, djawa https://t.co/in7iDYR6f1",1976599252056043917,https://pbs.twimg.com/media/G25Kim8aAAAZhf4.jpg,,in,,0,0,0,https://x.com/sungalaxy_/status/1976599252056043917,1307858473443442688,sungalaxy_
1976596841098825731,2025-10-10 10:33:04+00:00,3,"HAHAHAHA. Membawa kopi TUKU ke rumah is real. P for pamer. @McLarmen 

Makasih sayangku. @tukukopiku https://t.co/uIUT2vApkV",1976596841098825731,https://pbs.twimg.com/media/G25IWfIaMAAJ2Xs.jpg,,in,,0,2,1,https://x.com/pgymyowl/status/1976596841098825731,1739265592534958080,pgymyowl
1976595318755246196,2025-10-10 10:27:02+00:00,0,"Spill promo kopi favorit shopeefood

Kopi Calf
https://t.co/9JZ29zIs09

Diskon Kopi Tuku
https://t.co/vkZDvhSw1K

Kopi Philosophy
https://t.co/Q7X7vX5fiP

Kopi Kenangan
https://t.co/W98Ul1yEow

Janji Jiwa
https://t.co/4Ruwz0dceq",1976595318755246196,,,in,,0,0,0,https://x.com/ike_tjn/status/1976595318755246196,513346093,ike_tjn
1976594145910366713,2025-10-10 10:22:22+00:00,0,"gue udah gak bisa produktif kalo gak minum kopi, filter sore tuku kalo bentukannya orang udah gue pacarin",1976594145910366713,,,in,,0,0,0,https://x.com/dahlahsepti/status/1976594145910366713,362729786,dahlahsepti
1976075139625136516,2025-10-10 10:15:19+00:00,0,"@ARSIPAJA Lah gen z mah cape kerja, dapet gaji umr, jadi budak korporat larinya ngeluh ke sosmed, beli kopi tuku, bukan lari ke korupsi, nekat beli kursi apalagi ngepalsuin ijazah wkwkwkw",1976592372676083786,,ARSIPAJA,in,,0,0,0,https://x.com/caramelvanilaaa/status/1976592372676083786,3293840340,caramelvanilaaa
1976477599963676715,2025-10-10 09:49:07+00:00,0,@Khal1sh_Q @_jacobson91 Traktir kopi tetangga tuku 😁,1976585780442341725,,Khal1sh_Q,in,,0,0,0,https://x.com/Mia_Kyushu/status/1976585780442341725,1345197460474318848,Mia_Kyushu
1976576905068560441,2025-10-10 09:13:51+00:00,0,Aku yg setiap pagi dan di kantor minumnya kopi hitam panas tanpa gula...hanya mau jajan kopi susu tetangga tuku dengan takaran ice-gula normal. https://t.co/aNe6cxrHmt,1976576905068560441,https://pbs.twimg.com/tweet_video_thumb/G242NU5b0AIV5JD.jpg,,in,,0,0,0,https://x.com/mimikdwannabe/status/1976576905068560441,1446500414971514888,mimikdwannabe
1976572888825381056,2025-10-10 09:11:16+00:00,0,@chelweirdos Kopi tuku paling enakk klo gitu,1976576252665553384,,chelweirdos,in,,0,0,0,https://x.com/tiopradana_/status/1976576252665553384,726069956144570368,tiopradana_
1976551589688246685,2025-10-10 07:33:16+00:00,0,"Promo shopeefood tanggal kembar

Kopi Calf
https://t.co/9JZ29zIs09

Kopi Tuku
https://t.co/vkZDvhSw1K

Kopi Philosophy
https://t.co/Q7X7vX5fiP

Kopi Kenangan
https://t.co/W98Ul1yEow

Janji Jiwa
https://t.co/4Ruwz0dceq",1976551589688246685,,,in,,0,0,0,https://x.com/ike_tjn/status/1976551589688246685,513346093,ike_tjn
1976536574381986041,2025-10-10 06:33:36+00:00,0,"Toko Kopi Tuku Malang sekarang ada di ShopeeFood! Pesan Sekarang, langsung diantar. https://t.co/SB6GpaJJqN https://t.co/TzQmeRIbsN",1976536574381986041,https://pbs.twimg.com/media/G24RiW_bUAAr4Pq.jpg,,in,,0,0,0,https://x.com/blublubcookies/status/1976536574381986041,1941120942828396544,blublubcookies
1976532583052910734,2025-10-10 06:17:44+00:00,0,"Promo oktober shopeefood kopi recomended

Kopi Calf
https://t.co/9JZ29zIs09

Kopi Tuku
https://t.co/vkZDvhSw1K

Kopi Philosophy
https://t.co/Q7X7vX5fiP

Kopi Kenangan
https://t.co/W98Ul1yEow

Janji Jiwa
https://t.co/4Ruwz0dceq",1976532583052910734,,,in,,0,0,0,https://x.com/ike_tjn/status/1976532583052910734,513346093,ike_tjn
1976531424703639947,2025-10-10 06:13:08+00:00,0,"siapapun, ayok kopi tukuuuu sakaw bgt ajg ambek kopi tuku😭",1976531424703639947,,,in,,0,0,0,https://x.com/askinnnwashere/status/1976531424703639947,1077214958725689344,askinnnwashere
1976527492912644229,2025-10-10 05:57:31+00:00,0,kopi tuku yok,1976527492912644229,,,in,,0,0,0,https://x.com/askinnnwashere/status/1976527492912644229,1077214958725689344,askinnnwashere
1976484275831922826,2025-10-10 05:56:21+00:00,0,@claaudyf saran menu kopi tuku terenak kak evee,1976527200997548402,,claaudyf,in,,0,0,0,https://x.com/iniziaf/status/1976527200997548402,1549250828791205888,iniziaf
1976519693268840833,2025-10-10 05:26:31+00:00,1,"Kopi tuku belum nyoba :(
Soalnya paling cocok saat ini ya kopinya flash.
Tapi kok kaga ada di Bali",1976519693268840833,,,in,,0,0,0,https://x.com/ursantaclauz/status/1976519693268840833,962681398631911427,ursantaclauz
1976518887605932416,2025-10-10 05:23:19+00:00,0,"Dapatkan diskon shopeefood dengan pilihan kopi favorit

Kopi Calf
https://t.co/9JZ29zIs09

Promo Kopi Tuku
https://t.co/vkZDvhSw1K

Kopi Philosophy
https://t.co/Q7X7vX5fiP

Diskon Kopi Kenangan
https://t.co/W98Ul1yEow

Janji Jiwa
https://t.co/4Ruwz0dceq",1976518887605932416,,,in,,0,0,0,https://x.com/ike_tjn/status/1976518887605932416,513346093,ike_tjn
1976518155645354372,2025-10-10 05:20:24+00:00,18,Info kopi susu yg enak sekitaran bsd/gading serpong dong (selain tuku),1976518155645354372,,,in,,0,16,0,https://x.com/sondehalfmoon_/status/1976518155645354372,230116004,sondehalfmoon_
1976208697446539664,2025-10-09 08:50:44+00:00,0,kopi hitamnya tuku pun tak pengaruh terhadap kantuk saya di siang bolong. sial.,1976208697446539664,,,in,,0,2,0,https://x.com/__nblksd/status/1976208697446539664,1819885880754290688,__nblksd
1976206660495421867,2025-10-09 08:42:38+00:00,1,kopi tuku my love akhirnya buka di sini,1976206660495421867,,,in,,0,0,0,https://x.com/elsayelsol/status/1976206660495421867,2456617004,elsayelsol
1976199128515580062,2025-10-09 08:30:03+00:00,0,@nasstaxya apakah seenak itu kopi tuku?,1976203492856352814,,nasstaxya,in,,1,1,0,https://x.com/lamanawal_/status/1976203492856352814,1464718414207987712,lamanawal_
1976199128515580062,2025-10-09 08:12:42+00:00,1,Info jastip kopi tuku renon kak. Antriannya gak masok akal,1976199128515580062,,,in,,0,1,0,https://x.com/nasstaxya/status/1976199128515580062,1260519587172372481,nasstaxya
1976195678402724179,2025-10-09 07:59:00+00:00,1,"pencapaian gue minggu ini adalah nyobain secret recipe barista kopi tuku terus disuruh kasih review beberapa kopi buat menu baru, perkara tiap malem gue ke tuku 😭☝🏻",1976195678402724179,,,in,,0,0,0,https://x.com/straawrberriez/status/1976195678402724179,1784599679751397376,straawrberriez
1976194808793510248,2025-10-09 07:55:32+00:00,0,"Kopi Tuku udah buka di Bali aja. As expected, bakalan rame sih. Jadi mending kesana nanti² aja",1976194808793510248,,,in,,0,0,0,https://x.com/vickyfarhan95/status/1976194808793510248,163772776,vickyfarhan95
1976194300850680134,2025-10-09 07:53:31+00:00,0,"wah, kayanya aku emang harus ke tuku... biar bisa minum teh
susu tetangga...

#yeaks",1976194300850680134,,,in,,0,0,0,https://x.com/vodkahoppus/status/1976194300850680134,568956048,vodkahoppus
1976179243945165245,2025-10-09 06:53:42+00:00,0,Gak ada sing pengen beliin aku kopi Tuku ta 🤣,1976179243945165245,,,in,,0,1,0,https://x.com/yaaa_pia/status/1976179243945165245,1771727531743567872,yaaa_pia
1976172051179487730,2025-10-09 06:25:07+00:00,0,"Opening Kopi Tuku Bali day 1. Terkalkulasi antre dari jam 10, keluar dg kopi jam 12.40. https://t.co/7ofZsgNF3q",1976172051179487730,https://pbs.twimg.com/media/G2zF_ZQaAAEX4CL.jpg,,in,,0,1,0,https://x.com/xpangastuti/status/1976172051179487730,1780465050962333696,xpangastuti
1976171279163232272,2025-10-09 06:22:03+00:00,0,"Diskon spesial kamis di shopeefood oktober bahagia

Kopi Calf
https://t.co/9JZ29zIs09

Promo Kopi Tuku
https://t.co/vkZDvhSw1K

Kopi Philosophy
https://t.co/Q7X7vX5fiP

Kopi Kenangan
https://t.co/W98Ul1yEow

Promo Janji Jiwa
https://t.co/4Ruwz0dceq",1976171279163232272,,,in,,0,0,0,https://x.com/ike_tjn/status/1976171279163232272,513346093,ike_tjn
1976157531207761930,2025-10-09 05:27:25+00:00,0,"Tuku lagi Tuku lagi, kek gak ada kopi laen ajaaaa... 😂 https://t.co/oO0ehjwE2P",1976157531207761930,https://pbs.twimg.com/media/G2y4ypxaAAE-4y1.jpg,,in,,0,0,0,https://x.com/haloOCTA/status/1976157531207761930,1051433545409781760,haloOCTA
1815985440698093764,2025-10-09 05:17:18+00:00,0,Kopi Tuku https://t.co/hxbVAMJTuI,1976154986728837127,https://pbs.twimg.com/media/G2y2eUHa8AAfaDg.jpg,almachzumi,in,,0,0,0,https://x.com/almachzumi/status/1976154986728837127,60612319,almachzumi
1976154027684659632,2025-10-09 05:13:30+00:00,0,"WOI TUKU UDAH BUKA DIBALI OMG MAU NYOBA LAGI KOPI SUSU TETANGGANYA ENAK BET, TERAKHIR PAS KMRN DI JKT BULAN MEI😭😭😭",1976154027684659632,,,in,,0,0,0,https://x.com/l0verhoseok/status/1976154027684659632,1322527283295346688,l0verhoseok
1976151412875854005,2025-10-09 05:03:06+00:00,0,akhirnya aku bisa minum kopi tuku di bali🥹🥹🥹🥹,1976151412875854005,,,in,,0,1,0,https://x.com/th___sr/status/1976151412875854005,1615269425586008066,th___sr
1976150885505053113,2025-10-09 05:01:00+00:00,0,"Setelah semalem minum kopi gula arennya tuku, gue tiba2 merasa inget lagi rasa kopi gula aren enak tuh kek mana",1976150885505053113,,,in,,0,0,0,https://x.com/lambe_trah/status/1976150885505053113,132835211,lambe_trah
1976146102350168508,2025-10-09 04:42:00+00:00,0,kopi tuku udh buka https://t.co/eOOYzUOOzx,1976146102350168508,https://pbs.twimg.com/tweet_video_thumb/G2yuZtAaEAENjw5.jpg,,in,,0,0,0,https://x.com/nebularoseheart/status/1976146102350168508,1036050024449236992,nebularoseheart
1976139429971730607,2025-10-09 04:15:29+00:00,0,Selalu lupa ada kopi tuku deket rumah wkwkwkwkwk,1976139429971730607,,,in,,0,0,0,https://x.com/kitsunee145/status/1976139429971730607,1109432129589522434,kitsunee145
1976128052100039111,2025-10-09 03:30:16+00:00,5,"Yee kopi tuku akhirnya ada
Dibali https://t.co/sLQwiX4lUF",1976128052100039111,https://pbs.twimg.com/ext_tw_video_thumb/1976128012795207680/pu/img/PXacYmuJ-x_RMXxl.jpg,,in,,0,2,0,https://x.com/rachasweet123/status/1976128052100039111,1781594245826256896,rachasweet123
1976124399104467227,2025-10-09 03:15:46+00:00,1,terpujilah kalian yg antri kopi tuku hingga 2.5 jam.. santai aja nanti akan normal pada waktunya,1976124399104467227,,,in,,0,6,0,https://x.com/RatnoAkaBemz/status/1976124399104467227,145617669,RatnoAkaBemz
1975901873661153453,2025-10-09 02:27:34+00:00,0,"@kolonigigs_ itu tuh area yg ada kopi tuku, min

masuk dr pintu brpnya ane ga tau wkwk",1976112269395435820,,kolonigigs_,in,,0,1,0,https://x.com/jeramimemanggil/status/1976112269395435820,1137647269463744512,jeramimemanggil
1976094681563062442,2025-10-09 02:18:25+00:00,0,@aespairre 😭 Kopi susu tetangga juga dominan susunya 😭 yg ok tuh Kopi susu premiumnya Makmur jaya 😔🙏 maaf tuku,1976109968563765583,,aespairre,in,,0,1,0,https://x.com/cipokbrutal/status/1976109968563765583,1704501246231449600,cipokbrutal
1976106949512212812,2025-10-09 02:06:25+00:00,0,"yeay finally tuku kopi buka di Bali!! 
thank u so much yg udh dengerin keluh kesahku biar tuku buka di Bali🥹🫶🏻😇",1976106949512212812,,,in,,0,0,0,https://x.com/rich_keyyy/status/1976106949512212812,1673283002124890112,rich_keyyy
1976102946065756261,2025-10-09 01:50:31+00:00,0,"Promo Shopeefood

Sushi Yay
https://t.co/Z3p72GrHSf

Richeese Factory
https://t.co/5oSMn4GNTN

Yoshinoya
https://t.co/Swm5wHZI50

Truffle Belly
https://t.co/rAy8Kizooc

Kopi Kenangan
https://t.co/D9rZafxpKL

Kopi Tuku
https://t.co/N0UtUpR9y4

Mie Gacoan
https://t.co/rFm2oQhTjP https://t.co/WUjJL2c98X",1976102946065756261,https://pbs.twimg.com/media/G2yHJonawAABOn5.jpg,,in,,0,0,0,https://x.com/pinkforestxoxo/status/1976102946065756261,1858457623684878336,pinkforestxoxo
1976071562228007039,2025-10-09 01:02:53+00:00,0,"@arifmuharram Iya nih, aku maw nyoba kopi tuku kalo pulang.",1976090958220624123,,arifmuharram,in,,0,1,0,https://x.com/fachriasmar/status/1976090958220624123,41777041,fachriasmar
1975753604247040420,2025-10-09 00:53:48+00:00,0,@cora_i9 Lohlohloh sni kopi tuku,1976088674501788003,,cora_i9,in,,0,0,0,https://x.com/planetnmx/status/1976088674501788003,1810947791235207168,planetnmx
1976071562228007039,2025-10-09 00:41:59+00:00,2,@fachriasmar Kopi Tuku 🤤,1976085698802483384,,fachriasmar,in,,0,1,0,https://x.com/arifmuharram/status/1976085698802483384,40630785,arifmuharram
1975908250399936947,2025-10-09 00:26:09+00:00,0,@sangwonbintaro Lovecheese mungkin atau kopi tuku🤔,1976081716424094154,,sangwonbintaro,in,,0,1,0,https://x.com/junseociel/status/1976081716424094154,1494926318248816640,junseociel
1976076646269726812,2025-10-09 00:06:00+00:00,0,"Promo Shopeefood

Mie Gacoan
https://t.co/NIGMJtEgGq

HokBen
https://t.co/I7I3ZnoCt5

Republic Kebab
https://t.co/Awq7fJxFpp

Burger Bangor
https://t.co/u4Zm3mNecx

Circle K
https://t.co/QVauiN7o98

Kopi Tuku
https://t.co/mB1jLCwf9u

Fore Coffee
https://t.co/DSORgz7X8p https://t.co/DJAKeroaJo",1976076646269726812,https://pbs.twimg.com/media/G2xvO0Ea8AAJ4H5.jpg,,in,,0,0,0,https://x.com/3esihma/status/1976076646269726812,1847151278776111104,3esihma
1976061135158993146,2025-10-08 23:04:22+00:00,255,"pov: pertama kali nyobain toko kopi tuku.

ternyata baru buka dan cuma 15 menit dari rumah, deket lapangan Renon, Denpasar https://t.co/61mmVRlnzH",1976061135158993146,https://pbs.twimg.com/media/G2xhH7qaAAEqc6c.jpg,,in,,8,12,12,https://x.com/govoes/status/1976061135158993146,65056227,govoes
1976055319253193153,2025-10-08 22:41:16+00:00,0,duh mau bgt lari di gbk abistuh beli kopi d tuku :),1976055319253193153,,,in,,0,1,0,https://x.com/sulsusalsuttt/status/1976055319253193153,1014901543613526017,sulsusalsuttt
1975999525811781820,2025-10-08 18:59:33+00:00,5,besok ada yg ke opening nya kopi tuku di renon ga?,1975999525811781820,,,in,,0,0,0,https://x.com/fllglonly/status/1975999525811781820,1375673667191926791,fllglonly
1975998724490117469,2025-10-08 18:56:22+00:00,0,"aaaaa pengen cobain kopi tuku di renon, mau kesana langsung tapi blm sempet😔",1975998724490117469,,,in,,0,0,0,https://x.com/hrtheeseung/status/1975998724490117469,1900142410170327045,hrtheeseung
1975973229396365804,2025-10-08 17:15:04+00:00,0,indonesia menang syukuran kopi tuku 1 liter,1975973229396365804,,,in,,0,0,0,https://x.com/stafsuss/status/1975973229396365804,979790978,stafsuss
1975971588572164107,2025-10-08 17:08:33+00:00,6,Pengen holostars collab sm tuku kopi ataupun cafe lokal apa aja PLIS.... GUA FOMO...,1975971588572164107,,,in,,0,0,0,https://x.com/bluberiitea/status/1975971588572164107,1531231627472384000,bluberiitea
1975953193487184246,2025-10-08 15:55:27+00:00,13,Bertetangga dengan Toko Kopi Tuku. https://t.co/pJjb4k8QFa,1975953193487184246,https://pbs.twimg.com/media/G2v-8xaawAApF-T.jpg,,in,,0,0,0,https://x.com/PakRC_/status/1975953193487184246,1040069180404391937,PakRC_
1975566521994039784,2025-10-08 15:48:00+00:00,0,@lqesbian *doyan kopi extra sugar minta ke barista tuku,1975951317698044023,,lqesbian,in,,0,0,0,https://x.com/coffekidz/status/1975951317698044023,1669617936397660162,coffekidz
1975947806901952981,2025-10-08 15:34:03+00:00,1,"sumpah i miss kopken, tuku, makmur jaya, fore, point, djawa, dll. kopi kopi enak nan murah💔💔💔💔💔💔💔💔",1975947806901952981,,,in,,0,1,0,https://x.com/w06nhagie/status/1975947806901952981,1899644583719628800,w06nhagie
1975941136675189139,2025-10-08 15:07:32+00:00,9,"Besok 9 Oktober 2025 Toko Kopi Tuku udah buka untuk umum di Bali, lokasinya ada di Renon tepatnya Jl Raya Puputan no 10. Rahajeng rauh ring Denpasar, rahayu! https://t.co/hHUtVLKi0q",1975941136675189139,https://pbs.twimg.com/amplify_video_thumb/1975941065791373312/img/-KJofnmVwp-GkNP-.jpg,,in,,1,0,2,https://x.com/Pashatama/status/1975941136675189139,60820540,Pashatama
1975936056588702205,2025-10-08 14:47:21+00:00,0,"2 kata yg semakin membuat mataku berat dan ingin menutup

(kopi tomoro ga mempan, harusnya td kopi tuku aja) https://t.co/Y1ER9lKg7P",1975936056588702205,https://pbs.twimg.com/media/G2vvQA6aMAACHFz.png,,in,,0,0,0,https://x.com/OhRaraa2/status/1975936056588702205,1311463196343955457,OhRaraa2
1975934615547518977,2025-10-08 14:41:38+00:00,0,"Nyobain kopi di toko kopi dan roti yg baru buka, karena penasaran ada menu kopi yg pake biji tetangga blendnya tuku👀
Rasanya emang ga mirip 100% cuz krimernya tuku kan emang spesial ya beda. Tapi okelah buat mengobati rindu kopi susu tetangga.",1975934615547518977,,,in,,0,0,0,https://x.com/araasabiha/status/1975934615547518977,83800789,araasabiha
1975934112440721570,2025-10-08 14:41:29+00:00,0,"another story

*pas di keramaian depan org*
aku: mba aku atene tuku esteh ga sisan nitip ta
dia: ngga mba ga minum manis dulu

also dia bsk paginya beli kopi (fyi tiap hari minum kopi)

okkkkdehokdehokdehhhhh",1975934578851545235,,buckxbeak,in,,0,1,0,https://x.com/buckxbeak/status/1975934578851545235,2958166207,buckxbeak
1975931949110931578,2025-10-08 14:31:02+00:00,0,kopi tuku tuh ada promo setiap kamis ya? kl be tumblr? aduh lupa deh,1975931949110931578,,,in,,0,1,0,https://x.com/regpdf/status/1975931949110931578,167359543,regpdf
1975930325466579417,2025-10-08 14:24:35+00:00,0,kopi tuku BP Gubeng bareng sirkel begundal wkwk https://t.co/8ZA7m9Icy9,1975930325466579417,https://pbs.twimg.com/media/G2vqIyKaUAAnavZ.jpg,,in,,0,1,0,https://x.com/yupiireal/status/1975930325466579417,1974298388167602176,yupiireal
1975927880472506716,2025-10-08 14:14:52+00:00,0,maaf kl selera gw jelek tp kopi tuku di lidahku tu cucmey bgt lek enak😀😀👋🏻👋🏻,1975927880472506716,,,in,,0,1,0,https://x.com/aquarishaa/status/1975927880472506716,1451160816141496325,aquarishaa
1975886293881245974,2025-10-08 14:13:26+00:00,0,@lonelyrowd @oyuzter sumpah tp kopi famima murah jggg jadi aku lg beralih sedikit dr tuku ke famima,1975927522115342668,,lonelyrowd,in,,0,2,0,https://x.com/psompurin/status/1975927522115342668,2700436423,psompurin
1975873995309564074,2025-10-08 13:50:11+00:00,0,@sabunharmony camp ceria wong suwe gak ngombe kopi tuku https://t.co/m23DdFAGPo,1975921669907874221,https://pbs.twimg.com/media/G2viR--bQAA0GTZ.jpg,sabunharmony,in,,0,1,0,https://x.com/famfamss/status/1975921669907874221,1260226468929507329,famfamss
1975914994077499789,2025-10-08 13:28:44+00:00,0,@Laararaj HAIK… terima kasih banyak kami ucapkan untuk syef Janelle karena sudah memberi kami makanan bergizi malam ini! Semoga dapurnya segera dapat perbaikan dan bisa membuat lebih banyak mbg lagi 🥺 selamat istirahat syef! Jangan lupa menu untuk besok marugame udon dan kopi tuku! ^___^,1975916272987844982,,Laararaj,in,,0,0,0,https://x.com/Leuseo/status/1975916272987844982,443333838,Leuseo
1975914920303890806,2025-10-08 13:23:22+00:00,0,"kopi terenak sedunia🫶🏻
ya kopi Tuku! https://t.co/bpnxyQhQMp",1975914920303890806,https://pbs.twimg.com/media/G2vcHJDa0AAVZkv.jpg,,in,,0,1,0,https://x.com/kyutiqueen/status/1975914920303890806,3254161945,kyutiqueen
1975913686670950717,2025-10-08 13:18:28+00:00,1,finally kopi tuku besok udah buka di renon n it’s actually near me hoho,1975913686670950717,,,in,,0,0,0,https://x.com/cwindereilla/status/1975913686670950717,1917605418421100544,cwindereilla
1975900277304860902,2025-10-08 13:13:31+00:00,0,@MIYFEON @Lanra Kami ada kopi tuku mau?,1975912441122086915,,MIYFEON,in,,0,1,0,https://x.com/Myuengjae/status/1975912441122086915,1414829100066246670,Myuengjae
1975909094277165072,2025-10-08 13:00:13+00:00,0,dititik pgn kopi tuku maksimal,1975909094277165072,,,in,,0,0,0,https://x.com/yoghwrel/status/1975909094277165072,1030976301174206464,yoghwrel
1975900303611625481,2025-10-08 12:25:17+00:00,0,beli kopiiiii bangggg tuku kopi bangggg 100 gelas 😭 haha biar bisa liatin baristanya begini bentukannya  https://t.co/wR4NaNgPgO,1975900303611625481,https://pbs.twimg.com/amplify_video_thumb/1975881932417155072/img/V1At2KjS_6NeQpH_.jpg,,in,,0,0,0,https://x.com/hyuniechanie/status/1975900303611625481,931804989759954944,hyuniechanie
1864555529034715462,2025-10-08 12:23:51+00:00,0,"🗺️ Roast8ry Coffee Flagship Shop
📍24, 9 soi 17, Suthep, Muang, Chiang Mai 50200, Thailand

 📝 mahal kopinye, dan menurut gw masih jauh enakan kopi tuku bahkan kopken 😭😭 mereka kalo kena kopi indo kejang2 kali ye saking enaknya
📝 pembayaran CASH only https://t.co/1BUtoEL0yH",1975899943501234351,https://pbs.twimg.com/media/G2vOhNzbcAALNfC.jpg,thapfahinthu,in,,0,0,0,https://x.com/thapfahinthu/status/1975899943501234351,4826632311,thapfahinthu
1975898344942932474,2025-10-08 12:17:30+00:00,0,"tema hari ini adalah kopi tuku, mie ayam, dan wedang angsle.",1975898344942932474,,,in,,0,0,0,https://x.com/Ellarkive/status/1975898344942932474,882541149323440128,Ellarkive
1975896094614954061,2025-10-08 12:08:33+00:00,0,cortis kalo disuruh promosi kopi tuku: https://t.co/6T3eQ94sIw,1975896094614954061,https://pbs.twimg.com/amplify_video_thumb/1975895194064355328/img/ck7uj-94V2CpwOwl.jpg,,in,,0,0,0,https://x.com/petiteonyo/status/1975896094614954061,1959780709767540736,petiteonyo
1975890107233443914,2025-10-08 11:44:46+00:00,0,I made coffee earlier today tapi tiba-tiba pengen Tuku.,1975890107233443914,,,in,,0,0,0,https://x.com/Interstellahar/status/1975890107233443914,4716143600,Interstellahar
1975859616870514951,2025-10-08 11:38:19+00:00,0,@ThiiwoolGapleek Tuku kopi.,1975888483639296107,,ThiiwoolGapleek,in,,0,0,0,https://x.com/jempoljemping/status/1975888483639296107,1845634025328959488,jempoljemping
1975887911771091021,2025-10-08 11:36:03+00:00,1,bm kopi tuku blok m,1975887911771091021,,,in,,0,1,0,https://x.com/herpvcyearth/status/1975887911771091021,1246703042759512064,herpvcyearth
1975885215148196326,2025-10-08 11:25:20+00:00,0,"Jangan remehin soal kesehatan ya guys, apalagi kalo kamu sampe gak punya BPJS!
Iuran Kelas-1nya kan hanya Rp 150rb/bulan ato Kelas-2nya kan Rp 100rb/bulan doang!

Please be aware guys with your healthiness, iurannya kan cuma seharga 6 gelas es kopi tuku lho!

Please ya!!!!!!!!!!!",1975885215148196326,,,in,,0,0,0,https://x.com/realpedal94/status/1975885215148196326,1520446489407139840,realpedal94
1975835284852891937,2025-10-08 11:16:10+00:00,0,@um_menfess coba itu disebelah kopi tuku,1975882910227210415,,um_menfess,in,,0,0,0,https://x.com/Diyakkk_/status/1975882910227210415,1209454937232433152,Diyakkk_
1975760980757155899,2025-10-08 03:11:40+00:00,0,"jadinya malah sarapan pisang kukus 2 biji, donat + kopi tuku",1975760980757155899,,,in,,0,0,0,https://x.com/anrealitychaser/status/1975760980757155899,456569591,anrealitychaser
1975758725299511641,2025-10-08 03:02:42+00:00,0,"Promo Shopeefood

Kopi Tuku
https://t.co/eVvNNz05Oi

Sushi Yay
https://t.co/7TTP6chtFA

Mie Gacoan
https://t.co/DPgaztWuBb

Sec Bowl
https://t.co/7X6LILOafO

Richeese Factory
https://t.co/6VjtVT9c1H

Haus!
https://t.co/M26mj9QZYH

Hi! Kebab
https://t.co/66mY8xU20T https://t.co/uk2qZXxD2L",1975758725299511641,https://pbs.twimg.com/media/G2tOFU0aYAAuaX-.jpg,,in,,0,0,0,https://x.com/3esihma/status/1975758725299511641,1847151278776111104,3esihma
1975758155616583902,2025-10-08 03:00:26+00:00,0,"Pdhl asline isok ae budal lgsg tuku kopi, tp lakok ngantor sek, parkir rodok njobo soale niat metu maneh, sekalian pajak eskrim oreo 🤣🤣",1975758155616583902,,,in,,0,0,0,https://x.com/xtrapedasnya/status/1975758155616583902,442502739,xtrapedasnya
1975473585813848074,2025-10-08 02:33:25+00:00,0,@sunglhyun Boleh nitip kopi tuku?,1975751354850144316,,sunglhyun,in,,0,1,0,https://x.com/sanyazeaki/status/1975751354850144316,3271467325,sanyazeaki
1975749206233993704,2025-10-08 02:24:53+00:00,0,Pengen banget Kopi Tuku..tp prediksi cuaca sore ini sampe malem hujan.. hua huaa..,1975749206233993704,,,in,,0,2,0,https://x.com/1stforthis/status/1975749206233993704,1969411119459811329,1stforthis
1975739637860889035,2025-10-08 02:18:05+00:00,0,@ASAAAblox kopi hitam tetangganya tuku :3,1975747495830393058,,elodiegrizz,in,,0,0,0,https://x.com/pinkacu/status/1975747495830393058,4903676175,pinkacu
1975742589954306081,2025-10-08 02:02:30+00:00,0,@womanfeeds_id beli di tuku kopi 10rb awet dan tebel,1975743573757718884,,womanfeeds_id,in,,0,0,0,https://x.com/nctbogor/status/1975743573757718884,907922456,nctbogor
1975718827427266650,2025-10-08 00:24:10+00:00,0,"Promo Shopeefood

Mie Gacoan
https://t.co/SNlatK8jdK

Kopi Tuku
https://t.co/Q6PyBYJwOd

Republic Kebab
https://t.co/S3WTJrvmNw

HokBen
https://t.co/Pl0fBHIBZe

Burger Bangor
https://t.co/961UZ04zbk

Fish Streat
https://t.co/Hjk2NL0Gyw

SeIndonesia
https://t.co/premZeLAN5 https://t.co/lBuWINH9cG",1975718827427266650,https://pbs.twimg.com/media/G2spyWibIAAte3m.jpg,,in,,0,0,0,https://x.com/3esihma/status/1975718827427266650,1847151278776111104,3esihma
1975677278429585871,2025-10-07 21:39:04+00:00,0,"Indonesia nanti malam, menang Alhamdulillah seri udah bagus kalau kalah penting jangan banyak² dah gitu aja. 

Waktunya nyerang tebak skor ae iki sopo reti ono sg nyangkut lumayan kanggo tuku kopi.",1975677278429585871,,,in,,0,0,0,https://x.com/Fuadajadehh/status/1975677278429585871,1409353205515898886,Fuadajadehh
1975602051812909553,2025-10-07 17:43:09+00:00,0,@sbyfess kopi tuku🤤 https://t.co/lwJhi9agyX,1975617910011043877,https://pbs.twimg.com/media/G2rOBP3aIAEzG89.jpg,sbyfess,in,,0,0,0,https://x.com/krabbymeal/status/1975617910011043877,1353385125514416128,krabbymeal
1975604445250789527,2025-10-07 16:49:39+00:00,1,ternyata aku emang se engga suka itu sama matcha knp ya udh nyoba minum tapi afternya biasa aja..emang lidah ini cocoknya kopi tuku ama kopken,1975604445250789527,,,in,,0,0,0,https://x.com/booksniffer__/status/1975604445250789527,1559834634665439234,booksniffer__
1975518277993701815,2025-10-07 14:33:14+00:00,0,@nunanadd kopi tuku,1975570114029494679,,nunanadd,in,,0,0,0,https://x.com/chocheetahlee/status/1975570114029494679,1738950955734126592,chocheetahlee
1975551438282695015,2025-10-07 13:19:01+00:00,16,"dikarenakan di hutan kota tanggal 12 oktober ada konser gratis, dan dipastikan kita ga bisa masuk. jadi untuk tempat kita pindah di Taman Kota GBK ya.. lokasinya deket sama gate 5 sebelah kopi tuku. kalo belum paham lokasinya boleh dm aku ya besok🥰
maaf untuk ketidaknyamanannya",1975551438282695015,,,in,,5,2,9,https://x.com/babykeonho/status/1975551438282695015,1455517373180514312,babykeonho
1975540287998206462,2025-10-07 12:34:43+00:00,0,"Lepas ni nak pergi Jakarta pergi Kopi Tuku. 

I will definitely go.",1975540287998206462,,,in,,0,0,0,https://x.com/nizxmshxms/status/1975540287998206462,1564979983751077888,nizxmshxms
1975533676336455755,2025-10-07 12:09:25+00:00,0,best coffee ever blm pernah nemu kopi yg se gong tuku,1975533923385164060,,xdinarye,in,,0,0,0,https://x.com/xdinarye/status/1975533923385164060,1277873162877669376,xdinarye
1974677461020610977,2025-10-07 12:07:58+00:00,0,@coffebit cok beli kopi tuku ae ga dapet anyink,1975533558048633310,,coffebit,in,,0,0,0,https://x.com/tangledaxons/status/1975533558048633310,1535946870203494401,tangledaxons
1975526278603415844,2025-10-07 11:39:02+00:00,0,kopi tuku kenapa mahal💔 aku hrus ngopi biar melek wkt krja💔,1975526278603415844,,,in,,0,0,0,https://x.com/dojaephile/status/1975526278603415844,845368909,dojaephile
1975511610383904866,2025-10-07 11:00:45+00:00,1,"4. Aku stop minum kopi (sejak SMA) karena tiap kena caffein gerd / maag terus. Trs jg aku lactose jir jdi sgt no no minum kopsu 😞 karna ga mnm susu aja kadang gumohan. 

Makannya aku ga prnh ikt tmn jajan minum manis di kantor kaya tuku.",1975516642764546288,,gaongrogol,in,,0,1,0,https://x.com/gaongrogol/status/1975516642764546288,1796903387340156928,gaongrogol
1975486378877358499,2025-10-07 09:23:45+00:00,0,@Wiramandalika_ Mayoritas kira2 org Indo suka teh ga yah? Soale diliat2 pd suka kopi kyk Fore Tuku Kopken....,1975492232481546648,,Wiramandalika_,in,,0,0,0,https://x.com/SamEndymion/status/1975492232481546648,1083554107883843584,SamEndymion
1975487356787634657,2025-10-07 09:04:23+00:00,0,"Toko Kopi Tuku menyediakan produk dalam ukuran besar, TUKUCUR. Khusus untuk pengguna Blibli, kalian bisa mendapatkan paket bundling ini dengan penawaran terbatas
https://t.co/g63RCypHHu https://t.co/MZb45NMY0J",1975487356787634657,https://pbs.twimg.com/media/G2pXSCia0AAf2Uv.jpg,,in,,0,0,0,https://x.com/promoblibli_/status/1975487356787634657,1868875109521592320,promoblibli_
1975486212157940062,2025-10-07 08:59:50+00:00,0,"Diskon kopi favorit oktober bahagia

Kopi Calf
https://t.co/9JZ29zIs09

Kopi Tuku
https://t.co/vkZDvhSw1K

Kopi Philosophy
https://t.co/Q7X7vX5fiP

Kopi Kenangan
https://t.co/W98Ul1yEow

Janji Jiwa
https://t.co/4Ruwz0dceq",1975486212157940062,,,in,,0,0,0,https://x.com/ike_tjn/status/1975486212157940062,513346093,ike_tjn
1975477403637129530,2025-10-07 08:24:50+00:00,1,minum kopi tuku *slurpp*,1975477403637129530,,,in,,0,0,0,https://x.com/deercalico/status/1975477403637129530,2179487436,deercalico
1975467023896616998,2025-10-07 07:43:35+00:00,0,"siapa yg suka atau pernah nyetok kopi tuku, kalau simpen freezer tahan berapaa lama deh",1975467023896616998,,,in,,0,0,0,https://x.com/goldrvses/status/1975467023896616998,1111259682209845248,goldrvses
1975462711451685155,2025-10-07 07:26:27+00:00,0,"lek tuku enean gak atek mikir😄👍 wkwk josjis, nggeh ngeten pun pean.. MIKIR LAH AKU, mikir ""ini campur ini enak, oh cemplungin ke sini aja MANTAPS yay"", betapa J gue yg INFP INTP ini ckckck
hidup kopi hitam, eh itu lucu bakso isi saus mentai, enak, tapi isi 2 doang HEHE https://t.co/E194QXi1Mv",1975462711451685155,https://pbs.twimg.com/media/G2pA3axbwAA9UQC.jpg,,in,,1,0,0,https://x.com/5my_yaa/status/1975462711451685155,1010962080499814401,5my_yaa
1975454004345024539,2025-10-07 06:51:51+00:00,0,"Naruh kopi tuku di kulkas kantor, langsung ilang. Kimbek.",1975454004345024539,,,in,,0,1,0,https://x.com/amegds/status/1975454004345024539,194498591,amegds
1975445013707563075,2025-10-07 06:16:07+00:00,0,"Promo kopi rekomendasi shopeefood

Kopi Calf
https://t.co/9JZ29zIs09

Kopi Tuku
https://t.co/vkZDvhSw1K

Kopi Philosophy
https://t.co/Q7X7vX5fiP

Kopi Kenangan
https://t.co/W98Ul1yEow

Janji Jiwa
https://t.co/4Ruwz0dceq",1975445013707563075,,,in,,0,0,0,https://x.com/ike_tjn/status/1975445013707563075,513346093,ike_tjn
1975434912296759465,2025-10-07 05:35:59+00:00,1,Tiba tiba kepengen es Kopi Tuku satu truk,1975434912296759465,,,in,,0,1,0,https://x.com/your_rosa/status/1975434912296759465,1408420584694771715,your_rosa
1975429940909908418,2025-10-07 05:16:14+00:00,0,pengennnnnnn kopi tuku🤯🤯🤯🤯🤯🤯,1975429940909908418,,,in,,0,0,0,https://x.com/simpenanpejab4t/status/1975429940909908418,1386759720,simpenanpejab4t
1975421913897025716,2025-10-07 04:44:20+00:00,0,"entah ada korelasi apa engga, tp gue minum kopi tuku jadi ga napsu makan",1975421913897025716,,,in,,0,1,0,https://x.com/saptariaptr/status/1975421913897025716,582865097,saptariaptr
1975415623397351700,2025-10-07 04:19:20+00:00,0,Kayane bocah saiki sing pada nyambed gawe dong esuk mending tuku kopi tinimbang sarapan.,1975415623397351700,,,in,,0,0,0,https://x.com/jeksijek/status/1975415623397351700,2606396532,jeksijek
1975395332927430997,2025-10-07 02:58:43+00:00,0,Couve yg enak apa guys? Dia tipe mirip calf sm tuku ga creamy tp ttp kerasa kopi bgt? Apa creamy susu?,1975395332927430997,,,in,,0,0,0,https://x.com/noisetteiris/status/1975395332927430997,1759560218340737024,noisetteiris
1975383915256029450,2025-10-07 02:13:20+00:00,2,"nitip mahh tkg nyoba. Kopi unik=enak
1. Calf: enakk bold 1 tier di bwh tuku utk ak
2. Makjay: b bgt imo many cafe biasa rasanya gt
3. Ssst: gula arennya unik, okei, lebi suka almondnya g expect enak gurih will be better kl nambah shot
4. Eiji: enak ok rasa unik, g pasaran",1975383915256029450,,,in,,0,1,0,https://x.com/HujanJuli/status/1975383915256029450,1257356676736278528,HujanJuli
1975361249828610537,2025-10-07 00:54:14+00:00,0,@The_Raiinnn duek gae tuku sego ae ganok opomaneh tuku kopi,1975364007197614261,,The_Raiinnn,in,,0,1,0,https://x.com/gagituflo/status/1975364007197614261,1684564285228466176,gagituflo
1975358934161772614,2025-10-07 00:34:04+00:00,9,"Update kehidupan h+1 minum kopi tuku,
1. Minum jam 3 siang gabisa tidurnya sampai jam 2 subuh 😭
2.  Gua mimpi gua jadi budak corporate yang kerjanya ngelakuin cable row (dimimpi aja gua pull day anj 😭)
3. Skrg gua lemes dan demam, tpi masih harus kerja :(",1975358934161772614,,,in,,0,2,0,https://x.com/hiukecap/status/1975358934161772614,1451530258016923649,hiukecap
1975358585719955583,2025-10-07 00:32:41+00:00,0,"sarapan, tuku kopi, ngedit",1975358585719955583,,,in,,0,1,0,https://x.com/wrongcarway/status/1975358585719955583,3157853365,wrongcarway
1975353205908467721,2025-10-07 00:11:19+00:00,0,"Promo Shopeefood

Kopi Tuku
https://t.co/jxOLpsNBOz

Mie Gacoan
https://t.co/mCEHUpL9T9

HokBen
https://t.co/YPx2qFI9U0

Republic Kebab
https://t.co/aAmbzJKBPj

Fish Streat
https://t.co/fArnlsAlBm

Burger Bangor
https://t.co/4tu9jG8Dny

Fore Coffee
https://t.co/gLnJBiM3x0 https://t.co/c0aVvQxPZq",1975353205908467721,https://pbs.twimg.com/media/G2ndQ97bIAEvPiU.jpg,,in,,0,0,0,https://x.com/3esihma/status/1975353205908467721,1847151278776111104,3esihma
1974633133116129691,2025-10-07 00:08:06+00:00,0,@GNFI kopi tuku 🤤,1975352397909340433,,GNFI,in,,0,0,0,https://x.com/dandyekaaa/status/1975352397909340433,1544156495863943170,dandyekaaa
1975148141180768517,2025-10-06 18:17:16+00:00,0,@rlnndnnn kopi tuku pls,1975264107424325838,,rlnndnnn,in,,0,1,0,https://x.com/dr4yven/status/1975264107424325838,1939730948276592643,dr4yven
1975235830567551487,2025-10-06 16:24:54+00:00,3,"For sure kopi tuku bikin gua kleyengan 😭😭

Peminum matcha sok-sok-an minum kopi no sugar 😭😭",1975235830567551487,,,in,,0,2,0,https://x.com/hiukecap/status/1975235830567551487,1451530258016923649,hiukecap
1975225883763036267,2025-10-06 15:45:23+00:00,0,"baru kemarin bilang mau puasa kopi, eh kopi tuku mau grand opening di bali",1975225883763036267,,,in,,0,0,0,https://x.com/shedidmedirt/status/1975225883763036267,1774872825058484224,shedidmedirt
1975220666589909035,2025-10-06 15:24:39+00:00,0,"pulang kerja langsung cod kopi tuku 🥹
plis adain kopi dikotaku donggg 🫰🏻",1975220666589909035,,,in,,0,0,0,https://x.com/058sw/status/1975220666589909035,1968858251048448000,058sw
1975202138231132648,2025-10-06 14:11:01+00:00,0,kayanya kopi tuku doang deh yg ga bikin huek huek.,1975202138231132648,,,in,,0,0,0,https://x.com/shnheni/status/1975202138231132648,955945973611548672,shnheni
1975201390080541088,2025-10-06 14:08:03+00:00,1,semeton udah pada nyobain kopi tuku di renon ?,1975201390080541088,,,in,,0,2,0,https://x.com/RatnoAkaBemz/status/1975201390080541088,145617669,RatnoAkaBemz
1975192794689163490,2025-10-06 13:33:54+00:00,20,"Pulang kerja, beli lumpia, kopi tuku, terus nongkrong sampe gelap

Kalau sama kamu kayaknya lebih seru deh https://t.co/PznLpeVEu9",1975192794689163490,https://pbs.twimg.com/media/G2lLXg1bcAEMGZS.jpg,,in,,0,8,0,https://x.com/SherifWoodyyy/status/1975192794689163490,1300239723739320321,SherifWoodyyy
1975191014886559995,2025-10-06 13:26:49+00:00,1,kopi tuku endorse aku please &lt;___3 https://t.co/4aBga9QS4M,1975191014886559995,https://pbs.twimg.com/media/G2lJvQQacAE1B8J.jpg,,in,,0,0,0,https://x.com/syafaespa/status/1975191014886559995,848291419705843713,syafaespa
1975185182627090599,2025-10-06 13:16:53+00:00,0,"@sivmples @denrmark hai ayah ganteng, 08 berapa yah? mau sungkem sambil bawa kopi tuku",1975188512258560452,,sivmples,in,,0,2,0,https://x.com/khailpookie/status/1975188512258560452,861801362022998016,khailpookie
1975179849401831494,2025-10-06 12:42:27+00:00,0,harga kopi tuku aja 23rb.......... :(,1975179849401831494,,,in,,0,0,0,https://x.com/formyfavperson_/status/1975179849401831494,1476702275657633812,formyfavperson_
1975175790636785991,2025-10-06 12:26:20+00:00,0,Jadi mau difabis apa kopi tuku  ? https://t.co/icCFRwCEdD,1975175790636785991,https://pbs.twimg.com/media/G2k73gxbAAIcPWM.jpg,,in,,0,0,0,https://x.com/yozbaonk22/status/1975175790636785991,231454925,yozbaonk22
1975169183743664413,2025-10-06 12:00:04+00:00,1,Nemu kopi mirip Tuku n Makjay di Solo.. 😆 https://t.co/vINeGNzXHX,1975169183743664413,https://pbs.twimg.com/media/G2k15e6aEAA0HRB.jpg,,in,,1,0,0,https://x.com/LilShinta/status/1975169183743664413,154456597,LilShinta
1975163448724988002,2025-10-06 11:55:06+00:00,0,@NotUrLilyyy ada yg komen kopi keinget Tuku jir. mau coba kombinasi your cookies with Tukuuu,1975167932041720098,,,in,,0,0,0,https://x.com/reindweer/status/1975167932041720098,1359847137375232005,reindweer
1975153450452492658,2025-10-06 10:57:33+00:00,0,"Ohhh si klien ini ternyata msh satu grup company sm kopi Tuku ya

Dan gua baru tau mereka punya tempat utk sekolah baristanya sendiri",1975153450452492658,,,in,,0,0,0,https://x.com/fajajarann_/status/1975153450452492658,1053675281788002310,fajajarann_
1975145262843896197,2025-10-06 10:25:01+00:00,0,"Spill promo kopi pilhan shopeefood senin syahdu

Kopi Calf
https://t.co/9JZ29zIs09

Kopi Tuku
https://t.co/vkZDvhSw1K

Kopi Philosophy
https://t.co/Q7X7vX5fiP

Kopi Kenangan
https://t.co/W98Ul1yEow

Janji Jiwa
https://t.co/4Ruwz0dceq",1975145262843896197,,,in,,0,0,0,https://x.com/ike_tjn/status/1975145262843896197,513346093,ike_tjn
1975031449901523223,2025-10-06 09:51:13+00:00,0,@qiongg Makasih udah rekomendasiin ya~ banyak banget yang bilang kopi Tuku enak 😄,1975136754899599446,,qiongg,in,,0,0,0,https://x.com/sun_glitter_j/status/1975136754899599446,1862279601143390208,sun_glitter_j
1975135284045209666,2025-10-06 09:45:22+00:00,1,"yukk buat kalian yang nyari kopsu yang creamy dan suka kopi yang strong, langsung search di grab ""Coma Coffee"". kalo kata orang sih mirip TUKU yang aren sama yang butterscotch seasalt mirip fore💁‍♀️. yuk langsung aja dipesan! https://t.co/8x6t1dZt4b",1975135284045209666,https://pbs.twimg.com/media/G2kXEdeaUAAJACU.jpg,,in,,0,0,0,https://x.com/ato_122/status/1975135284045209666,1777810085370331137,ato_122
1975082874002149441,2025-10-06 09:31:23+00:00,0,"@chocolaatewings eco park tebet asik buat bengong wkwk
kopi nako spark lumayan enak jg yg bangkunya di danaunya tuh, walaupun lama2 bikin eneg wkwk
piknik di taman gbk belakang tuku
tmii udah asik juga tempatnya, suka ada tari kecak di tiap weekend akhir bulan
perpus TIM jg asiiikk",1975131766232174831,,chocolaatewings,in,,0,2,0,https://x.com/mangojuchuji/status/1975131766232174831,1246497266128408582,mangojuchuji
1975130515968782407,2025-10-06 09:26:25+00:00,0,"Sumpah tapi kst tuku enak banget, bener-bener bikin coffee addict gue bangkit setelah 4 tahunan stop ngopi. Karena udh separah itu ini lambung wkwk, gamau mengambil resiko lagi. Kemaren itu satu-satunya kopi yg beneran gue abisin setelah sekian lama",1975130515968782407,,,in,,0,0,0,https://x.com/Poccaryy/status/1975130515968782407,1468528274133622787,Poccaryy
1975107267365339432,2025-10-06 07:54:02+00:00,1,thank u oleh olehnya @AqilaMigamo20 mengobati kerinduan gw ama kopi tuku😩 https://t.co/vgB6FpYgqV,1975107267365339432,https://pbs.twimg.com/media/G2j9lJSaAAAcCEJ.jpg,,in,,0,0,0,https://x.com/luminous_aries/status/1975107267365339432,1622425473228902406,luminous_aries
1975105505174712689,2025-10-06 07:47:02+00:00,0,"Promo oktober shopeefood ayo klaim sekarang

Kopi Calf
https://t.co/9JZ29zIs09

Kopi Tuku
https://t.co/vkZDvhSw1K

Kopi Philosophy
https://t.co/Q7X7vX5fiP

Kopi Kenangan
https://t.co/W98Ul1yEow

Janji Jiwa
https://t.co/4Ruwz0dceq",1975105505174712689,,,in,,0,0,0,https://x.com/ike_tjn/status/1975105505174712689,513346093,ike_tjn
1975090704100819119,2025-10-06 06:48:13+00:00,0,selain calf sm tuku kopi yg tipenya creamy gitu apa sih hiks ksk point tomoro ngga terlalu,1975090704100819119,,,in,,0,2,0,https://x.com/rizzpuppy/status/1975090704100819119,1838385551550091264,rizzpuppy
1975075784474963976,2025-10-06 05:48:56+00:00,1,"klasemen terkini kopi by me:
1. tuku 
2. calf 
3. fore

fore lebih enak dari calf tp mahal banget amjir.",1975075784474963976,,,in,,0,2,0,https://x.com/wooyzoung/status/1975075784474963976,1402918276221399040,wooyzoung
1975073268303593943,2025-10-06 05:38:56+00:00,0,"Dapatkan voucher diskon spesial kopi favorit shopeefood

Kopi Calf
https://t.co/9JZ29zIs09

Kopi Tuku
https://t.co/vkZDvhSw1K

Kopi Philosophy
https://t.co/Q7X7vX5fiP

Kopi Kenangan
https://t.co/W98Ul1yEow

Janji Jiwa
https://t.co/4Ruwz0dceq",1975073268303593943,,,in,,0,0,0,https://x.com/ike_tjn/status/1975073268303593943,513346093,ike_tjn
1975069591274762568,2025-10-06 05:24:20+00:00,0,"kalo kalian nyari kopsu yang creamy dan suka rasa kopi yang strong, sabi nih yang suka. kalo kata orang sih agak mirip TUKU💁‍♀️. gratis ongkir di kota semarang siap antar depan rumah. yuk langsung aja dipesan!
CP by Whatsapp : 082138619935 https://t.co/cOYrlJdmDm",1975069591274762568,https://pbs.twimg.com/media/G2jbUj2boAA3Lyt.jpg,,in,,0,0,0,https://x.com/ato_122/status/1975069591274762568,1777810085370331137,ato_122
1975062945504936344,2025-10-06 04:57:55+00:00,0,makasih kopi tuku udah ada di dunia ini ♥️______♥️ https://t.co/31PJRG4AWu,1975062945504936344,https://pbs.twimg.com/media/G2jVR5AbIAA5A4H.jpg,,in,,0,0,0,https://x.com/juneoraugust/status/1975062945504936344,1770790544945434624,juneoraugust
1975057031494332601,2025-10-06 04:34:25+00:00,2,"50 ribu di tangan orang lagi me time

Bakso malang = kopi Tuku
Harganya sama 😅 https://t.co/mlSSO1EogD",1975057031494332601,https://pbs.twimg.com/media/G2jP50pbsAAzvJV.jpg,,in,,0,0,0,https://x.com/hildaikka_/status/1975057031494332601,1629272605,hildaikka_
1975049962011738192,2025-10-06 04:06:20+00:00,0,"Yah gak puasa sunnah hari ini 😌
Tuku kopi ahh😆😆",1975049962011738192,,,in,,0,1,0,https://x.com/rosee_203/status/1975049962011738192,1844240566802055170,rosee_203
1975045761957298547,2025-10-06 03:49:38+00:00,0,jajan kopi apa yaaa fore? tuku? apa ambil aja di cafe? 😭,1975045761957298547,,,in,,0,2,0,https://x.com/meueongIjn/status/1975045761957298547,884006574,meueongIjn
1975042873130459445,2025-10-06 03:38:10+00:00,0,"Promo Shopeefood

Kopi Tuku
https://t.co/fIxVdSqw5u

Sushi Yay
https://t.co/ZB3wrPgcuv

Burger Bangor
https://t.co/WYSGOwBW2R

Wingstop
https://t.co/B6HZtO3Utf

Yoshinoya
https://t.co/rQreNIyxv2

Truffle Belly
https://t.co/mHnwwE4Bsi

Susu Mbok Darmi
https://t.co/0ugK7Qktiw https://t.co/MiyMq7qy9N",1975042873130459445,https://pbs.twimg.com/media/G2jDBIuaYAAPxeW.jpg,,in,,0,0,0,https://x.com/3esihma/status/1975042873130459445,1847151278776111104,3esihma
1975034951860121858,2025-10-06 03:06:41+00:00,0,"contoh voucher gofood bs di mixue,pak gembus,kopi tuku,Dan banyak resto lainnya yah send link restonya aja ke wa #zonauang https://t.co/Va9SC5SvaX",1975034951860121858,https://pbs.twimg.com/media/G2i70F0bcAAPjrV.jpg,,in,,1,0,0,https://x.com/jaebearry/status/1975034951860121858,1401020526332563458,jaebearry
1974777477974335609,2025-10-06 02:45:02+00:00,0,"@caranjiyappu Kalo bisa jg gw AKAN melakukan itu

#QOTD apakah benar apabila menikahi barista tuku, bisa minum kopi tuku setiap hari?",1975029501143974104,,caranjiyappu,in,,0,1,0,https://x.com/jigempi/status/1975029501143974104,1279913842026246144,jigempi
1975020722419601743,2025-10-06 02:10:08+00:00,0,"Badmood. Udah nyiapin stok Kopi Tuku di kulkas buat dibawa kantor hari ini, tapi malah lupa jadi ketinggalan terus skg Grumpy sendiri 🥲",1975020722419601743,,,in,,0,0,0,https://x.com/Aqmarichy/status/1975020722419601743,77338377,Aqmarichy
1975005613240541444,2025-10-06 01:10:06+00:00,0,"📍Kopi Tuku, Grand Wisata https://t.co/6rh6ZZqAvz",1975005613240541444,https://pbs.twimg.com/media/G2ihIcZaMAEItBb.jpg,,in,,0,0,0,https://x.com/marlinagio95397/status/1975005613240541444,1650482984070545408,marlinagio95397
1974989747635491319,2025-10-06 00:07:04+00:00,0,"Promo Shopeefood

Mie Gacoan
https://t.co/MO7yDGFkJe

HokBen
https://t.co/cr147Rj0UW

Kopi Tuku
https://t.co/W7GyojbYoq

Republic Kebab
https://t.co/jyYQ5Vg4hX

Fish Streat
https://t.co/kfUby6o4SZ

Burger Bangor
https://t.co/LUyOA44yQE

Fore Coffee
https://t.co/N8Wmjr35Ri https://t.co/qtj039PMSG",1974989747635491319,https://pbs.twimg.com/media/G2iSs-9aYAAJAbR.jpg,,in,,0,0,0,https://x.com/3esihma/status/1974989747635491319,1847151278776111104,3esihma
1974984741771251900,2025-10-05 23:47:10+00:00,0,"Hey -dips! Hey dips! Lagi balik homebase, Selasa udh hrs ke semarang lagi. 
Kali aja ada temen2 di SEMARANG yg mau nitip, 2 kuliner ini yg aku rasa worth it untuk dibawa ke Semarang. 
Bebek Palupi sama Kopi Tuku Seliter. 
Komen aja nanti di respon 😎👌 https://t.co/ZhMYZxaLEi",1974984741771251900,https://pbs.twimg.com/media/G2iOJ8qXYAAi1BA.jpg,,in,,0,0,0,https://x.com/undipmfs2/status/1974984741771251900,1938014810056364032,undipmfs2
1940379957311746098,2025-10-05 23:26:10+00:00,0,@NikuMenwithEgg + kopi tuku,1974979457338458230,,NikuMenwithEgg,in,,0,0,0,https://x.com/florverse/status/1974979457338458230,1559508711278006273,florverse
1974872461943681442,2025-10-05 21:41:21+00:00,0,@dykedler Di bali kapan ya ada kopi tuku…,1974953076969935259,,dykedler,in,,0,1,0,https://x.com/heyitsadit/status/1974953076969935259,372085921,heyitsadit
1974934204602581288,2025-10-05 20:26:21+00:00,1,"Kopi tuku tidak cocok di perut suka kembung dan ga bisa tidur. Sementara Kopi Cold brew tidak ada tanda kelemahan di lambung aman dan bikin fresh..
.
.
.
Edisi Belajar Ngopi dan cari cari yang cocok biar kaga di katain Cemen dan Banci wkwkwk😅 https://t.co/PtdV4A7K1b",1974934204602581288,https://pbs.twimg.com/media/G2hgL0ZbwAEJhSw.jpg,,in,,0,0,0,https://x.com/Mie_Pvnkshit666/status/1974934204602581288,2718530520,Mie_Pvnkshit666
1974924272956219593,2025-10-05 19:46:53+00:00,0,Bangunkan saya di pagi hari karena besok senin mau makan nasi uduk dan beli kopi tuku!!,1974924272956219593,,,in,,0,0,0,https://x.com/Kappaa_kappa/status/1974924272956219593,1906565910254784512,Kappaa_kappa
1974914775638552667,2025-10-05 19:09:09+00:00,0,udh tau kl minum kopi diatas jam 4 sore lu gabisa tidur malah minum tuku grgr ada di kondangan ^_^,1974914775638552667,,,in,,0,0,0,https://x.com/leehanbuffet/status/1974914775638552667,1941861410885267456,leehanbuffet
1974889364137345223,2025-10-05 17:28:10+00:00,1,kopi tuku knp gk mau buka cbg semarang dah,1974889364137345223,,,in,,0,0,0,https://x.com/elcafez/status/1974889364137345223,1524736405850947584,elcafez
1974888855255032307,2025-10-05 17:26:09+00:00,0,"mw kopi tuku tp blm gajian,,,,",1974888855255032307,,,in,,0,0,0,https://x.com/elcafez/status/1974888855255032307,1524736405850947584,elcafez
1974868385541538008,2025-10-05 16:04:49+00:00,0,"td siang ngide beli kopi tuku yg buka booth di amplaz, ternyata enak woyy😖😖 https://t.co/LR2MnvuakB",1974868385541538008,https://pbs.twimg.com/media/G2gkVLJbcAAvwBT.jpg,,in,,0,1,0,https://x.com/cookiescheryshu/status/1974868385541538008,2925632389,cookiescheryshu
1974847615994098099,2025-10-05 14:42:17+00:00,3,tim calf ato tuku kopi? https://t.co/3mKslDCIzD,1974847615994098099,https://pbs.twimg.com/media/G2gRbfrbgAA_m4w.jpg,,in,,0,2,0,https://x.com/bmntara8/status/1974847615994098099,543997595,bmntara8
1974841498928857551,2025-10-05 14:17:58+00:00,20,kangen kopi tuku 😭,1974841498928857551,,,in,,0,2,0,https://x.com/kopidansenjaa/status/1974841498928857551,1876091649245491200,kopidansenjaa
1974835167819899294,2025-10-05 13:52:49+00:00,0,"Tadi nyore minum kopi tuku, pulang sampe rumah langsung hujan, jam segini udah beres ritual body treatment dan pake baju bobo. Hari minggu ku enak banget walaupun besok senin lagi, ah!",1974835167819899294,,,in,,0,0,0,https://x.com/adinerifah/status/1974835167819899294,221359260,adinerifah
1974832055432433758,2025-10-05 13:40:27+00:00,0,"Wes bengi karek turune malah kepikiran tuku sego goreng dikek i ndok dadar, dicampuri masalah ekonomi, masalah keluargo, masalah percintaan terus di kek i topping kesepian, ora nduwe panggon cerito, ngombene kopi karo ngusapi moto nahan ngantuk.

MENYEDIHKAN😭",1974832055432433758,,,in,,0,0,0,https://x.com/fauznsyaifulloh/status/1974832055432433758,3373920261,fauznsyaifulloh
1974826274641322324,2025-10-05 13:17:29+00:00,0,"Jangan lupa mampir kopi tuku, lambung ini harus ketemu kopi tuku wkwwk https://t.co/Eb9EvxIgIw",1974826274641322324,https://pbs.twimg.com/media/G2f-Bpsa4AI7R_h.jpg,,in,,0,0,0,https://x.com/afifaahzahra/status/1974826274641322324,1122738631578275840,afifaahzahra
1974798098821234730,2025-10-05 11:42:12+00:00,0,"@jaeiyya 😭😭😭😭😭😭 iya lagi😭😭 kek aksjsjs astagfirullah😭😭 kmrn aja pas di grab car kan gue mau rekomendasiin sun-nim buat cobain tuku, trs ada percakapan gini :
nurul nyaut : ""gue gasuka kopi""
gue : ""gue jg ga minum kopi, tp mau earl greynya""
nurul : ""gue ngga ah kalo kopi""",1974802298611311005,,jaeiyya,in,,0,2,0,https://x.com/runtoyouJ/status/1974802298611311005,1094499599186710529,runtoyouJ
1974799407737647302,2025-10-05 11:30:43+00:00,0,"Aneh bgt ada orang pede bgt bikin insta story, bandingin kopi tuku sm fami…..
KOK SETARA??????? Alias",1974799407737647302,,,in,,0,0,0,https://x.com/cutski/status/1974799407737647302,1016731422327861248,cutski
1974796813174730869,2025-10-05 11:30:06+00:00,1,"@hafilova Pujasera Blok M Square

atau, kelilingin area luar blok M Square juga bisa. Sering makan di Claypot Popo. kalau mau bakmie ada di Bakmi Tjo Kin bisa ngopi sekalian di Toko Kopi Djawa, satu tempat, sebelahan.

Mau sushi ada Tori Sei, mau udon ada di Futago Ya, sampingnya ada Tuku",1974799253961871546,,hafilova,in,,0,0,0,https://x.com/txtanakbioskop/status/1974799253961871546,1191622736801456128,txtanakbioskop
1974795710706106670,2025-10-05 11:16:02+00:00,0,"Waduh sulit wkwkww tp keknya :
- Tuku
- Anomali
- FORE
- Ini kopi Ulon
- Famima",1974795710706106670,,,in,,0,0,0,https://x.com/epiphanybecca/status/1974795710706106670,2277217783,epiphanybecca
1974760200096956583,2025-10-05 09:52:17+00:00,0,@hongmiong Kopi tuku disini harus menempuh perjalanan selama satu jam (nasib anak kabupaten)😔💔,1974774635775598652,,hongmiong,in,,0,0,0,https://x.com/greatestraa/status/1974774635775598652,1069740471314870272,greatestraa
1974771868361216102,2025-10-05 09:41:17+00:00,0,"Diskon kopi pilihan shopeefood

Kopi Calf
https://t.co/9JZ29zIs09

Kopi Tuku
https://t.co/vkZDvhSw1K

Kopi Philosophy
https://t.co/Q7X7vX5fiP

Kopi Kenangan
https://t.co/W98Ul1yEow

Janji Jiwa
https://t.co/4Ruwz0dceq",1974771868361216102,,,in,,0,0,0,https://x.com/ike_tjn/status/1974771868361216102,513346093,ike_tjn
1974489640955527538,2025-10-05 09:19:57+00:00,1,"@hrdbacot Tidak menyediakan pick up line, tapi kalau pick up beban buat dikembalikan lagi ke rak rajin. #TaliKasihHRDbacotQ4 sementara hanya cari komunitas di pusat kebugaran warna sian sekitar Depok-Bogor. M29, karyawan manufaktur, penikmat kopi Tuku. https://t.co/B83k3lGWVQ",1974766498058207236,https://pbs.twimg.com/media/G2fHpC1bsAAcdXG.jpg,hrdbacot,in,,0,3,1,https://x.com/yandikasuharto/status/1974766498058207236,379092089,yandikasuharto
1974760200096956583,2025-10-05 08:54:55+00:00,0,Bener kata orang orang klo kopi tuku enak bgt😭🫶 https://t.co/Yk1frYFIDv,1974760200096956583,https://pbs.twimg.com/media/G2fB7qRasAEoOOu.jpg,,in,,0,1,0,https://x.com/greatestraa/status/1974760200096956583,1069740471314870272,greatestraa
1974633133116129691,2025-10-05 08:29:37+00:00,0,@GNFI kopi tuku the best,1974753832484941870,,GNFI,in,,0,0,0,https://x.com/panjie_ginanjar/status/1974753832484941870,553179671,panjie_ginanjar
1974731316391256395,2025-10-05 07:33:08+00:00,0,"@mfselfol Haloo, Isa. Itu minuman apa? Kamu mau minum kopi Tuku lagi nggak?",1974739620006138081,,mfselfol,in,,0,0,0,https://x.com/Juybeon/status/1974739620006138081,1585095277899571201,Juybeon
1974719540899844402,2025-10-05 06:13:21+00:00,3,"kalo kalian nyari kopsu yang creamy dan suka rasa kopi yang strong, sabi nih ikut PO. kalo kata orang sih agak mirip TUKU💁‍♀️. gratis ongkir di kota semarang. bisa disimpan di kulkas sampai 3-5 hari! harus ditutup rapat yah!!! yuk langsung aja dipesan!
CP by Whatsapp : 082138619935 https://t.co/7TQ7z7bmr6",1974719540899844402,https://pbs.twimg.com/media/G2ec9CzaUAAy-nd.jpg,,in,,0,0,1,https://x.com/ato_122/status/1974719540899844402,1777810085370331137,ato_122
1974717743338569843,2025-10-05 06:06:13+00:00,1,Pengen beli kopi tuku seliter😭🤙🏻,1974717743338569843,,,in,,0,0,0,https://x.com/noturcheese__/status/1974717743338569843,478604042,noturcheese__
1974709401522151551,2025-10-05 05:33:04+00:00,0,"Promo shopeefood oktober dengan kopi pilihan favoritmu

Kopi Calf
https://t.co/9JZ29zIs09

Kopi Tuku
https://t.co/vkZDvhSw1K

Kopi Philosophy
https://t.co/Q7X7vX5fiP

Kopi Kenangan
https://t.co/W98Ul1yEow

Janji Jiwa
https://t.co/4Ruwz0dceq",1974709401522151551,,,in,,0,0,0,https://x.com/ike_tjn/status/1974709401522151551,513346093,ike_tjn
1974706772469555635,2025-10-05 05:22:37+00:00,0,"Bangun jam segini, yang dicari bukannya air putih malah kopi Tuku🙂",1974706772469555635,,,in,,0,0,0,https://x.com/NaufalWg/status/1974706772469555635,1154023109491474432,NaufalWg
1974334353347129552,2025-10-04 04:49:14+00:00,0,animo bakery beli kopi susu aja udah enak creamy tapi kopinya gak sestrong tuku. klo nako wajib cobain kopi kahlua👍🏻,1974335981588484434,,zanggarka,in,,0,0,0,https://x.com/zanggarka/status/1974335981588484434,1681416637894000641,zanggarka
1974332562605756588,2025-10-04 04:35:38+00:00,0,Durung keturutan kopi tuku tpi males rame ne,1974332562605756588,,,in,,0,0,0,https://x.com/fineeelineee/status/1974332562605756588,1215041683,fineeelineee
1974277736593305797,2025-10-04 02:18:37+00:00,0,@KADENblox Beli di kopi tuku bang mau ga,1974298080477696500,,pecbukARJUN,in,,0,1,0,https://x.com/crewLOEY/status/1974298080477696500,1754386131200901120,crewLOEY
1974286704476615125,2025-10-04 01:33:26+00:00,0,"Another perkopian yang gua gak expected enak adalah kopi depan stasiun sudirman (Disenja coffee), awalnya iseng beli ini karena tuku di dukuh atas masih tutup. Surprisingly, ternyataa enakk? Baru nyoba yang disenja coffeenya aja sih, belum rasa lain, tapi udah repeat order",1974286707429376169,,lebahambyar,in,,0,0,0,https://x.com/lebahambyar/status/1974286707429376169,2243407196,lebahambyar
1974277736593305797,2025-10-04 00:57:47+00:00,0,"Nyari sarapan pake tuktuk
Jgn lupa beli kopi tuku
Cakep
Hai weekend smoga indh hariku 🙌🏻 https://t.co/csbZCMKJE8",1974277736593305797,https://pbs.twimg.com/media/G2YLIkvagAAb7wx.jpg,,in,,0,14,0,https://x.com/crewLOEY/status/1974277736593305797,1754386131200901120,crewLOEY
1974269179135209741,2025-10-04 00:23:47+00:00,0,"Promo Shopeefood

Mie Gacoan
https://t.co/0EfTYvSaMB

HokBen
https://t.co/QL7W1WRYOZ

Kopi Tuku
https://t.co/6t6xb0XCTV

Burger Bangor
https://t.co/I7xyH3ko4B

Fore Coffee
https://t.co/MItaNqINEE

Circle K
https://t.co/yF4uOwHVR5

SeIndonesia
https://t.co/2NOnaeG3xl https://t.co/5r0P4RJjrQ",1974269179135209741,https://pbs.twimg.com/media/G2YDWe-a0AAIfTD.jpg,,in,,0,0,0,https://x.com/pinkforestxoxo/status/1974269179135209741,1858457623684878336,pinkforestxoxo
1973968785561301462,2025-10-03 20:53:37+00:00,0,@tanyakanrl Nasi goreng toping telur atau sosis ngombe Josua utowo tuku kopi,1974216292535083131,,tanyakanrl,in,,0,0,0,https://x.com/humaast/status/1974216292535083131,1334144533165051907,humaast
1974177422259212456,2025-10-03 18:19:10+00:00,0,craving kopi tuku,1974177422259212456,,,in,,0,0,0,https://x.com/fureyey/status/1974177422259212456,1108373378379862016,fureyey
1974165092389486712,2025-10-03 17:30:10+00:00,0,"ak tadi beli tuku trs baru diminum setengah, kemana itu kopi dah bzir lupa naro😭",1974165092389486712,,,in,,0,0,0,https://x.com/pcysunlightt/status/1974165092389486712,918830061775499264,pcysunlightt
1974162610376618347,2025-10-03 17:22:27+00:00,0,My lovs untuk kopi tuku. Belah dadaku ada kopi tuku mengalir di tubuhku 🤸‍♀️🤸‍♀️🤸‍♀️🤸‍♀️🤸‍♀️🤸‍♀️🤸‍♀️,1974163150720450667,,headlessbnuyy,in,,0,0,0,https://x.com/headlessbnuyy/status/1974163150720450667,1593453118523469824,headlessbnuyy
1974093755012821188,2025-10-03 14:12:59+00:00,0,"@piyopikavet Saya beli kopi item. Eh dikasih kopi susu. Kata penjualnya: lho, itu bagus lho, bagi kesehatan... bisa menambahkan kalsium, fosfor, zat besi, aluminium, seng... bisa bikin awet muda, tulang kuat...
prek su! aku ki tuku kopi, dudu kopi susu!",1974115469570584868,,piyopikavet,in,,0,0,0,https://x.com/wongndonya/status/1974115469570584868,57604769,wongndonya
1974113398700061119,2025-10-03 14:04:46+00:00,1,"1. kopi kenangan 
2. tuku
3. family mart 
4. point
5. fore",1974113398700061119,,,in,,0,1,0,https://x.com/wegotthatbumz/status/1974113398700061119,1643472161380892672,wegotthatbumz
1974112505304871049,2025-10-03 14:01:13+00:00,0,"kopi tuku, semenjak pindah ke sampit belom ada kopi seenak tuku hiks",1974112505304871049,,,in,,0,1,0,https://x.com/matchanmangow2h/status/1974112505304871049,1956337112510504961,matchanmangow2h
1974053065201537055,2025-10-03 13:46:56+00:00,0,@stealthwep tuku yg enak apa ya? penasaran nyobain kopi nya,1974108910467579927,,stealthwep,in,,0,1,0,https://x.com/feelingnumbb_/status/1974108910467579927,1457242484849856518,feelingnumbb_
1974084938099273868,2025-10-03 12:11:40+00:00,6,"Karna weekend ini akan dibuat stress tanpa apresiasi, minggu depan day off aku mau treat myself 
- Brownies 
- Donatt 
- Kopi Tuku! 
😩😩😔",1974084938099273868,,,in,,0,1,0,https://x.com/LessSugarrplis/status/1974084938099273868,1863217783057879040,LessSugarrplis
1974081274387239034,2025-10-03 11:57:07+00:00,0,"Diskon kopi shopeefood ayo klaim sekarang vouchernya!

Kopi Calf
https://t.co/9JZ29zIs09

Kopi Tuku
https://t.co/vkZDvhSw1K

Kopi Philosophy
https://t.co/Q7X7vX5fiP

Kopi Kenangan
https://t.co/W98Ul1yEow

Janji Jiwa
https://t.co/4Ruwz0dceq",1974081274387239034,,,in,,0,0,0,https://x.com/ike_tjn/status/1974081274387239034,513346093,ike_tjn
1974066931188768944,2025-10-03 11:00:07+00:00,1,"✅ sekian
❌ jinja jiwa
❌ narengi
❎ kopken
✅ tuku
✅ point
❌ family mart

so far buat signature kopi nya yg paling best sekian coffee sih anjay kopi bikinan gua aja kalah, kuncinya tetep di oat milk",1974066931188768944,,,in,,0,1,0,https://x.com/gonduul/status/1974066931188768944,1229754809760337921,gonduul
1973535922139308490,2025-10-03 09:29:42+00:00,0,"@fjwjaan @tanyakanrl klo mnrut aku si kopi yg menu basicnya ga mnis hmpir gada wkwkwk pling ttp hrs req gulanya entah less sugar atau 10ml aja, tp buat ak yg kopinya mayan bold tuku siii (aku psennya less sugar + extra ice) passss! bgtt 😋",1974044179161625012,,fjwjaan,in,,0,1,0,https://x.com/lilywon_u/status/1974044179161625012,1408371547727822848,lilywon_u
1974040841351233955,2025-10-03 09:16:27+00:00,0,Pengen kopi tuku,1974040841351233955,,,in,,0,0,0,https://x.com/PRODSUGS_/status/1974040841351233955,1333720743444578305,PRODSUGS_
1974027278561734960,2025-10-03 08:22:33+00:00,0,makjay enak bgt!? apkh tahta kopi tuku turun😿🫰,1974027278561734960,,,in,,0,1,0,https://x.com/yasshyasu/status/1974027278561734960,1646140846780317696,yasshyasu
1974018294769197464,2025-10-03 07:51:54+00:00,0,@cookiefor_u dlu ad kopi tuku tpi kyk a kurang laku soal a mahal,1974019565664219495,,cookiefor_u,in,,0,1,0,https://x.com/novalinosis/status/1974019565664219495,1328321750531072000,novalinosis
1973968785561301462,2025-10-03 07:26:22+00:00,0,"@tanyakanrl Gak mam, tapi lebih ke self rewardnya jajan kopi. Aku hari-hari ngopi racikan, kalau weekdays ku lagi se-exhausted itu pasti ku akhiri hari jumat dengan ngopi tuku beserta bolu wortelnya, my luv 🥺🫶🏽",1974013140430921853,,tanyakanrl,in,,0,0,0,https://x.com/inizule/status/1974013140430921853,2180290308,inizule
1974007740386132450,2025-10-03 07:07:00+00:00,0,"Aku tuku geprek sambel sak uprit ae wes rak kuat, ngombe kopi segelas wes tekan sesuk melek kui, kok ISO njirr manusiaaaa",1974008265894687120,,soenja_anjani,in,,0,1,0,https://x.com/soenja_anjani/status/1974008265894687120,1897045579,soenja_anjani
1974007883013468670,2025-10-03 07:05:29+00:00,5,"List rekomendasi minuman paling seger sak suroboyo 
1. Teh ku indonesia kapas madya
2. Point coffee
3. Kopi kenangan
4. Toko kopi tuku",1974007883013468670,,,in,,0,1,0,https://x.com/faqihaab/status/1974007883013468670,1025161265138679808,faqihaab
1973992967363866657,2025-10-03 06:21:31+00:00,0,@enjiyourbae Ketua agendakan ke kopi tuku,1973996819266027975,,enjiyourbae,in,,0,0,0,https://x.com/Bryananda19/status/1973996819266027975,308505766,Bryananda19
1973991165062988009,2025-10-03 05:59:03+00:00,0,gue baru tau kalo kopi tuku juga jualan kunciran rambut or jedai,1973991165062988009,,,in,,0,0,0,https://x.com/hellofifah/status/1973991165062988009,154395890,hellofifah
1973988570663997689,2025-10-03 05:48:44+00:00,0,"Promo Shopeefood

Sushi Yay
https://t.co/JfTLEHfw0p

Kopi Tuku
https://t.co/pzzodrAprM

HokBen
https://t.co/LLr58up4XP

Sec Bowl
https://t.co/nqdtK7NvYN

Solaria
https://t.co/oW6ZaRuO3k

Ayam Keprabon
https://t.co/CvYR9nvJfO

Burger Bangor
https://t.co/JitjIoiRkL https://t.co/M0pzSPZbAG",1973988570663997689,https://pbs.twimg.com/media/G2UEIn-bMAIn5YG.jpg,,in,,0,0,0,https://x.com/3esihma/status/1973988570663997689,1847151278776111104,3esihma
1973938101870608509,2025-10-03 05:46:19+00:00,0,"@dentawyanjana_ Calf Indonesia. 

Tapi harga dia  20 - 30% lebih mahal dari harga kopi Tuku, Fore, Tomoro, dan kopi Kenangan.",1973987962749870312,,dentawyanjana_,in,,0,0,0,https://x.com/keponakannnn/status/1973987962749870312,1679158424158998528,keponakannnn
1973985924569870553,2025-10-03 05:38:13+00:00,0,besok mo beli kopi tuku aja,1973985924569870553,,,in,,0,0,0,https://x.com/matchawwwlatte/status/1973985924569870553,1405049631549968386,matchawwwlatte
1973976520537616654,2025-10-03 05:00:51+00:00,0,"Promo shopeefood dengan pilihan kopi favorit

Kopi Calf
https://t.co/9JZ29zIs09

Kopi Tuku
https://t.co/vkZDvhSw1K

Kopi Philosophy
https://t.co/Q7X7vX5fiP

Kopi Kenangan
https://t.co/W98Ul1yEow

Janji Jiwa
https://t.co/4Ruwz0dceq",1973976520537616654,,,in,,0,0,0,https://x.com/ike_tjn/status/1973976520537616654,513346093,ike_tjn
1973972837246632226,2025-10-03 04:46:13+00:00,7,info masjid yang jumat berkah nya hokben dan kopi tuku😋,1973972837246632226,,,in,,0,3,0,https://x.com/sxcelso/status/1973972837246632226,1518268553350512640,sxcelso
1973966411790983578,2025-10-03 04:20:45+00:00,0,"sama kek stasiun cipete raya tuku, belum tentu juga bakal beli kopinya tapi cuma tau kalo ternyata ada toko kopi namanya tuku &amp; itu fair aja kok? ga ngelukain umkn lain. kayanya emng masih banyak bgt yg nyangka kalo naming right = menggantikan identitas &amp; permanen padahal cont-",1973966425841967332,,monchericoups_,in,,0,1,0,https://x.com/monchericoups_/status/1973966425841967332,2285025852,monchericoups_
1973962916916572245,2025-10-03 04:06:48+00:00,14,"Kopi Susu Tetangga from Toko Kopi Tuku.

Wa kasi lu satu like. https://t.co/8b7ZMtOPTb",1973962916916572245,https://pbs.twimg.com/media/G2Tsz7-bMAEpLDN.jpg,,in,,0,3,2,https://x.com/sengfoo88/status/1973962916916572245,5891212,sengfoo88
1973959322716770443,2025-10-03 03:52:31+00:00,0,kopi shell enak deh guys 😳 creamy mirip tuku tp gak se strong tuku ya krn tuku rasanya udh khas,1973959322716770443,,,in,,0,1,0,https://x.com/gomenachai/status/1973959322716770443,1262381367758856193,gomenachai
1973958065092505950,2025-10-03 03:47:31+00:00,16,"Kopi tuku belum buka, tapi udh viral aja dibali. 

padahal baru bangunan aja.",1973958065092505950,,,in,,0,0,0,https://x.com/penikmatseenja/status/1973958065092505950,1065782851298185216,penikmatseenja
1973950979977757067,2025-10-03 03:19:22+00:00,0,"ㅤ

️️Craving for Kopi Susu Tetangga-nya Tuku this morning after a long run.

️️",1973950979977757067,,,in,,0,1,0,https://x.com/MADEMOSYIEL/status/1973950979977757067,1782615489782693890,MADEMOSYIEL
1973936647105622141,2025-10-03 02:22:25+00:00,0,Es kopi susu tetangga tuku kok kosong ya… di dua store berbeda bahkan…,1973936647105622141,,,in,,0,0,0,https://x.com/psychedelities/status/1973936647105622141,3253428996,psychedelities
1973936515320590447,2025-10-03 02:21:53+00:00,3,"ouh begini rasa kopi Tuku,,, enak tapi enakan Everyday Lattenya Couvee ternyata (ak lebih suka yg creamy)👍

ini kaya pait asem gitu yak https://t.co/Dw8MiyPmqS",1973936515320590447,https://pbs.twimg.com/media/G2TUy1CbUAACc6F.jpg,,in,,2,3,0,https://x.com/kisutiii/status/1973936515320590447,1624392821154414593,kisutiii
1973934312425984033,2025-10-03 02:13:08+00:00,0,"Promo Shopeefood

Mie Gacoan
https://t.co/ihsG3o5u5j

Kopi Tuku
https://t.co/FWxwnOHnUM

Sushi Yay
https://t.co/XTGEBqau9M

Republic Kebab
https://t.co/QFnX19m7ZR

HokBen
https://t.co/84fd5M2BLz

Jatinangor House
https://t.co/GaL5immAKL

Burger Bangor
https://t.co/dpPe8f3di4 https://t.co/Wb2JCCo5w1",1973934312425984033,https://pbs.twimg.com/media/G2TSyb0acAAwZHR.jpg,,in,,0,0,0,https://x.com/3esihma/status/1973934312425984033,1847151278776111104,3esihma
1973908572460495129,2025-10-03 02:04:56+00:00,1,@memefess Ketoro arek iki pas jaman magang nang bengkel gaweane sing dikongkoni tuku gorengan karo kopi,1973932248501219601,,memefess,in,,0,0,0,https://x.com/brputr/status/1973932248501219601,364113859,brputr
1973899250863116447,2025-10-03 02:01:56+00:00,0,"@ngalamfess Tangi isuk
Adus
Klamben
Ladub mbek macet ndek Kalisari
Nggawe kopi
Idrek
Cangkruk
Nakam
Idrek maneh
Say hi to Pak Bos
Helum
Tuku weci
Misuh perkoro macet ndek Grajakan
Adus
Nakam
Mlungker sampek mene

Slowliving tenan☕",1973931494365364543,,ngalamfess,in,,0,0,0,https://x.com/bukanmayoritas/status/1973931494365364543,2506192686,bukanmayoritas
1973762738674643098,2025-10-03 01:24:52+00:00,0,"@ikaan_kochi imo calf mirip tuku sih kak. kalo kafe gitu ke anomali kopi, titik temu sama kopi kina",1973922163620241492,,ikaan_kochi,in,,0,0,0,https://x.com/nadjaemin_/status/1973922163620241492,919737132469469184,nadjaemin_
1973904633056931942,2025-10-03 00:15:12+00:00,0,"Promo Shopeefood

Mie Gacoan
https://t.co/2M7VPxIKok

HokBen
https://t.co/m1aavf5Elm

Kopi Tuku
https://t.co/IMREye7Uyu

SeIndonesia
https://t.co/3lyeCFwedt

Republic Kebab
https://t.co/Gy6sug905h

Circle K
https://t.co/q9G2rnb1rU

Ayam Keprabon
https://t.co/aPdAdupMF5 https://t.co/Bf8Ba2Wxi3",1973904633056931942,https://pbs.twimg.com/media/G2S3y82aIAAKmBN.jpg,,in,,0,0,0,https://x.com/3esihma/status/1973904633056931942,1847151278776111104,3esihma
1973869479823302945,2025-10-02 21:57:36+00:00,0,Like wdym udh lama ga ketemu tbtb obrolan kita jd ngomongin cabang kopi tuku &amp; donat kentang yg legit &amp; fluffy ntuh???,1973870006107844855,,1ansoprazole,in,,0,0,0,https://x.com/1ansoprazole/status/1973870006107844855,1347090816083189761,1ansoprazole
1973830745727905830,2025-10-02 19:21:36+00:00,0,Saya berjanji tdk minum kopi lg tapi kopi tuku emng enak,1973830745727905830,,,in,,0,0,0,https://x.com/tastemethen/status/1973830745727905830,1828135173793484800,tastemethen
1973635937109524668,2025-10-02 17:09:42+00:00,0,@danhengfps Beli kopi di tuku tapi makannya tetep mie goreng jawa yang depan gang lu,1973797553436307958,,hugobintaro,in,,0,1,0,https://x.com/yaminpangshit/status/1973797553436307958,1723903426596364288,yaminpangshit
1973256607430594577,2025-10-02 16:27:06+00:00,0,"@tanyarlfes kopi tuku dulu , yang malemnya bikin huek huek 🤏🏻 https://t.co/h8WxPQFUfD",1973786832925348305,https://pbs.twimg.com/media/G2RMpcebcAAudI2.jpg,tanyarlfes,in,,0,0,0,https://x.com/rnlutfii/status/1973786832925348305,1082931107140497408,rnlutfii
1973385412686070020,2025-10-02 15:11:41+00:00,0,@fawnpoise kopi tani fore!!! + TUKU^^,1973767852059742719,,fawnpoise,in,,0,1,0,https://x.com/thrillridie/status/1973767852059742719,700555763370987521,thrillridie
1973751327479214111,2025-10-02 14:39:46+00:00,0,@wanardiyan lapo ga tuku kopi,1973759821293015210,,wanardiyan,in,,0,1,0,https://x.com/sstrauberii/status/1973759821293015210,1949487084156141568,sstrauberii
1973748114701119945,2025-10-02 13:53:15+00:00,0,manifesting pls kopi tuku hrs buka 24 jam donggg😔,1973748114701119945,,,in,,0,0,0,https://x.com/picturesqueaff/status/1973748114701119945,1237037155525906434,picturesqueaff
1973738943033344147,2025-10-02 13:16:48+00:00,55,"in love with FTL blok M, ini mah gue bakal WFG (work from gym), makanan beli di blok M + kopi ada tuku, selesai kerja lgsg gym🥰 https://t.co/V6Id0Y5NWP",1973738943033344147,https://pbs.twimg.com/media/G2QhGSOaQAAiAxl.jpg,,in,,0,5,1,https://x.com/masnelg/status/1973738943033344147,969093601,masnelg
1973738819859140800,2025-10-02 13:16:19+00:00,0,"i still love kopi tuku, tapi kopken rabel comfy bgt...",1973738819859140800,,,in,,0,1,0,https://x.com/kittenkwenn/status/1973738819859140800,1489595739869089794,kittenkwenn
1973734717225918797,2025-10-02 13:00:01+00:00,0,"Sesuka itu sma kopi tuku, bkan fomo tp emg SEENAK itu😭",1973734717225918797,,,in,,0,0,0,https://x.com/hmsrrrrrrr/status/1973734717225918797,150290351,hmsrrrrrrr
1973729781486358720,2025-10-02 12:40:24+00:00,0,"seharian ini rencana dah mau ngabisin kopi tuku terakhir, ehh malah udah abis🥹

sedih bgt , kenapa ga bilang kalo minta?",1973729781486358720,,,in,,0,0,0,https://x.com/emyeeee_/status/1973729781486358720,1885285656295071748,emyeeee_
1973719157003989294,2025-10-02 11:58:11+00:00,0,"Kyknya perhari ini mau stop sementara dulu dari Tuku, mau pindah alih ke kopi yg lain🙏🏻",1973719157003989294,,,in,,0,1,0,https://x.com/dinnkindonats/status/1973719157003989294,246656062,dinnkindonats
1973711103785111593,2025-10-02 11:26:11+00:00,1,kopi gak cuma tuku sama makjay btw,1973711103785111593,,,in,,0,3,0,https://x.com/saturnevereturn/status/1973711103785111593,1777752150220955650,saturnevereturn
1973710052315001146,2025-10-02 11:22:00+00:00,0,"Promo kopi pilihan shopeefood

Kopi Calf
https://t.co/9JZ29zIs09

Kopi Tuku
https://t.co/vkZDvhSw1K

Kopi Philosophy
https://t.co/Q7X7vX5fiP

Kopi Kenangan
https://t.co/W98Ul1yEow

Janji Jiwa
https://t.co/4Ruwz0dceq",1973710052315001146,,,in,,0,0,0,https://x.com/ike_tjn/status/1973710052315001146,513346093,ike_tjn
1973706477136449769,2025-10-02 11:07:48+00:00,0,jadikan ada bpk2 dikerjaan lama mintol benerin cvnya tapi pas cvnya udh jadi dia ga bayar gmn yaa ya murah si cuman seharga kopi tuku,1973706477136449769,,,in,,0,1,0,https://x.com/bigwin2406/status/1973706477136449769,1880510956423593984,bigwin2406
1973702463539888529,2025-10-02 10:53:21+00:00,0,@cigsaftergits Ni ada kopi tuku wkwkwk,1973702840683249852,,cigsaftergits,in,,0,1,0,https://x.com/smileafterkiss/status/1973702840683249852,1131466963891261440,smileafterkiss
1973685280210383260,2025-10-02 09:58:08+00:00,0,@yushinim lumayan kan sebelum ngonser minum kopi tuku sama beli haka dimsum dulu,1973688944450785616,,yushinim,in,,0,0,0,https://x.com/daiyushii/status/1973688944450785616,1696595857490186243,daiyushii
1973675902052819166,2025-10-02 09:06:18+00:00,0,tuku kopi susu tetangga no sugar enak jugaaa https://t.co/qHn8WTbmtt,1973675902052819166,https://pbs.twimg.com/media/G2PnxQmawAAiVZf.jpg,,in,,0,0,0,https://x.com/aliseuontwt/status/1973675902052819166,1690905216336707585,aliseuontwt
1973355166184382810,2025-10-02 08:35:17+00:00,1,@charmingosh kak next time cobain kopi Tuku heheh :D,1973668096000057585,,charmingosh,in,,0,1,0,https://x.com/gardadewangga/status/1973668096000057585,995137112600018945,gardadewangga
1973660845851947311,2025-10-02 08:06:29+00:00,0,oh wow! finally tuku buka di bali! tapi aku udah ga bisa minum kopi ajg!,1973660845851947311,,,in,,0,3,0,https://x.com/oznapppitz/status/1973660845851947311,1935725682509967360,oznapppitz
1973658657293476191,2025-10-02 07:57:47+00:00,0,Yaallah udh ngiler pengen bgt kopi tuku😭,1973658657293476191,,,in,,0,0,0,https://x.com/itsmebibuu/status/1973658657293476191,268575159,itsmebibuu
1973658644781867140,2025-10-02 07:57:44+00:00,0,Pengen kopi tuku huft,1973658644781867140,,,in,,0,0,0,https://x.com/jasminetea29/status/1973658644781867140,1098531236413202432,jasminetea29
1973650661112947053,2025-10-02 07:26:00+00:00,0,"sedih aku nyeduh kopi instead of coklat :(

minum kopi jam segini rada big no :( *kecuali tuku + cosan &lt;3",1973650661112947053,,,in,,0,0,0,https://x.com/snoopygenjreng/status/1973650661112947053,1895427544566116352,snoopygenjreng
1973597045752734065,2025-10-02 06:40:41+00:00,0,"@hildaikka_ Kalo org yg cuma niat nya ngopi kaya aku kak yg penting ngopi gtu.
Opsi ada pada antri &amp; promo: klo mau yg niat bgt ga mikirin harga yaa pilih tuku meski antri, tapi klo ga trlalu niat cuma untk tubuh ke isi kopi yaa ku memilih point (yg banyak variasi harga &amp; ya kdang diskon)",1973639256804569374,,hildaikka_,in,,0,1,0,https://x.com/Ny_leedonghae_/status/1973639256804569374,410691232,Ny_leedonghae_
1973626720084443150,2025-10-02 05:50:52+00:00,0,"Promo kopi favorit shopeefood deals

Kopi Calf
https://t.co/9JZ29zIs09

Kopi Tuku Promo
https://t.co/vkZDvhSw1K

Kopi Philosophy
https://t.co/Q7X7vX5fiP

Kopi Kenangan
https://t.co/W98Ul1yEow

Janji Jiwa
https://t.co/4Ruwz0dceq",1973626720084443150,,,in,,0,0,0,https://x.com/ike_tjn/status/1973626720084443150,513346093,ike_tjn
1973609619609231414,2025-10-02 04:42:55+00:00,0,bersetubuh hebat dengan kopi tuku less sugar,1973609619609231414,,,in,,0,0,0,https://x.com/beebadubih/status/1973609619609231414,1772119926633082880,beebadubih
1973597045752734065,2025-10-02 04:25:02+00:00,2,"@hildaikka_ Kopi Tuku ramai, jika ingin tidak antre. Orang akan memilih ke Point Coffee. Jika tujuannya untuk beli kopi.",1973605116809978150,,hildaikka_,in,,0,1,0,https://x.com/kokogiovanni/status/1973605116809978150,139982550,kokogiovanni
1973601218716115325,2025-10-02 04:09:32+00:00,0,Oleng banget karna kemarin minum kopi tuku hampir dua cup :),1973601218716115325,,,in,,0,0,0,https://x.com/hayyellows/status/1973601218716115325,1919752128287145984,hayyellows
1973597045752734065,2025-10-02 03:52:58+00:00,0,Nasib Point Coffee di MRT Dukuh Atas gimana yak semenjak Tuku buka di Sudirman? 😬 Ada Koi juga di situ.,1973597045752734065,,,in,,0,2,0,https://x.com/hildaikka_/status/1973597045752734065,1629272605,hildaikka_
1973570894594449627,2025-10-02 03:30:13+00:00,0,"@keponakannnn Belum sempet nyobain kopi tuku, penasarann😔",1973591320833958365,,keponakannnn,in,,0,1,0,https://x.com/MlMXXlXV_/status/1973591320833958365,1824674259861749760,MlMXXlXV_
1973589575546314884,2025-10-02 03:23:16+00:00,0,aku mw kopi tuku 😞,1973589575546314884,,,in,,0,0,0,https://x.com/lovestruckwon/status/1973589575546314884,1724390949709856769,lovestruckwon
1973573654970769806,2025-10-02 02:20:01+00:00,0,remaja berasam lambung ini nekat tuku kopi😋,1973573654970769806,,,in,,0,0,0,https://x.com/nakajena/status/1973573654970769806,1844244625214799873,nakajena
1973468989222428805,2025-10-02 02:13:54+00:00,4,"@gepiigepeng Padahal banyak chain coffee yang lebih enak kyk Tomoro, Kopken, Tuku dll

Di ketiga chain tsb Americano nya lebih enak awoakowkaoakaoa, ketimbang Sbucks udh lah masuk list bds rasa kopinya jg kagak enak, ditambah suka nawarin lu ganti2 ingredients biar makin mahal",1973572116621725924,,gepiigepeng,in,,0,1,0,https://x.com/Stackzgraphia/status/1973572116621725924,1779526840421662720,Stackzgraphia
1973542971267338397,2025-10-02 00:18:05+00:00,0,"Promo Shopeefood

Mie Gacoan
https://t.co/XXHDIMsIEG

HokBen 
https://t.co/NFAU6vU84O

Kopi Tuku
https://t.co/fs1mRGOw1y

Circle K
https://t.co/sv291JFCu6

Burger Bangor
https://t.co/pQRVrrudkh

Fore Coffee
https://t.co/OFuGYvs5EZ

Republic Kebab
https://t.co/RuYymvEasq https://t.co/SCBvPDU8k9",1973542971267338397,https://pbs.twimg.com/media/G2Nu3gjaIAU_a7Q.jpg,,in,,0,0,0,https://x.com/3esihma/status/1973542971267338397,1847151278776111104,3esihma
1973414643868619040,2025-10-01 21:45:30+00:00,1,"@ngalamfess customer ngertine mek kudu cepet. gak eroh ndek embong totoane yo nyowo. mek dibayar 8ewu. gawe tuku es kopi gerobakan wes buyar. lek onok umak2 netijen cerdas seng komen nyinyir, ngarambes wes sak karep e umiar. gak ngoros. iki uneg2ku.",1973504569734046081,,zvideosdotcom,in,,0,1,0,https://x.com/zvideosdotcom/status/1973504569734046081,1791892859618250752,zvideosdotcom
1973432910603755945,2025-10-01 17:00:45+00:00,0,ice coffe apalagi kopi tuku my love,1973432910603755945,,,in,,0,0,0,https://x.com/cuesource/status/1973432910603755945,888957673776873473,cuesource
1973178038067274028,2025-10-01 07:55:07+00:00,1,"@babyto332 Muantap...Tuku 👍
Kopi itemnya lbh yahud lagi",1973295599304028209,,babyto332,in,,0,1,0,https://x.com/Rupacita_my_id/status/1973295599304028209,1722548803193159681,Rupacita_my_id
1973290255756435626,2025-10-01 07:33:53+00:00,0,tuku gak mau ikutan ngasih promo international coffee day? 🥲,1973290255756435626,,,in,,0,1,0,https://x.com/ramikhai/status/1973290255756435626,58142849,ramikhai
1973289576165941357,2025-10-01 07:31:11+00:00,0,"Lah kok tumben, apakah toleransi kopi susu Tuku gua sudah habis?",1973289576165941357,,,in,,0,1,0,https://x.com/cilediii/status/1973289576165941357,160133143,cilediii
1973289162506973267,2025-10-01 07:29:32+00:00,14,"Kopi tuku di sby selain di SPBU Merr sama Gubeng, ada dimana lagi?",1973289162506973267,,,in,,0,5,0,https://x.com/RamSight_/status/1973289162506973267,1208766600309985282,RamSight_
1973268255893758263,2025-10-01 06:08:56+00:00,0,++ kopi tuku jg ding,1973268875652510009,,dnsarinande13,in,,0,0,0,https://x.com/dnsarinande13/status/1973268875652510009,2366239435,dnsarinande13
1973255649162358947,2025-10-01 05:16:22+00:00,0,Kenapa gak ada kopi tuku deket rumah yah,1973255649162358947,,,in,,0,1,0,https://x.com/pystarchio/status/1973255649162358947,1317915219058814978,pystarchio
1973231053600071739,2025-10-01 04:10:53+00:00,0,@LordOfDowntown Oh iya meet n greet (bisa pilih include kopi tuku atau fore),1973239169272119665,,,in,,0,0,0,https://x.com/Epixurus8/status/1973239169272119665,1313032481134710784,Epixurus8
1973235596304040378,2025-10-01 03:56:41+00:00,0,Tuku kopi tuku seliter https://t.co/Giqqnu55i6,1973235596304040378,https://pbs.twimg.com/media/G2JXUA8aIAAF_so.jpg,,in,,0,0,0,https://x.com/vidivicia/status/1973235596304040378,57930816,vidivicia
1973229119975649447,2025-10-01 03:30:57+00:00,0,tp menurut gw kopi yg enak dan pas aja semuanya itu kopjay... tuku too thick and kentel for me... kopjay sgt light tp masi berasa kopinya n murah n sidesnya enak enak love,1973229119975649447,,,in,,0,1,0,https://x.com/mesafication/status/1973229119975649447,3138495222,mesafication
1973216431698567287,2025-10-01 02:40:32+00:00,0,"Ana promo kopi, sing biasane 28k/cup dadi 50k/3cup.
Rumangsaku mending orausah tuku, bati ora ngetokna duit 50k.",1973216431698567287,,,in,,0,0,0,https://x.com/jeksijek/status/1973216431698567287,2606396532,jeksijek
1973195303873614042,2025-10-01 01:16:35+00:00,0,"bikin kopi niatnya mu kek tuku, eh pas udh kelamaan malah mirip makmur anjay",1973195303873614042,,,in,,0,0,0,https://x.com/taskrem/status/1973195303873614042,1245655373907779585,taskrem
1973185682039558437,2025-10-01 00:38:21+00:00,1,njir kopi tuku akhirnya nyampe bali LETS GOOOOOOOO,1973185682039558437,,,in,,0,3,0,https://x.com/nongmarckris/status/1973185682039558437,1457700485754875915,nongmarckris
